iter,steps,time_s,sps,mean_rew,ev,ew,fall_rate,v_max,kl,lr,std
1,6144,3.2,1923,0.1353,0.464,0.411,0.0,4.0,0.0061,0.001,0.3
2,12288,6.5,1899,0.1159,0.812,0.491,1.0,4.0,0.0091,0.001,0.3
3,18432,9.9,1867,0.1043,0.87,0.542,1.0,4.0,0.0103,0.001,0.3
4,24576,12.9,1913,0.1027,0.673,0.608,1.0,4.0,0.0082,0.001,0.301
5,30720,15.9,1937,0.1,0.712,0.685,1.0,4.0,0.0065,0.001,0.302
6,36864,18.6,1977,0.1009,0.685,0.665,1.0,4.0,0.0091,0.001,0.302
7,43008,21.4,2009,0.0926,0.808,0.744,1.0,4.0,0.0081,0.001,0.302
8,49152,24.6,2000,0.0825,0.902,0.712,0.0,4.0,0.0066,0.001,0.302
9,55296,27.5,2007,0.123,0.56,0.452,0.0,4.0,0.0042,0.001,0.302
10,61440,30.6,2005,0.1092,0.73,0.538,0.5,4.0,0.0067,0.001,0.301
11,67584,33.6,2012,0.1033,0.767,0.543,0.0,4.0,0.0051,0.001,0.3
12,73728,36.6,2013,0.1077,0.628,0.597,0.333,4.0,0.01,0.001,0.3
13,79872,40.1,1992,0.1034,0.779,0.578,0.333,4.0,0.0079,0.001,0.3
14,86016,43.2,1992,0.105,0.716,0.626,1.0,4.0,0.0105,0.001,0.301
15,92160,46.0,2002,0.0987,0.814,0.632,0.0,4.0,0.0068,0.001,0.3
16,98304,49.0,2007,0.0882,0.836,0.689,0.0,4.0,0.009,0.001,0.301
17,104448,51.9,2011,0.1223,0.586,0.524,0.0,4.0,0.007,0.001,0.302
18,110592,54.9,2015,0.0922,0.76,0.764,0.0,4.0,0.0064,0.001,0.302
19,116736,58.2,2007,0.0967,0.82,0.665,0.0,4.0,0.0081,0.001,0.301
20,122880,61.3,2005,0.0896,0.866,0.645,0.6,4.0,0.0082,0.001,0.301
21,129024,64.3,2008,0.0968,0.756,0.701,0.5,4.0,0.0067,0.001,0.301
22,135168,67.2,2012,0.092,0.761,0.689,0.25,4.0,0.0055,0.001,0.3
23,141312,70.4,2006,0.095,0.898,0.557,1.0,4.0,0.0073,0.001,0.3
24,147456,73.5,2005,0.1046,0.678,0.603,0.107,4.0,0.0079,0.001,0.3
25,153600,76.6,2005,0.1159,0.66,0.498,0.0,4.0,0.0067,0.001,0.3
26,159744,79.6,2007,0.1,0.744,0.685,0.0,4.0,0.0088,0.001,0.299
27,165888,82.7,2006,0.0909,0.965,0.609,0.0,4.0,0.011,0.001,0.298
28,172032,85.8,2005,0.092,0.925,0.65,0.167,4.0,0.0065,0.001,0.298
29,178176,89.0,2003,0.0877,0.892,0.683,0.5,4.0,0.0054,0.001,0.298
30,184320,92.0,2004,0.1063,0.613,0.66,0.25,4.0,0.0079,0.001,0.298
31,190464,95.2,2001,0.0963,0.928,0.696,0.6,4.0,0.0057,0.001,0.297
32,196608,98.7,1991,0.1051,0.817,0.527,0.0,4.0,0.0095,0.001,0.297
33,202752,101.8,1991,0.1155,0.744,0.503,0.5,4.0,0.011,0.001,0.296
34,208896,105.0,1989,0.1125,0.683,0.574,1.0,4.0,0.0082,0.001,0.296
35,215040,108.2,1987,0.1104,0.642,0.647,0.0,4.0,0.0124,0.001,0.295
36,221184,111.4,1985,0.108,0.683,0.592,0.0,4.0,0.0092,0.001,0.294
37,227328,114.6,1985,0.1187,0.673,0.519,0.0,4.0,0.007,0.001,0.294
38,233472,117.9,1980,0.1028,0.741,0.667,0.25,4.0,0.0093,0.001,0.293
39,239616,121.1,1979,0.112,0.686,0.544,0.167,4.0,0.0088,0.001,0.293
40,245760,124.2,1979,0.1186,0.718,0.37,0.0,4.0,0.0065,0.001,0.293
41,251904,127.4,1977,0.1057,0.931,0.477,0.0,4.0,0.0083,0.001,0.293
42,258048,130.8,1972,0.1058,0.719,0.583,0.75,4.0,0.0116,0.001,0.292
43,264192,134.0,1972,0.0914,0.879,0.671,0.429,4.0,0.0085,0.001,0.293
44,270336,137.1,1972,0.0998,0.69,0.65,0.167,4.0,0.0092,0.001,0.292
45,276480,140.2,1972,0.1044,0.764,0.569,0.2,4.0,0.0094,0.001,0.291
46,282624,143.3,1972,0.1037,0.687,0.629,0.0,4.0,0.0097,0.001,0.291
47,288768,146.5,1971,0.1007,0.784,0.587,0.0,4.0,0.0101,0.001,0.292
48,294912,149.6,1972,0.1151,0.751,0.441,1.0,4.0,0.0087,0.001,0.292
49,301056,152.9,1969,0.108,0.781,0.587,0.333,4.0,0.0112,0.001,0.291
50,307200,156.1,1968,0.1165,0.634,0.528,0.0,4.0,0.01,0.001,0.291
51,313344,159.4,1966,0.1129,0.729,0.551,0.0,4.0,0.0115,0.001,0.291
52,319488,162.6,1965,0.1106,0.688,0.511,0.25,4.0,0.0112,0.001,0.291
53,325632,165.9,1963,0.11,0.722,0.613,0.25,4.0,0.0099,0.001,0.291
54,331776,169.1,1962,0.1086,0.715,0.596,0.5,4.0,0.0165,0.001,0.291
55,337920,172.4,1960,0.0982,0.786,0.628,0.042,4.0,0.0201,0.000667,0.291
56,344064,175.5,1961,0.1059,0.824,0.569,0.667,4.0,0.0104,0.001,0.29
57,350208,178.4,1963,0.0829,1.026,0.774,0.4,4.0,0.011,0.001,0.29
58,356352,181.4,1965,0.0895,0.959,0.658,0.667,4.0,0.0091,0.001,0.289
59,362496,184.3,1967,0.0929,0.777,0.594,0.333,4.0,0.0085,0.001,0.289
60,368640,187.3,1968,0.1044,0.705,0.609,0.222,4.0,0.0091,0.001,0.288
61,374784,190.7,1965,0.0994,0.684,0.656,0.5,4.0,0.0105,0.001,0.287
62,380928,193.9,1964,0.1046,0.743,0.593,0.333,4.0,0.0134,0.001,0.287
63,387072,196.9,1966,0.1082,0.658,0.594,0.105,4.0,0.013,0.001,0.287
64,393216,200.1,1965,0.1189,0.714,0.471,0.0,4.0,0.0133,0.001,0.287
65,399360,203.2,1966,0.1051,0.658,0.681,0.2,4.0,0.0135,0.001,0.287
66,405504,206.1,1967,0.0821,1.024,0.786,0.0,4.0,0.0136,0.001,0.287
67,411648,209.1,1968,0.1054,0.664,0.614,0.2,4.0,0.0127,0.001,0.287
68,417792,212.0,1971,0.1067,0.765,0.547,0.0,4.0,0.0085,0.001,0.287
69,423936,215.0,1972,0.0959,0.847,0.647,0.25,4.0,0.0161,0.001,0.288
70,430080,218.1,1972,0.0972,0.844,0.679,0.0,4.0,0.0132,0.001,0.288
71,436224,221.3,1971,0.0936,0.809,0.665,0.0,4.0,0.0109,0.001,0.289
72,442368,224.7,1968,0.1131,0.646,0.539,0.0,4.0,0.0112,0.001,0.289
73,448512,228.1,1967,0.1006,0.774,0.605,0.167,4.0,0.0109,0.001,0.289
74,454656,231.2,1966,0.1069,0.666,0.574,0.143,4.0,0.0126,0.001,0.288
75,460800,234.4,1966,0.0975,0.787,0.646,0.2,4.0,0.0133,0.001,0.287
76,466944,237.5,1966,0.1057,0.701,0.621,0.0,4.0,0.015,0.001,0.286
77,473088,240.5,1967,0.1084,0.654,0.547,0.5,4.0,0.0158,0.001,0.286
78,479232,243.7,1966,0.1046,0.684,0.631,0.2,4.0,0.0196,0.001,0.287
79,485376,247.0,1965,0.0975,0.727,0.624,0.0,4.0,0.0115,0.001,0.288
80,491520,250.3,1963,0.0987,0.783,0.684,0.75,4.0,0.0167,0.001,0.287
81,497664,253.6,1962,0.1072,0.657,0.608,0.0,4.0,0.0114,0.001,0.288
82,503808,256.7,1963,0.1079,0.708,0.501,0.0,4.0,0.0116,0.001,0.29
83,509952,259.8,1963,0.1228,0.572,0.462,0.143,4.0,0.0174,0.001,0.29
84,516096,262.8,1964,0.115,0.649,0.476,0.167,4.0,0.0163,0.001,0.29
85,522240,265.8,1965,0.1021,0.82,0.539,0.333,4.0,0.0103,0.001,0.29
86,528384,269.0,1964,0.1056,0.698,0.558,0.067,4.0,0.0114,0.001,0.29
87,534528,272.1,1965,0.1016,0.723,0.591,0.0,4.0,0.0147,0.001,0.289
88,540672,275.2,1964,0.0929,0.827,0.669,0.143,4.0,0.0114,0.001,0.289
89,546816,278.4,1964,0.0992,0.7,0.651,0.167,4.0,0.0187,0.001,0.289
90,552960,281.6,1964,0.104,0.831,0.551,0.2,4.0,0.0185,0.001,0.29
91,559104,284.8,1963,0.0984,0.839,0.597,0.167,4.0,0.0125,0.001,0.291
92,565248,288.2,1961,0.1089,0.736,0.515,0.143,4.0,0.0099,0.001,0.291
93,571392,291.2,1962,0.0898,0.902,0.642,0.0,4.0,0.0118,0.001,0.292
94,577536,294.3,1963,0.1012,0.893,0.523,0.25,4.0,0.0201,0.000667,0.291
95,583680,297.3,1963,0.1047,0.82,0.515,0.75,4.0,0.0128,0.000667,0.291
96,589824,300.4,1964,0.1026,0.769,0.518,0.125,4.0,0.013,0.000667,0.291
97,595968,303.2,1965,0.1087,0.685,0.528,0.2,4.0,0.0214,0.000667,0.29
98,602112,306.3,1966,0.1135,0.689,0.522,0.143,4.0,0.0129,0.000667,0.29
99,608256,309.4,1966,0.1,0.881,0.575,0.0,4.0,0.0122,0.001,0.29
100,614400,312.5,1966,0.1016,0.848,0.553,0.333,4.0,0.0139,0.001,0.291
101,620544,315.5,1967,0.1085,0.778,0.551,0.25,4.0,0.0196,0.001,0.291
102,626688,318.4,1968,0.1051,0.767,0.596,0.091,4.0,0.0213,0.000667,0.292
103,632832,321.5,1968,0.1044,0.81,0.568,0.25,4.0,0.0151,0.001,0.293
104,638976,324.4,1970,0.1186,0.641,0.42,0.0,4.0,0.0196,0.001,0.294
105,645120,327.4,1971,0.1194,0.678,0.469,0.0,4.0,0.0229,0.000198,0.294
106,651264,330.7,1970,0.1039,0.735,0.569,0.167,4.0,0.0084,0.000444,0.294
107,657408,333.7,1970,0.0933,0.907,0.692,0.0,4.0,0.0101,0.000667,0.294
108,663552,336.7,1971,0.1015,0.793,0.544,0.167,4.0,0.0148,0.000667,0.295
109,669696,339.7,1971,0.1168,0.695,0.438,0.222,4.0,0.0166,0.000667,0.296
110,675840,342.7,1972,0.1151,0.578,0.58,0.0,4.0,0.0183,0.000667,0.296
111,681984,345.6,1973,0.1126,0.703,0.509,0.0,4.0,0.0203,0.000667,0.297
112,688128,348.5,1975,0.1074,0.668,0.526,0.0,4.0,0.0157,0.001,0.297
113,694272,351.3,1976,0.1048,0.807,0.518,0.0,4.0,0.0172,0.001,0.297
114,700416,354.2,1977,0.1204,0.622,0.432,0.0,4.0,0.0136,0.001,0.298
115,706560,357.1,1979,0.0911,0.955,0.647,0.0,4.0,0.0181,0.001,0.299
116,712704,360.1,1979,0.1085,0.65,0.562,0.0,4.0,0.0271,0.000444,0.3
117,718848,363.2,1979,0.1031,0.903,0.54,0.091,4.0,0.0139,0.000667,0.301
118,724992,366.3,1979,0.0973,0.917,0.603,0.1,4.0,0.0178,0.001,0.303
119,731136,369.9,1977,0.0982,0.883,0.56,0.375,4.0,0.0192,0.001,0.304
120,737280,373.2,1976,0.1066,0.832,0.514,0.0,4.0,0.0142,0.001,0.306
121,743424,376.7,1974,0.0933,1.009,0.557,0.5,4.0,0.0099,0.001,0.307
122,749568,380.0,1973,0.1065,0.655,0.528,0.143,4.0,0.0136,0.001,0.307
123,755712,383.3,1972,0.0905,1.089,0.561,0.0,4.0,0.0158,0.001,0.307
124,761856,386.3,1972,0.0919,0.993,0.577,0.0,4.0,0.0127,0.001,0.308
125,768000,389.3,1973,0.0969,0.848,0.54,0.067,4.0,0.019,0.001,0.308
126,774144,392.3,1973,0.1007,0.647,0.672,0.167,4.0,0.0301,0.000132,0.308
127,780288,395.2,1974,0.087,0.887,0.697,0.0,4.0,0.0098,0.000296,0.308
128,786432,398.5,1974,0.099,0.803,0.673,0.333,4.0,0.0123,0.000444,0.308
129,792576,401.6,1974,0.0934,0.879,0.687,0.444,4.0,0.0195,0.000667,0.31
130,798720,404.5,1975,0.1079,0.703,0.581,0.0,4.0,0.0173,0.000667,0.311
131,804864,407.5,1975,0.102,0.791,0.551,0.25,4.0,0.0172,0.000667,0.31
132,811008,410.7,1975,0.1005,0.731,0.633,0.25,4.0,0.0164,0.001,0.308
133,817152,413.6,1976,0.1092,0.766,0.505,0.0,4.0,0.0179,0.001,0.308
134,823296,416.6,1976,0.1168,0.645,0.427,0.167,4.0,0.0194,0.001,0.308
135,829440,419.9,1975,0.1147,0.777,0.415,0.0,4.0,0.0198,0.001,0.309
136,835584,422.8,1976,0.1082,0.755,0.465,0.0,4.0,0.0128,0.001,0.312
137,841728,425.9,1977,0.1173,0.564,0.466,0.222,4.0,0.0195,0.001,0.313
138,847872,429.3,1975,0.1037,0.772,0.548,0.333,4.0,0.0199,0.001,0.313
139,854016,432.5,1974,0.0962,0.952,0.604,0.25,4.0,0.0127,0.001,0.312
140,860160,435.6,1974,0.0974,0.96,0.511,0.111,4.0,0.0124,0.001,0.311
141,866304,438.7,1975,0.0944,0.959,0.538,0.0,4.0,0.0195,0.001,0.311
142,872448,441.7,1975,0.1139,0.87,0.409,0.2,4.0,0.0161,0.001,0.31
143,878592,444.9,1975,0.104,0.841,0.504,0.0,4.0,0.0193,0.001,0.311
144,884736,448.0,1975,0.1213,0.552,0.464,0.4,4.0,0.0175,0.001,0.311
145,890880,451.1,1975,0.1078,0.702,0.554,0.0,4.0,0.0152,0.001,0.312
146,897024,454.1,1975,0.1066,0.791,0.476,0.0,4.0,0.0152,0.001,0.312
147,903168,457.1,1976,0.111,0.724,0.549,0.2,4.0,0.0177,0.001,0.311
148,909312,460.3,1975,0.1051,0.772,0.559,0.0,4.0,0.0176,0.001,0.312
149,915456,463.5,1975,0.1113,0.81,0.486,0.091,4.0,0.0182,0.001,0.313
150,921600,466.5,1976,0.1098,0.834,0.462,0.2,4.0,0.0172,0.000667,0.314
151,927744,469.6,1976,0.1006,0.968,0.475,0.4,4.0,0.0138,0.001,0.314
152,933888,472.6,1976,0.1101,0.8,0.476,0.286,4.0,0.0175,0.001,0.315
153,940032,475.6,1976,0.1093,0.74,0.478,0.167,4.0,0.0178,0.001,0.313
154,946176,478.9,1976,0.1123,0.713,0.486,0.667,4.0,0.0184,0.001,0.314
155,952320,481.9,1976,0.0973,0.834,0.627,0.111,4.0,0.0177,0.001,0.315
156,958464,485.0,1976,0.1028,0.702,0.604,0.167,4.0,0.0177,0.001,0.316
157,964608,488.2,1976,0.0986,0.691,0.65,0.0,4.0,0.018,0.001,0.316
158,970752,491.4,1976,0.1019,0.86,0.495,0.143,4.0,0.0217,0.000444,0.316
159,976896,494.5,1976,0.1012,0.791,0.568,0.0,4.0,0.012,0.000667,0.316
160,983040,497.6,1975,0.1101,0.745,0.521,0.2,4.0,0.0186,0.001,0.316
161,989184,500.7,1976,0.1148,0.616,0.569,0.125,4.0,0.0198,0.001,0.316
162,995328,503.6,1976,0.1147,0.77,0.42,0.25,4.0,0.015,0.001,0.319
163,1001472,506.6,1977,0.1107,0.721,0.483,0.125,4.0,0.0168,0.001,0.321
164,1007616,509.5,1978,0.0984,0.89,0.522,0.167,4.0,0.0192,0.001,0.322
165,1013760,512.5,1978,0.1123,0.677,0.465,0.0,4.0,0.0188,0.001,0.323
166,1019904,515.5,1978,0.0895,0.905,0.625,0.2,4.0,0.015,0.001,0.323
167,1026048,518.8,1978,0.0952,0.902,0.558,0.4,4.0,0.0205,0.000444,0.323
168,1032192,521.8,1978,0.1057,0.797,0.549,0.273,4.0,0.0122,0.000667,0.322
169,1038336,524.7,1979,0.1178,0.745,0.413,0.0,4.0,0.0187,0.000667,0.322
170,1044480,527.8,1979,0.1223,0.735,0.36,0.2,4.0,0.0243,0.000444,0.323
171,1050624,530.9,1979,0.1138,0.827,0.382,0.0,4.0,0.0118,0.001,0.322
172,1056768,534.0,1979,0.108,0.766,0.461,0.091,4.0,0.0112,0.001,0.322
173,1062912,536.9,1980,0.11,0.844,0.444,0.0,4.0,0.0154,0.001,0.322
174,1069056,539.7,1981,0.1042,0.8,0.535,0.0,4.0,0.0236,0.000667,0.322
175,1075200,542.9,1981,0.1009,0.82,0.527,0.222,4.0,0.0151,0.001,0.322
176,1081344,546.1,1980,0.1084,0.674,0.524,0.0,4.0,0.0233,0.000444,0.322
177,1087488,549.6,1979,0.1195,0.673,0.39,0.0,4.0,0.0103,0.000667,0.323
178,1093632,552.8,1978,0.1173,0.638,0.432,0.2,4.0,0.0139,0.000667,0.322
179,1099776,555.8,1979,0.1023,0.802,0.539,0.143,4.0,0.0229,0.000444,0.324
180,1105920,559.1,1978,0.1085,0.822,0.496,0.0,4.0,0.0092,0.000667,0.324
181,1112064,562.3,1978,0.1093,0.817,0.489,0.0,4.0,0.0121,0.000667,0.325
182,1118208,565.4,1978,0.0992,0.83,0.536,0.0,4.0,0.0205,0.000667,0.326
183,1124352,568.4,1978,0.1026,0.818,0.525,0.0,4.0,0.0136,0.001,0.327
184,1130496,571.3,1979,0.1077,0.596,0.541,0.111,4.0,0.0308,0.000296,0.328
185,1136640,574.3,1979,0.1026,0.741,0.523,0.333,4.0,0.0113,0.000444,0.328
186,1142784,577.4,1979,0.113,0.642,0.463,0.4,4.0,0.0198,0.000667,0.329
187,1148928,580.7,1979,0.1108,0.668,0.447,0.0,4.0,0.0168,0.000667,0.328
188,1155072,583.9,1978,0.1199,0.751,0.446,0.0,4.0,0.0167,0.000667,0.329
189,1161216,587.0,1978,0.1094,0.685,0.551,0.0,4.0,0.0164,0.000667,0.33
190,1167360,590.1,1978,0.0971,0.825,0.639,0.0,4.0,0.0165,0.000667,0.331
191,1173504,593.1,1978,0.1049,0.671,0.559,0.091,4.0,0.0226,0.000444,0.331
192,1179648,596.0,1979,0.1037,0.755,0.501,0.0,4.0,0.0116,0.000667,0.332
193,1185792,598.8,1980,0.1039,0.8,0.475,0.0,4.0,0.0183,0.000444,0.333
194,1191936,601.7,1981,0.0987,0.905,0.537,0.167,4.0,0.0121,0.000444,0.333
195,1198080,604.5,1982,0.0962,0.867,0.517,0.0,4.0,0.0145,0.000667,0.332
196,1204224,607.5,1982,0.1025,0.822,0.504,0.0,4.0,0.0213,0.000667,0.333
197,1210368,610.6,1982,0.106,0.762,0.554,0.0,4.0,0.017,0.000667,0.334
198,1216512,613.4,1983,0.0872,1.09,0.641,0.333,4.0,0.0152,0.000667,0.335
199,1222656,616.6,1983,0.0969,0.947,0.522,0.0,4.0,0.0176,0.001,0.337
200,1228800,620.3,1981,0.1081,0.815,0.436,0.0,4.0,0.0259,0.000198,0.339
201,1234944,623.9,1980,0.1137,0.801,0.456,0.0,4.0,0.0105,0.000296,0.339
202,1241088,627.4,1978,0.0997,0.794,0.53,0.0,4.0,0.0088,0.000444,0.339
203,1247232,630.9,1977,0.1061,0.757,0.485,0.0,4.0,0.0161,0.000667,0.339
204,1253376,634.2,1976,0.1095,0.593,0.571,0.0,4.0,0.017,0.000667,0.34
205,1259520,637.0,1977,0.1058,0.687,0.575,0.0,4.0,0.0246,0.000444,0.34
206,1265664,640.1,1977,0.1014,0.611,0.599,0.333,4.0,0.0139,0.000444,0.341
207,1271808,643.1,1978,0.1176,0.488,0.512,0.0,4.0,0.0187,0.000667,0.341
208,1277952,646.2,1978,0.1145,0.678,0.519,0.5,4.0,0.014,0.000667,0.339
209,1284096,649.6,1977,0.1067,0.804,0.47,0.0,4.0,0.0151,0.000667,0.339
210,1290240,653.0,1976,0.0919,1.081,0.474,0.111,4.0,0.0167,0.000296,0.339
211,1296384,656.0,1976,0.1047,0.848,0.466,0.0,4.0,0.0101,0.000667,0.339
212,1302528,659.0,1977,0.1035,0.857,0.468,0.167,4.0,0.0206,0.000667,0.34
213,1308672,662.2,1976,0.0989,0.904,0.504,0.25,4.0,0.0164,0.000667,0.342
214,1314816,665.0,1977,0.1091,0.73,0.511,0.25,4.0,0.0216,0.000444,0.342
215,1320960,667.9,1978,0.0999,0.874,0.573,0.111,4.0,0.0149,0.000667,0.344
216,1327104,671.0,1978,0.1005,0.864,0.525,0.0,4.0,0.0188,0.000667,0.347
217,1333248,673.9,1978,0.1027,0.815,0.509,0.0,4.0,0.0148,0.000667,0.349
218,1339392,676.9,1979,0.1023,0.78,0.556,0.0,4.0,0.0163,0.000667,0.349
219,1345536,679.9,1979,0.1079,0.711,0.508,0.0,4.0,0.019,0.000667,0.349
220,1351680,682.7,1980,0.1249,0.511,0.389,0.125,4.0,0.0284,0.000444,0.351
221,1357824,685.6,1980,0.1178,0.666,0.443,0.0,4.0,0.0187,0.000444,0.351
222,1363968,688.6,1981,0.1003,0.727,0.559,0.111,4.0,0.0173,0.000667,0.352
223,1370112,691.7,1981,0.0984,0.966,0.558,0.0,4.0,0.0165,0.001,0.353
1,1357824,631.7,2149,0.1325,0.482,0.38,0.0,4.0,0.009,0.0003,0.35
2,1363968,634.5,2150,0.1184,0.811,0.408,0.0,4.0,0.0094,0.000675,0.35
3,1370112,637.4,2150,0.1045,0.906,0.465,0.0,4.0,0.0208,0.000444,0.35
4,1376256,640.4,2149,0.1032,0.69,0.526,0.0,4.0,0.0181,0.000667,0.35
5,1382400,643.4,2149,0.1022,0.694,0.601,0.0,4.0,0.0151,0.000667,0.351
6,1388544,646.3,2149,0.1034,0.656,0.532,1.0,4.0,0.0126,0.001,0.351
7,1394688,649.0,2149,0.1014,0.818,0.57,0.0,4.0,0.0236,0.000444,0.351
8,1400832,651.8,2149,0.0931,0.909,0.557,0.022,4.0,0.0134,0.000667,0.353
9,1406976,654.5,2150,0.132,0.541,0.326,0.0,4.0,0.0229,0.000198,0.354
10,1413120,657.4,2150,0.1109,0.818,0.418,0.0,4.0,0.0114,0.000444,0.353
11,1419264,660.5,2149,0.1036,0.862,0.474,0.0,4.0,0.0095,0.000667,0.353
12,1425408,663.4,2149,0.1079,0.739,0.495,0.0,4.0,0.0156,0.001,0.354
13,1431552,666.2,2149,0.0979,0.798,0.564,0.5,4.0,0.0102,0.001,0.354
14,1437696,669.4,2148,0.1081,0.692,0.546,0.5,4.0,0.018,0.001,0.355
15,1443840,672.7,2146,0.106,0.784,0.536,0.0,4.0,0.0212,0.000667,0.357
16,1449984,675.6,2146,0.0858,0.946,0.587,0.023,4.0,0.0192,0.001,0.36
17,1456128,678.5,2146,0.1285,0.481,0.424,0.0,4.0,0.021,0.000296,0.359
18,1462272,681.5,2146,0.1046,0.731,0.596,0.0,4.0,0.013,0.000444,0.359
19,1468416,684.5,2145,0.0956,0.936,0.541,0.0,4.0,0.0089,0.000667,0.359
20,1474560,687.4,2145,0.0984,0.927,0.474,0.0,4.0,0.0207,0.000667,0.359
21,1480704,690.3,2145,0.099,0.857,0.532,0.0,4.0,0.0148,0.000667,0.36
22,1486848,693.3,2145,0.1054,0.692,0.521,0.333,4.0,0.0199,0.001,0.361
23,1492992,696.1,2145,0.1123,0.731,0.421,0.5,4.0,0.0174,0.001,0.361
24,1499136,698.9,2145,0.101,0.792,0.526,0.0,4.0,0.0186,0.001,0.363
25,1505280,702.4,2143,0.13,0.469,0.447,0.0,4.0,0.0237,0.000444,0.363
26,1511424,705.6,2142,0.1001,0.849,0.561,1.0,4.0,0.0165,0.000667,0.364
27,1517568,708.8,2141,0.1032,0.758,0.525,0.0,4.0,0.0143,0.001,0.364
28,1523712,711.9,2140,0.1123,0.771,0.407,0.0,4.0,0.0163,0.001,0.367
29,1529856,714.6,2141,0.1087,0.62,0.531,0.0,4.0,0.0169,0.001,0.369
30,1536000,717.5,2141,0.1069,0.63,0.556,0.0,4.0,0.0256,0.000296,0.369
31,1542144,720.6,2140,0.1054,0.694,0.592,0.0,4.0,0.0133,0.000444,0.369
32,1548288,723.8,2139,0.1097,0.81,0.429,0.0,4.0,0.0156,0.000667,0.369
33,1554432,726.7,2139,0.12,0.65,0.458,0.0,4.0,0.0221,0.000667,0.369
34,1560576,729.9,2138,0.1112,0.779,0.432,0.0,4.0,0.0137,0.001,0.369
35,1566720,733.2,2137,0.1144,0.718,0.467,0.0,4.0,0.0164,0.001,0.369
36,1572864,736.4,2136,0.1049,0.841,0.487,1.0,4.0,0.0231,0.000198,0.369
37,1579008,739.5,2135,0.1111,0.791,0.42,0.0,4.0,0.0106,0.000667,0.369
38,1585152,742.5,2135,0.1151,0.675,0.445,0.0,4.0,0.0185,0.001,0.369
39,1591296,745.6,2134,0.1016,0.838,0.521,0.0,4.0,0.021,0.000667,0.368
40,1597440,748.6,2134,0.1246,0.595,0.359,0.026,4.0,0.0162,0.001,0.368
41,1603584,751.8,2133,0.1266,0.699,0.335,0.0,4.0,0.0204,0.000296,0.367
42,1609728,754.9,2132,0.1134,0.822,0.377,0.0,4.0,0.011,0.000667,0.367
43,1615872,758.0,2132,0.1063,0.94,0.382,1.0,4.0,0.0177,0.001,0.367
44,1622016,761.4,2130,0.1051,0.917,0.414,0.5,4.0,0.0171,0.001,0.368
45,1628160,764.5,2130,0.1175,0.682,0.399,0.0,4.0,0.0196,0.000296,0.369
46,1634304,767.8,2129,0.1113,0.733,0.449,0.0,4.0,0.0131,0.000444,0.369
47,1640448,771.2,2127,0.1126,0.752,0.458,0.025,4.0,0.0143,0.000667,0.369
48,1646592,774.3,2127,0.1337,0.627,0.265,0.0,4.0,0.0158,0.000667,0.368
49,1652736,777.4,2126,0.1088,1.055,0.335,0.0,4.0,0.0099,0.001,0.369
50,1658880,780.5,2125,0.1119,0.908,0.381,0.0,4.0,0.0163,0.001,0.369
51,1665024,783.8,2124,0.1148,0.681,0.428,0.0,4.0,0.0173,0.001,0.369
52,1671168,786.8,2124,0.1064,0.843,0.424,0.333,4.0,0.0212,0.000296,0.369
53,1677312,790.0,2123,0.1087,0.777,0.451,0.333,4.0,0.0114,0.000444,0.37
54,1683456,793.6,2121,0.1187,0.661,0.434,0.5,4.0,0.0253,0.000296,0.37
55,1689600,796.8,2121,0.0986,0.932,0.477,0.0,4.0,0.011,0.000444,0.369
56,1695744,800.0,2120,0.1214,0.678,0.409,0.0,4.0,0.0149,0.000667,0.368
57,1701888,803.1,2119,0.0923,0.819,0.583,0.5,4.0,0.014,0.000667,0.368
58,1708032,806.3,2118,0.0977,0.85,0.54,0.0,4.0,0.0206,0.000667,0.368
59,1714176,809.4,2118,0.1007,0.766,0.523,0.667,4.0,0.0132,0.000667,0.369
60,1720320,812.7,2117,0.1092,0.723,0.456,0.5,4.0,0.0261,0.000444,0.368
61,1726464,816.0,2116,0.1127,0.761,0.423,0.0,4.0,0.015,0.000667,0.369
62,1732608,819.4,2115,0.1101,0.807,0.474,0.333,4.0,0.0201,0.000667,0.37
63,1738752,822.6,2114,0.1035,0.894,0.437,0.0,4.0,0.0171,0.000667,0.37
64,1744896,825.7,2113,0.1355,0.536,0.302,0.0,4.0,0.0202,0.000296,0.371
65,1751040,828.7,2113,0.1252,0.635,0.371,0.0,4.0,0.0125,0.000667,0.37
66,1757184,832.0,2112,0.1186,0.737,0.436,0.0,4.0,0.0166,0.000667,0.37
67,1763328,835.2,2111,0.1073,0.796,0.489,0.0,4.0,0.0135,0.001,0.37
68,1769472,838.6,2110,0.1071,0.751,0.558,0.4,4.0,0.0214,0.000667,0.372
69,1775616,841.7,2109,0.1175,0.623,0.461,0.333,4.0,0.0201,0.000444,0.372
70,1781760,844.8,2109,0.1049,0.941,0.448,0.0,4.0,0.0141,0.001,0.373
71,1787904,847.8,2109,0.1164,0.637,0.377,0.034,4.0,0.0259,0.000296,0.374
72,1794048,851.1,2108,0.122,0.774,0.351,0.0,4.0,0.0128,0.000667,0.375
73,1800192,854.7,2106,0.1206,0.682,0.381,0.5,4.0,0.0232,0.000667,0.376
74,1806336,857.8,2106,0.1085,0.819,0.44,0.0,4.0,0.022,0.000667,0.379
75,1812480,860.7,2106,0.1062,0.782,0.507,0.167,4.0,0.022,0.000667,0.38
76,1818624,863.8,2105,0.1004,0.928,0.52,0.167,4.0,0.0244,0.000296,0.381
77,1824768,866.9,2105,0.1121,0.632,0.515,0.0,4.0,0.0085,0.000667,0.382
78,1830912,869.9,2105,0.1145,0.701,0.454,0.5,4.0,0.0216,0.000444,0.384
79,1837056,873.0,2104,0.1123,0.638,0.469,0.037,4.0,0.0192,0.000667,0.384
80,1843200,876.3,2103,0.1126,0.832,0.423,0.5,4.0,0.0135,0.000667,0.384
81,1849344,879.7,2102,0.1045,0.917,0.451,0.0,4.0,0.0182,0.000667,0.385
82,1855488,883.1,2101,0.1194,0.689,0.378,0.0,4.0,0.0227,0.000444,0.384
83,1861632,886.2,2101,0.115,0.709,0.405,0.0,4.0,0.0154,0.000667,0.384
84,1867776,889.3,2100,0.1277,0.626,0.328,0.0,4.0,0.0186,0.001,0.383
85,1873920,892.5,2100,0.1085,0.872,0.366,0.0,4.0,0.0231,0.000198,0.383
86,1880064,895.6,2099,0.0996,0.99,0.474,0.034,4.0,0.0111,0.000444,0.384
87,1886208,898.6,2099,0.1066,0.84,0.47,0.0,4.0,0.0158,0.000667,0.384
88,1892352,901.7,2099,0.0965,0.973,0.491,0.333,4.0,0.0151,0.001,0.386
89,1898496,904.8,2098,0.1092,0.702,0.466,0.0,4.0,0.0262,0.000296,0.386
90,1904640,907.6,2099,0.1092,0.695,0.443,0.167,4.0,0.0138,0.000667,0.386
91,1910784,910.7,2098,0.12,0.689,0.401,0.167,4.0,0.0203,0.000667,0.386
92,1916928,914.1,2097,0.0991,0.975,0.47,0.286,4.0,0.0183,0.001,0.386
93,1923072,917.1,2097,0.1076,0.801,0.435,0.0,4.0,0.0221,0.000296,0.385
94,1929216,920.1,2097,0.0975,0.853,0.536,0.04,4.0,0.0111,0.000444,0.386
95,1935360,923.2,2096,0.1163,0.805,0.363,0.0,4.0,0.0146,0.000667,0.387
96,1941504,926.2,2096,0.1116,0.896,0.373,0.0,4.0,0.0198,0.001,0.389
97,1947648,929.1,2096,0.0992,1.067,0.437,0.5,4.0,0.0129,0.001,0.39
98,1953792,932.3,2096,0.1096,0.954,0.36,0.143,4.0,0.0244,0.000296,0.39
99,1959936,935.5,2095,0.115,0.799,0.391,0.0,4.0,0.0125,0.000444,0.39
100,1966080,938.7,2094,0.114,0.713,0.428,0.125,4.0,0.0159,0.000667,0.389
101,1972224,941.8,2094,0.1112,0.718,0.49,0.333,4.0,0.0239,0.000444,0.39
102,1978368,945.0,2093,0.1113,0.71,0.441,0.045,4.0,0.0169,0.000667,0.391
103,1984512,948.1,2093,0.12,0.639,0.407,0.0,4.0,0.0236,0.000444,0.392
104,1990656,951.0,2093,0.109,0.736,0.508,0.0,4.0,0.0153,0.000667,0.392
105,1996800,954.1,2093,0.1157,0.743,0.396,0.0,4.0,0.0177,0.000667,0.391
106,2002944,956.9,2093,0.104,0.913,0.411,0.125,4.0,0.0203,0.000444,0.391
107,2009088,960.0,2093,0.1158,0.862,0.309,0.0,4.0,0.0263,0.000667,0.393
108,2015232,963.2,2092,0.1165,0.745,0.38,0.0,4.0,0.0197,0.001,0.394
109,2021376,966.4,2092,0.1198,0.667,0.368,0.0,4.0,0.0215,0.000444,0.394
110,2027520,969.2,2092,0.12,0.63,0.398,0.0,4.0,0.0179,0.000667,0.394
111,2033664,972.6,2091,0.1139,0.861,0.362,0.333,4.0,0.0181,0.001,0.395
112,2039808,975.6,2091,0.1108,0.939,0.344,0.333,4.0,0.0209,0.000667,0.396
113,2045952,978.7,2090,0.1133,0.883,0.357,0.0,4.0,0.0195,0.001,0.396
114,2052096,981.8,2090,0.1131,0.853,0.373,0.125,4.0,0.0181,0.001,0.396
115,2058240,984.9,2090,0.1067,0.84,0.44,0.0,4.0,0.0299,0.000198,0.396
116,2064384,987.8,2090,0.1072,0.884,0.406,0.0,4.0,0.0128,0.000444,0.397
117,2070528,990.8,2090,0.1168,0.659,0.375,0.167,4.0,0.0203,0.000296,0.399
118,2076672,993.9,2089,0.1215,0.6,0.418,0.0,4.0,0.0111,0.000444,0.399
119,2082816,997.0,2089,0.1233,0.631,0.363,0.0,4.0,0.0186,0.000667,0.398
120,2088960,1000.2,2089,0.1173,0.725,0.376,0.0,4.0,0.0243,0.000296,0.398
121,2095104,1003.5,2088,0.1171,0.716,0.37,0.2,4.0,0.013,0.000444,0.399
122,2101248,1006.6,2088,0.1211,0.708,0.336,0.0,4.0,0.0155,0.000667,0.399
123,2107392,1009.4,2088,0.1045,0.804,0.462,0.0,4.0,0.0176,0.001,0.4
124,2113536,1012.6,2087,0.1114,0.825,0.392,0.25,4.0,0.0163,0.001,0.401
125,2119680,1015.7,2087,0.0966,0.966,0.507,0.045,4.0,0.0133,0.001,0.402
126,2125824,1019.0,2086,0.1261,0.501,0.442,0.0,4.0,0.0238,0.000198,0.403
127,2131968,1022.1,2086,0.1121,0.763,0.488,0.0,4.0,0.0101,0.000444,0.404
128,2138112,1025.2,2086,0.1189,0.771,0.348,0.333,4.0,0.0144,0.000667,0.404
129,2144256,1028.1,2086,0.1086,0.716,0.547,0.0,4.0,0.0195,0.001,0.404
130,2150400,1031.0,2086,0.1093,0.795,0.437,0.2,4.0,0.0331,0.000296,0.405
131,2156544,1034.1,2085,0.1059,0.894,0.488,0.0,4.0,0.0114,0.000444,0.405
132,2162688,1036.9,2086,0.1016,0.988,0.424,0.0,4.0,0.0153,0.000667,0.406
133,2168832,1039.9,2086,0.1114,0.744,0.447,0.048,4.0,0.0255,0.000296,0.408
134,2174976,1043.0,2085,0.1321,0.681,0.306,0.0,4.0,0.0137,0.000444,0.41
135,2181120,1045.9,2085,0.1086,0.857,0.392,0.0,4.0,0.0148,0.000667,0.41
136,2187264,1048.9,2085,0.1085,0.835,0.395,0.333,4.0,0.0242,0.000444,0.41
137,2193408,1052.3,2084,0.115,0.752,0.387,0.0,4.0,0.0137,0.000667,0.411
138,2199552,1055.4,2084,0.1074,0.767,0.438,0.111,4.0,0.0234,0.000198,0.411
139,2205696,1058.5,2084,0.1189,0.693,0.352,0.0,4.0,0.0132,0.000296,0.412
140,2211840,1061.7,2083,0.1273,0.626,0.352,0.0,4.0,0.0147,0.000444,0.412
141,2217984,1065.0,2083,0.113,0.675,0.443,0.0,4.0,0.018,0.000667,0.411
142,2224128,1068.1,2082,0.1262,0.634,0.366,0.0,4.0,0.0159,0.000667,0.411
143,2230272,1071.2,2082,0.1277,0.707,0.318,0.0,4.0,0.0207,0.000444,0.411
144,2236416,1074.3,2082,0.1213,0.757,0.334,0.0,4.0,0.0137,0.000667,0.411
145,2242560,1077.1,2082,0.117,0.726,0.377,0.0,4.0,0.0224,0.000296,0.413
146,2248704,1079.8,2082,0.1134,0.815,0.375,0.0,4.0,0.0101,0.000444,0.414
147,2254848,1082.4,2083,0.1119,0.721,0.428,0.167,4.0,0.0128,0.000667,0.414
148,2260992,1085.2,2084,0.1139,0.739,0.388,0.0,4.0,0.0211,0.000667,0.412
149,2267136,1088.1,2084,0.1177,0.609,0.454,0.0,4.0,0.0246,0.000198,0.411
150,2273280,1090.9,2084,0.1188,0.737,0.392,0.333,4.0,0.0109,0.000444,0.412
151,2279424,1093.7,2084,0.1236,0.593,0.407,0.0,4.0,0.0138,0.000444,0.413
152,2285568,1096.6,2084,0.11,0.95,0.357,0.0,4.0,0.012,0.000667,0.413
153,2291712,1099.2,2085,0.1065,1.053,0.331,0.0,4.0,0.0168,0.001,0.413
154,2297856,1102.1,2085,0.1037,0.913,0.465,0.2,4.0,0.0209,0.000444,0.413
155,2304000,1104.9,2085,0.1077,0.774,0.482,0.6,4.0,0.0202,0.000444,0.416
156,2310144,1107.8,2085,0.1116,0.656,0.494,0.0,4.0,0.0164,0.000667,0.418
157,2316288,1110.7,2085,0.1037,0.878,0.399,0.0,4.0,0.0136,0.001,0.418
158,2322432,1113.6,2085,0.1147,0.785,0.436,0.667,4.0,0.0254,0.000198,0.419
159,2328576,1116.4,2086,0.103,0.94,0.395,0.333,4.0,0.0076,0.000667,0.42
160,2334720,1119.2,2086,0.0972,1.084,0.482,0.0,4.0,0.0116,0.001,0.42
161,2340864,1122.5,2085,0.0972,0.972,0.475,0.429,4.0,0.0255,0.000444,0.421
162,2347008,1125.5,2085,0.1108,0.742,0.439,0.0,4.0,0.0189,0.000667,0.421
163,2353152,1128.4,2085,0.1211,0.609,0.393,0.333,4.0,0.0155,0.000444,0.421
164,2359296,1131.5,2085,0.1228,0.668,0.351,0.0,4.0,0.019,0.000667,0.421
165,2365440,1134.9,2084,0.1164,0.815,0.369,0.083,4.0,0.0198,0.000667,0.422
166,2371584,1137.8,2084,0.1041,0.811,0.488,0.2,4.0,0.015,0.001,0.422
167,2377728,1141.0,2084,0.1004,0.818,0.563,0.333,4.0,0.0191,0.001,0.424
168,2383872,1143.9,2084,0.0978,0.784,0.543,0.2,4.0,0.0202,0.000667,0.424
169,2390016,1146.7,2084,0.11,0.706,0.428,0.182,4.0,0.0239,0.000132,0.425
170,2396160,1149.9,2084,0.1145,0.662,0.452,0.143,4.0,0.0087,0.000444,0.425
171,2402304,1153.1,2083,0.1164,0.652,0.453,0.333,4.0,0.0184,0.000667,0.425
172,2408448,1155.8,2084,0.1073,0.701,0.524,0.067,4.0,0.0183,0.000667,0.426
173,2414592,1158.8,2084,0.1105,0.709,0.447,0.0,4.0,0.0163,0.001,0.426
174,2420736,1161.7,2084,0.1081,0.879,0.404,0.2,4.0,0.0184,0.001,0.426
175,2426880,1164.7,2084,0.1082,0.763,0.448,0.667,4.0,0.0211,0.000667,0.426
176,2433024,1167.5,2084,0.1149,0.632,0.429,0.222,4.0,0.026,0.000296,0.427
177,2439168,1170.5,2084,0.111,0.807,0.402,0.167,4.0,0.0141,0.000444,0.427
178,2445312,1173.4,2084,0.1149,0.634,0.435,0.143,4.0,0.0206,0.000444,0.427
179,2451456,1176.4,2084,0.1092,0.76,0.468,0.5,4.0,0.0129,0.000667,0.427
180,2457600,1179.6,2083,0.1045,0.755,0.54,0.0,4.0,0.0203,0.000444,0.43
181,2463744,1182.5,2083,0.1129,0.73,0.475,0.167,4.0,0.0154,0.000667,0.431
182,2469888,1185.5,2083,0.1135,0.618,0.478,0.0,4.0,0.0217,0.000444,0.43
183,2476032,1188.7,2083,0.1056,0.828,0.471,0.2,4.0,0.0163,0.000667,0.432
184,2482176,1191.6,2083,0.1135,0.728,0.424,0.167,4.0,0.0227,0.000444,0.437
185,2488320,1194.4,2083,0.1216,0.673,0.367,0.0,4.0,0.0229,0.000296,0.438
186,2494464,1197.2,2083,0.1073,0.748,0.487,0.0,4.0,0.0123,0.000444,0.438
187,2500608,1200.3,2083,0.0989,0.786,0.539,0.0,4.0,0.0116,0.000667,0.439
188,2506752,1203.3,2083,0.1126,0.667,0.492,0.111,4.0,0.0162,0.000667,0.439
189,2512896,1206.3,2083,0.1205,0.631,0.399,0.0,4.0,0.0226,0.000667,0.438
190,2519040,1209.2,2083,0.11,0.815,0.422,0.0,4.0,0.019,0.000667,0.437
191,2525184,1212.6,2082,0.1135,0.663,0.437,0.167,4.0,0.0231,0.000444,0.436
192,2531328,1215.6,2082,0.1135,0.656,0.45,0.143,4.0,0.0135,0.000667,0.436
193,2537472,1218.4,2083,0.1218,0.624,0.369,0.0,4.0,0.0201,0.000667,0.437
194,2543616,1221.5,2082,0.1155,0.727,0.418,0.0,4.0,0.0161,0.001,0.438
195,2549760,1224.5,2082,0.1049,0.764,0.494,0.0,4.0,0.0223,0.000444,0.441
196,2555904,1227.2,2083,0.1106,0.643,0.509,0.0,4.0,0.0191,0.000667,0.44
197,2562048,1230.4,2082,0.1105,0.742,0.454,0.25,5.0,0.021,0.000444,0.438
198,2568192,1233.5,2082,0.1114,0.71,0.448,0.0,5.0,0.0166,0.000667,0.438
199,2574336,1236.4,2082,0.0894,1.089,0.503,0.0,5.0,0.0181,0.000667,0.439
200,2580480,1239.3,2082,0.0852,0.984,0.631,0.286,5.0,0.018,0.001,0.44
201,2586624,1242.6,2082,0.1106,0.826,0.406,0.25,5.0,0.0304,0.000296,0.442
202,2592768,1245.6,2082,0.1022,1.12,0.435,0.0,5.0,0.0081,0.000444,0.442
203,2598912,1248.5,2082,0.0999,0.979,0.455,0.143,5.0,0.0171,0.000667,0.442
204,2605056,1251.4,2082,0.0979,0.895,0.538,0.182,5.0,0.0212,0.000667,0.442
205,2611200,1254.4,2082,0.1145,0.818,0.394,0.25,5.0,0.0237,0.000444,0.443
206,2617344,1257.5,2081,0.1106,0.758,0.445,0.25,5.0,0.0148,0.000667,0.442
207,2623488,1260.7,2081,0.1172,0.719,0.386,0.167,5.0,0.0193,0.001,0.443
208,2629632,1263.7,2081,0.1168,0.855,0.372,0.0,5.0,0.0267,0.000296,0.445
209,2635776,1266.7,2081,0.1085,0.807,0.505,0.2,5.0,0.0147,0.000444,0.445
210,2641920,1269.9,2080,0.0977,0.892,0.551,0.5,5.0,0.0219,0.000444,0.447
211,2648064,1273.1,2080,0.1032,0.862,0.48,0.071,5.0,0.0138,0.000667,0.448
212,2654208,1276.1,2080,0.0897,1.115,0.511,0.167,5.0,0.0177,0.000667,0.448
213,2660352,1279.1,2080,0.0923,1.046,0.476,0.167,5.0,0.022,0.000667,0.448
214,2666496,1282.1,2080,0.0881,1.313,0.462,0.0,5.0,0.0207,0.000296,0.448
215,2672640,1285.2,2080,0.0978,0.896,0.531,0.0,5.0,0.0115,0.000444,0.448
216,2678784,1288.2,2079,0.1039,0.967,0.551,0.25,5.0,0.0192,0.000667,0.449
217,2684928,1291.4,2079,0.1087,0.956,0.442,0.25,5.0,0.0264,0.000444,0.451
218,2691072,1294.4,2079,0.0966,1.19,0.432,0.2,5.0,0.013,0.000667,0.452
219,2697216,1297.6,2079,0.1059,0.936,0.401,0.1,5.0,0.0156,0.000667,0.452
220,2703360,1300.9,2078,0.101,1.005,0.423,0.111,5.0,0.0223,0.000132,0.452
221,2709504,1304.1,2078,0.0959,1.061,0.476,0.0,5.0,0.0098,0.000444,0.452
222,2715648,1307.2,2077,0.097,1.019,0.498,0.5,5.0,0.019,0.000667,0.452
223,2721792,1310.3,2077,0.1163,0.674,0.429,0.0,5.0,0.0258,0.000444,0.452
224,2727936,1313.3,2077,0.1162,0.726,0.497,0.167,5.0,0.0187,0.000667,0.45
225,2734080,1316.3,2077,0.1131,0.814,0.421,0.5,5.0,0.0179,0.000667,0.451
226,2740224,1319.3,2077,0.109,0.965,0.33,0.091,5.0,0.0163,0.000667,0.452
227,2746368,1322.2,2077,0.1072,0.971,0.429,0.25,5.0,0.0182,0.000667,0.453
228,2752512,1325.0,2077,0.0993,1.016,0.432,0.182,5.0,0.0244,0.000444,0.453
229,2758656,1327.8,2078,0.1057,0.936,0.397,0.0,5.0,0.0149,0.000667,0.454
230,2764800,1330.9,2077,0.0857,1.283,0.512,0.222,5.0,0.0197,0.001,0.454
231,2770944,1333.9,2077,0.1111,0.827,0.409,0.2,5.0,0.0248,0.000198,0.455
232,2777088,1336.8,2077,0.1056,1.013,0.442,0.333,5.0,0.01,0.000444,0.454
233,2783232,1339.8,2077,0.1102,0.907,0.426,0.0,5.0,0.0157,0.000667,0.454
234,2789376,1343.0,2077,0.0939,1.238,0.425,0.125,5.0,0.0188,0.000667,0.455
235,2795520,1346.0,2077,0.0981,0.996,0.47,0.143,5.0,0.0197,0.000667,0.455
236,2801664,1349.0,2077,0.1051,0.906,0.492,0.1,5.0,0.0215,0.000444,0.455
237,2807808,1351.9,2077,0.1059,0.88,0.417,0.0,5.0,0.0146,0.000667,0.457
238,2813952,1355.0,2077,0.1118,0.717,0.431,0.222,5.0,0.0202,0.000444,0.458
239,2820096,1358.0,2077,0.0993,1.112,0.495,0.429,5.0,0.0168,0.000667,0.46
240,2826240,1361.4,2076,0.1085,0.836,0.457,0.0,5.0,0.022,0.000198,0.462
241,2832384,1364.7,2075,0.1033,0.973,0.464,0.143,5.0,0.0081,0.000444,0.462
242,2838528,1367.9,2075,0.0977,0.955,0.492,0.0,5.0,0.0155,0.000667,0.464
243,2844672,1371.0,2075,0.0987,0.926,0.518,0.25,5.0,0.021,0.000296,0.467
244,2850816,1374.2,2075,0.1005,0.884,0.515,0.143,5.0,0.0118,0.000667,0.469
245,2856960,1377.1,2075,0.106,0.858,0.465,0.4,5.0,0.0206,0.000667,0.471
246,2863104,1380.1,2074,0.1017,0.956,0.49,0.0,5.0,0.0169,0.000667,0.473
247,2869248,1383.4,2074,0.1094,0.918,0.41,0.25,5.0,0.0204,0.000444,0.474
248,2875392,1386.6,2074,0.1063,0.796,0.531,0.0,5.0,0.0151,0.000667,0.474
249,2881536,1389.8,2073,0.1046,0.89,0.447,0.111,5.0,0.0208,0.000296,0.473
250,2887680,1393.1,2073,0.1091,0.805,0.484,0.0,5.0,0.0109,0.000444,0.472
251,2893824,1396.3,2073,0.1103,0.952,0.335,0.364,5.0,0.0113,0.000667,0.471
252,2899968,1399.4,2072,0.1089,0.965,0.354,0.25,5.0,0.0231,0.000444,0.472
253,2906112,1402.5,2072,0.103,1.009,0.393,0.143,5.0,0.0206,0.000444,0.472
254,2912256,1405.7,2072,0.0973,0.858,0.567,0.6,5.0,0.0154,0.001,0.472
255,2918400,1409.0,2071,0.0986,0.858,0.547,0.0,5.0,0.0183,0.001,0.474
256,2924544,1412.0,2071,0.1097,0.853,0.396,0.333,5.0,0.0306,0.000198,0.474
257,2930688,1415.1,2071,0.1076,0.876,0.454,0.125,5.0,0.0139,0.000296,0.475
258,2936832,1418.0,2071,0.1089,0.876,0.423,0.0,5.0,0.0153,0.000444,0.475
259,2942976,1421.0,2071,0.1071,0.892,0.385,0.167,5.0,0.0213,0.000444,0.476
260,2949120,1424.4,2070,0.1101,0.921,0.398,0.25,5.0,0.0188,0.000667,0.477
261,2955264,1427.7,2070,0.0971,0.941,0.54,0.0,5.0,0.0161,0.000667,0.478
262,2961408,1430.7,2070,0.098,1.06,0.453,0.429,5.0,0.0375,0.000296,0.477
263,2967552,1433.6,2070,0.0985,1.095,0.451,0.4,5.0,0.012,0.000444,0.477
264,2973696,1436.6,2070,0.1036,0.841,0.466,0.333,5.0,0.0159,0.000667,0.476
265,2979840,1439.6,2070,0.123,0.628,0.365,0.0,5.0,0.027,0.000296,0.475
266,2985984,1442.6,2070,0.1067,1.006,0.401,0.5,5.0,0.013,0.000444,0.475
267,2992128,1445.6,2070,0.1085,0.84,0.418,0.125,5.0,0.0183,0.000667,0.476
268,2998272,1448.7,2070,0.1017,1.037,0.479,0.4,5.0,0.0164,0.001,0.474
269,3004416,1452.0,2069,0.1055,0.733,0.643,0.2,5.0,0.0217,0.000132,0.474
270,3010560,1454.9,2069,0.1013,0.853,0.564,0.429,5.0,0.0099,0.000296,0.474
271,3016704,1457.7,2069,0.1091,0.778,0.463,0.0,5.0,0.0173,0.000444,0.474
272,3022848,1460.7,2070,0.1009,1.198,0.42,0.571,5.0,0.0114,0.000667,0.475
273,3028992,1463.6,2070,0.1027,1.071,0.407,0.5,5.0,0.0247,0.000444,0.476
274,3035136,1466.5,2070,0.117,0.75,0.351,0.5,5.0,0.0181,0.000667,0.477
275,3041280,1469.6,2070,0.1153,0.753,0.405,0.083,5.0,0.031,0.000296,0.478
276,3047424,1472.4,2070,0.0991,1.143,0.471,0.0,5.0,0.0123,0.000667,0.478
277,3053568,1475.2,2070,0.0969,0.887,0.582,0.364,5.0,0.0203,0.000667,0.479
278,3059712,1478.1,2070,0.0977,0.916,0.544,0.25,5.0,0.0204,0.000667,0.481
279,3065856,1481.5,2069,0.1073,0.753,0.532,0.0,5.0,0.0232,0.000198,0.481
280,3072000,1484.7,2069,0.1121,0.756,0.453,0.167,5.0,0.0115,0.000296,0.481
281,3078144,1488.0,2069,0.1082,0.881,0.471,0.2,5.0,0.0107,0.000444,0.479
282,3084288,1491.2,2068,0.0904,1.165,0.486,0.111,5.0,0.0137,0.000667,0.478
283,3090432,1494.0,2069,0.1084,0.709,0.511,0.2,5.0,0.0211,0.000667,0.48
284,3096576,1496.9,2069,0.0987,0.778,0.576,0.167,5.0,0.0184,0.000667,0.481
285,3102720,1499.9,2069,0.099,0.887,0.542,0.125,5.0,0.0227,0.000444,0.481
286,3108864,1502.9,2069,0.1009,1.02,0.412,0.4,5.0,0.0168,0.000667,0.482
287,3115008,1505.6,2069,0.0997,1.066,0.362,0.0,5.0,0.0183,0.000667,0.483
288,3121152,1508.5,2069,0.0997,1.08,0.462,0.0,5.0,0.0149,0.000667,0.483
289,3127296,1511.4,2069,0.0992,0.854,0.502,0.0,5.0,0.0131,0.000667,0.484
290,3133440,1514.4,2069,0.0987,1.0,0.509,0.077,5.0,0.0183,0.001,0.485
291,3139584,1517.5,2069,0.108,0.989,0.416,0.0,5.0,0.0251,0.000444,0.488
292,3145728,1520.6,2069,0.1086,0.963,0.399,0.143,5.0,0.0158,0.000667,0.488
293,3151872,1523.7,2069,0.105,0.894,0.496,0.143,5.0,0.0236,0.000667,0.49
294,3158016,1526.7,2068,0.0942,0.984,0.51,0.0,5.0,0.023,0.000667,0.491
295,3164160,1529.7,2069,0.107,0.866,0.455,0.0,5.0,0.0225,0.000667,0.494
296,3170304,1532.5,2069,0.0957,1.152,0.413,0.143,5.0,0.0291,0.000296,0.496
297,3176448,1535.2,2069,0.1119,0.965,0.352,0.25,5.0,0.0144,0.000296,0.497
298,3182592,1538.2,2069,0.1062,0.977,0.353,0.143,5.0,0.017,0.000667,0.498
299,3188736,1541.5,2069,0.1151,0.828,0.361,0.0,5.0,0.0144,0.001,0.498
300,3194880,1544.6,2068,0.1,0.972,0.526,0.182,5.0,0.0248,0.000296,0.5
301,3201024,1547.6,2068,0.1008,0.986,0.473,0.2,5.0,0.0124,0.000444,0.501
302,3207168,1550.8,2068,0.0979,1.12,0.43,0.143,5.0,0.0205,0.000444,0.503
303,3213312,1553.6,2068,0.1072,0.926,0.391,0.0,5.0,0.0153,0.000667,0.503
304,3219456,1556.5,2068,0.1009,1.107,0.4,0.0,5.0,0.0246,0.000444,0.503
305,3225600,1559.5,2068,0.1009,1.009,0.405,0.2,5.0,0.0159,0.000667,0.504
306,3231744,1562.4,2068,0.1087,0.932,0.376,0.0,5.0,0.0239,0.000667,0.505
307,3237888,1565.4,2068,0.1013,0.822,0.485,0.5,5.0,0.0202,0.000667,0.507
308,3244032,1568.5,2068,0.0934,1.004,0.498,0.1,5.0,0.0199,0.001,0.508
309,3250176,1571.8,2068,0.0991,1.047,0.498,0.2,5.0,0.0242,0.000444,0.508
310,3256320,1574.8,2068,0.0994,0.765,0.534,0.143,5.0,0.0188,0.000667,0.508
311,3262464,1577.8,2068,0.1207,0.649,0.395,0.0,5.0,0.0223,0.000296,0.51
312,3268608,1580.9,2068,0.1057,0.828,0.506,0.429,5.0,0.0133,0.000444,0.51
313,3274752,1584.0,2067,0.1049,0.778,0.46,0.0,5.0,0.0168,0.000667,0.51
314,3280896,1587.0,2067,0.1074,0.913,0.41,0.111,5.0,0.0212,0.000667,0.513
315,3287040,1589.9,2067,0.1003,0.891,0.491,0.286,5.0,0.0228,0.000444,0.515
316,3293184,1593.0,2067,0.1002,0.836,0.522,0.111,5.0,0.014,0.000667,0.515
317,3299328,1595.9,2067,0.1016,0.851,0.489,0.0,5.0,0.0158,0.000667,0.515
318,3305472,1599.0,2067,0.1036,0.704,0.536,0.167,5.0,0.0273,0.000444,0.516
319,3311616,1602.2,2067,0.1175,0.649,0.423,0.25,5.0,0.0197,0.000667,0.517
320,3317760,1605.6,2066,0.1048,0.877,0.452,0.0,5.0,0.0268,0.000296,0.518
321,3323904,1608.9,2066,0.1038,0.919,0.436,0.0,5.0,0.0127,0.000667,0.518
322,3330048,1611.9,2066,0.1064,0.901,0.417,0.143,5.0,0.0201,0.000198,0.518
323,3336192,1615.1,2066,0.1115,0.939,0.356,0.0,5.0,0.0109,0.000444,0.52
324,3342336,1618.1,2066,0.1098,0.862,0.376,0.0,5.0,0.0196,0.000667,0.522
325,3348480,1621.2,2065,0.1134,0.861,0.394,0.0,5.0,0.0153,0.001,0.523
326,3354624,1624.4,2065,0.1004,0.931,0.499,0.167,5.0,0.0221,0.000667,0.526
327,3360768,1627.5,2065,0.0942,1.211,0.503,0.2,5.0,0.0203,0.000667,0.526
328,3366912,1630.4,2065,0.0949,1.035,0.484,0.429,5.0,0.0143,0.001,0.527
329,3373056,1633.6,2065,0.0876,1.176,0.552,0.2,5.0,0.0223,0.000444,0.526
330,3379200,1636.5,2065,0.0935,1.168,0.503,0.4,5.0,0.0145,0.000667,0.526
331,3385344,1639.5,2065,0.1046,0.872,0.505,0.143,5.0,0.0169,0.000667,0.526
332,3391488,1642.6,2065,0.1131,0.819,0.355,0.143,5.0,0.0218,0.000667,0.526
333,3397632,1645.6,2065,0.1014,0.876,0.486,0.143,5.0,0.016,0.000667,0.527
334,3403776,1648.6,2065,0.1074,0.82,0.472,0.0,5.0,0.0232,0.000444,0.528
335,3409920,1651.8,2064,0.1137,0.795,0.363,0.143,5.0,0.0214,0.000444,0.527
336,3416064,1654.9,2064,0.1149,0.738,0.391,0.167,5.0,0.0236,0.000296,0.528
337,3422208,1657.9,2064,0.1107,0.74,0.443,0.0,5.0,0.015,0.000667,0.529
338,3428352,1660.9,2064,0.1176,0.695,0.415,0.167,5.0,0.0192,0.001,0.532
339,3434496,1663.9,2064,0.1079,0.892,0.442,0.0,5.0,0.0209,0.000667,0.534
340,3440640,1667.1,2064,0.1011,0.975,0.471,0.2,5.0,0.0153,0.001,0.533
341,3446784,1670.2,2064,0.0958,1.096,0.475,0.143,5.0,0.0281,0.000296,0.534
342,3452928,1673.2,2064,0.102,1.038,0.454,0.167,5.0,0.0124,0.000444,0.535
343,3459072,1676.4,2063,0.1169,0.807,0.43,0.0,5.0,0.0192,0.000667,0.535
344,3465216,1679.5,2063,0.1152,0.784,0.384,0.222,5.0,0.0195,0.000667,0.537
345,3471360,1682.6,2063,0.1189,0.623,0.413,0.222,5.0,0.0231,0.000667,0.54
346,3477504,1685.7,2063,0.1247,0.534,0.386,0.25,5.0,0.0285,0.000198,0.543
347,3483648,1689.0,2063,0.1161,0.788,0.392,0.286,5.0,0.0165,0.000444,0.546
348,3489792,1692.4,2062,0.1134,0.591,0.503,0.0,5.0,0.0141,0.000667,0.546
349,3495936,1695.6,2062,0.1015,0.867,0.475,0.167,5.0,0.0118,0.000667,0.546
350,3502080,1698.8,2061,0.1015,0.813,0.46,0.167,5.0,0.0171,0.001,0.547
351,3508224,1702.0,2061,0.104,0.858,0.483,0.0,5.0,0.0158,0.001,0.548
352,3514368,1705.4,2061,0.0925,0.935,0.561,0.0,5.0,0.0172,0.001,0.548
353,3520512,1708.5,2061,0.1112,0.739,0.403,0.273,5.0,0.0517,0.000198,0.548
354,3526656,1711.4,2061,0.1111,0.82,0.444,0.2,5.0,0.0097,0.000296,0.548
355,3532800,1714.6,2060,0.1061,0.996,0.371,0.0,5.0,0.0126,0.000667,0.549
356,3538944,1717.5,2061,0.1041,0.924,0.433,0.286,5.0,0.0205,0.000667,0.551
357,3545088,1720.6,2060,0.0974,0.96,0.481,0.167,5.0,0.0238,0.000444,0.551
358,3551232,1723.8,2060,0.099,0.963,0.52,0.286,5.0,0.0179,0.000667,0.552
359,3557376,1726.8,2060,0.1054,0.865,0.396,0.222,5.0,0.019,0.000667,0.556
360,3563520,1729.7,2060,0.115,0.839,0.389,0.0,5.0,0.0147,0.000667,0.556
361,3569664,1732.7,2060,0.1063,1.025,0.347,0.0,5.0,0.0139,0.001,0.557
362,3575808,1735.7,2060,0.1085,0.794,0.453,0.2,5.0,0.0333,0.000296,0.557
363,3581952,1738.6,2060,0.0936,0.949,0.533,0.2,5.0,0.0108,0.000444,0.556
364,3588096,1741.4,2060,0.1056,0.69,0.495,0.125,5.0,0.0227,0.000444,0.556
365,3594240,1744.2,2061,0.1163,0.816,0.336,0.0,5.0,0.0189,0.000667,0.555
366,3600384,1747.1,2061,0.1122,0.743,0.447,0.111,5.0,0.021,0.000296,0.554
367,3606528,1750.4,2060,0.1047,0.96,0.453,0.125,5.0,0.0094,0.000667,0.555
368,3612672,1753.5,2060,0.1088,0.85,0.382,0.0,5.0,0.0324,0.000296,0.557
369,3618816,1756.4,2060,0.0973,1.03,0.436,0.25,5.0,0.0097,0.000667,0.558
370,3624960,1759.9,2060,0.1117,0.869,0.43,0.333,5.0,0.0362,0.000296,0.561
371,3631104,1763.1,2059,0.095,1.169,0.451,0.25,5.0,0.0142,0.000667,0.562
372,3637248,1766.4,2059,0.1127,0.69,0.472,0.0,5.0,0.02,0.000667,0.563
373,3643392,1769.3,2059,0.1085,0.853,0.488,0.167,5.0,0.0144,0.001,0.565
374,3649536,1772.5,2059,0.1086,0.812,0.484,0.0,5.0,0.0137,0.001,0.567
375,3655680,1775.5,2059,0.0989,1.139,0.42,0.125,5.0,0.0152,0.001,0.569
376,3661824,1778.5,2059,0.0951,1.035,0.506,0.125,5.0,0.0178,0.001,0.567
377,3667968,1781.8,2059,0.1057,0.88,0.478,0.125,5.0,0.0202,0.000667,0.568
378,3674112,1784.7,2059,0.1078,0.898,0.437,0.5,5.0,0.016,0.000667,0.569
379,3680256,1787.7,2059,0.1016,0.846,0.524,0.125,5.0,0.0226,0.000296,0.57
380,3686400,1790.5,2059,0.1085,0.875,0.424,0.167,5.0,0.0103,0.000444,0.572
381,3692544,1793.4,2059,0.1054,0.832,0.461,0.364,5.0,0.0202,0.000444,0.572
382,3698688,1796.4,2059,0.106,0.926,0.445,0.286,5.0,0.0239,0.000667,0.57
383,3704832,1799.4,2059,0.0982,1.011,0.478,0.444,5.0,0.0167,0.001,0.571
384,3710976,1802.3,2059,0.1065,0.916,0.457,0.25,5.0,0.0296,0.000296,0.573
385,3717120,1805.3,2059,0.0982,1.083,0.515,0.333,5.0,0.0101,0.000444,0.574
386,3723264,1808.1,2059,0.092,0.884,0.56,0.5,5.0,0.0138,0.000667,0.574
387,3729408,1811.4,2059,0.1019,0.783,0.554,0.286,5.0,0.0195,0.000667,0.576
388,3735552,1814.6,2059,0.0941,0.91,0.526,0.333,5.0,0.0332,0.000296,0.578
389,3741696,1817.6,2059,0.1083,0.891,0.478,0.167,5.0,0.0187,0.000444,0.58
390,3747840,1820.7,2058,0.114,0.601,0.518,0.0,5.0,0.0189,0.000667,0.583
391,3753984,1823.6,2059,0.0942,0.944,0.579,0.25,5.0,0.0226,0.000444,0.586
392,3760128,1826.4,2059,0.107,0.71,0.532,0.222,5.0,0.0149,0.000667,0.586
393,3766272,1829.3,2059,0.0998,1.102,0.469,0.333,5.0,0.0219,0.000444,0.584
394,3772416,1832.2,2059,0.099,1.106,0.441,0.25,5.0,0.0151,0.000667,0.583
395,3778560,1835.1,2059,0.0946,1.05,0.467,0.333,5.0,0.0198,0.000667,0.582
396,3784704,1838.2,2059,0.1019,0.862,0.482,0.2,5.0,0.0203,0.000667,0.585
397,3790848,1841.5,2059,0.0861,0.992,0.593,0.111,5.0,0.0312,0.000296,0.586
398,3796992,1844.8,2058,0.1108,0.698,0.511,0.0,5.0,0.0145,0.000444,0.583
399,3803136,1847.8,2058,0.105,0.882,0.486,0.0,5.0,0.0181,0.000667,0.581
400,3809280,1850.8,2058,0.1117,0.761,0.469,0.125,5.0,0.0218,0.000667,0.579
401,3815424,1853.9,2058,0.1029,0.948,0.476,0.333,5.0,0.015,0.000667,0.579
402,3821568,1856.9,2058,0.0925,1.141,0.528,0.2,5.0,0.0133,0.000667,0.581
403,3827712,1859.9,2058,0.0962,0.898,0.619,0.0,5.0,0.0314,0.000296,0.584
404,3833856,1862.8,2058,0.1029,0.802,0.547,0.0,6.0,0.0094,0.000444,0.584
405,3840000,1865.6,2058,0.093,1.118,0.515,0.182,6.0,0.0218,0.000444,0.582
406,3846144,1869.2,2058,0.0885,1.268,0.467,0.0,6.0,0.0189,0.000667,0.582
407,3852288,1872.4,2057,0.0927,1.005,0.601,0.143,6.0,0.0285,0.000444,0.583
408,3858432,1875.8,2057,0.0833,1.184,0.546,0.636,6.0,0.017,0.000667,0.584
409,3864576,1879.6,2056,0.1012,1.084,0.398,0.25,6.0,0.0214,0.000444,0.584
410,3870720,1883.2,2055,0.1016,1.014,0.396,0.286,6.0,0.021,0.000444,0.584
411,3876864,1886.8,2055,0.088,1.037,0.567,0.375,6.0,0.0167,0.000667,0.583
412,3883008,1890.3,2054,0.087,1.263,0.492,0.333,6.0,0.0257,0.000444,0.581
413,3889152,1893.6,2054,0.0912,0.998,0.498,0.143,6.0,0.0197,0.000444,0.581
414,3895296,1896.4,2054,0.0898,1.096,0.49,0.333,6.0,0.0169,0.000444,0.581
415,3901440,1899.2,2054,0.075,1.485,0.515,0.5,6.0,0.0138,0.000444,0.581
416,3907584,1902.1,2054,0.1042,0.752,0.51,0.25,6.0,0.0219,0.000296,0.585
417,3913728,1905.1,2054,0.1001,0.948,0.449,0.333,6.0,0.0218,0.000296,0.586
418,3919872,1908.3,2054,0.1041,1.074,0.429,0.429,6.0,0.0138,0.000444,0.588
419,3926016,1911.3,2054,0.0802,1.198,0.622,0.25,6.0,0.0186,0.000667,0.589
420,3932160,1913.9,2054,0.1005,0.84,0.446,0.222,6.0,0.02,0.000667,0.592
421,3938304,1916.6,2055,0.1049,1.112,0.409,0.167,6.0,0.0239,0.000132,0.592
422,3944448,1919.4,2055,0.0783,1.417,0.557,0.286,6.0,0.0081,0.000444,0.592
1,3938304,1831.9,2150,0.1159,0.774,0.452,0.0,6.0,0.0258,4e-05,0.35
2,3944448,1834.8,2150,0.1065,1.149,0.443,0.0,6.0,0.0065,0.0002,0.35
3,3950592,1837.7,2150,0.0906,1.27,0.509,1.0,6.0,0.0092,0.0003,0.35
4,3956736,1840.7,2150,0.0875,1.247,0.453,1.0,6.0,0.0172,0.0003,0.35
5,3962880,1843.6,2149,0.111,1.015,0.333,1.0,6.0,0.0135,0.0003,0.35
6,3969024,1846.5,2149,0.1022,1.125,0.377,1.0,6.0,0.0119,0.0003,0.35
7,3975168,1849.4,2149,0.1005,1.071,0.514,1.0,6.0,0.0127,0.0003,0.35
8,3981312,1852.0,2150,0.0906,1.022,0.536,0.059,6.0,0.0162,0.0003,0.35
9,3987456,1854.6,2150,0.1136,0.885,0.375,1.0,6.0,0.014,0.0003,0.35
10,3993600,1857.4,2150,0.0931,1.195,0.553,0.0,6.0,0.0122,0.0003,0.35
11,3999744,1860.2,2150,0.0868,1.499,0.446,0.429,6.0,0.0143,0.0003,0.35
12,4005888,1862.9,2150,0.0933,0.988,0.548,0.571,6.0,0.0094,0.0003,0.35
13,4012032,1865.7,2150,0.0875,1.139,0.549,0.5,6.0,0.0134,0.0003,0.35
14,4018176,1868.5,2150,0.0924,1.079,0.51,0.5,6.0,0.021,0.0002,0.35
15,4024320,1871.5,2150,0.0997,0.951,0.46,0.333,6.0,0.0149,0.0003,0.35
16,4030464,1874.6,2150,0.0927,1.364,0.463,0.071,6.0,0.0108,0.0003,0.35
17,4036608,1877.7,2150,0.1023,1.098,0.443,1.0,6.0,0.0129,0.0003,0.35
18,4042752,1880.5,2150,0.0847,1.42,0.539,0.667,6.0,0.0143,0.0003,0.35
19,4048896,1883.3,2150,0.0993,1.095,0.479,0.25,6.0,0.0102,0.0003,0.35
20,4055040,1886.2,2150,0.0941,1.112,0.5,0.25,6.0,0.0172,0.0003,0.35
21,4061184,1889.5,2149,0.1006,1.057,0.451,0.333,6.0,0.0115,0.0003,0.35
22,4067328,1892.3,2149,0.1051,1.033,0.42,0.0,6.0,0.0124,0.0003,0.35
23,4073472,1895.5,2149,0.0886,1.232,0.526,0.6,6.0,0.0135,0.0003,0.35
24,4079616,1898.7,2149,0.1006,1.155,0.442,0.048,6.0,0.0189,0.0003,0.35
25,4085760,1901.8,2148,0.1152,0.905,0.459,0.667,6.0,0.0163,0.0003,0.35
26,4091904,1904.8,2148,0.1008,1.017,0.532,0.429,6.0,0.0184,0.0003,0.35
27,4098048,1907.8,2148,0.1112,0.919,0.489,0.0,6.0,0.0152,0.0003,0.35
28,4104192,1911.0,2148,0.0911,1.182,0.481,0.429,6.0,0.0149,0.0003,0.35
29,4110336,1914.1,2147,0.111,0.918,0.382,0.0,6.0,0.0171,0.0003,0.35
30,4116480,1917.3,2147,0.0904,1.208,0.499,1.0,6.0,0.0136,0.0003,0.35
31,4122624,1920.3,2147,0.0812,1.377,0.496,0.25,6.0,0.0133,0.0003,0.35
32,4128768,1923.3,2147,0.0841,1.409,0.538,0.19,6.0,0.0141,0.0003,0.35
33,4134912,1926.3,2147,0.0938,1.293,0.456,0.667,6.0,0.0156,0.0003,0.35
34,4141056,1929.1,2147,0.0996,1.085,0.483,0.2,6.0,0.0165,0.0003,0.35
35,4147200,1931.9,2147,0.0936,1.115,0.485,0.4,6.0,0.0177,0.0003,0.35
36,4153344,1934.7,2147,0.0947,1.201,0.447,0.0,6.0,0.0141,0.0003,0.35
37,4159488,1937.5,2147,0.0857,1.369,0.476,0.375,6.0,0.013,0.0003,0.35
38,4165632,1940.3,2147,0.0806,1.237,0.568,0.5,6.0,0.0144,0.0003,0.35
39,4171776,1943.1,2147,0.0956,1.101,0.508,0.25,6.0,0.0111,0.0003,0.35
40,4177920,1946.1,2147,0.1013,0.946,0.495,0.133,6.0,0.0153,0.0003,0.35
41,4184064,1949.4,2146,0.1066,0.934,0.498,0.333,6.0,0.0136,0.0003,0.35
42,4190208,1952.5,2146,0.0937,1.342,0.437,0.333,6.0,0.013,0.0003,0.35
43,4196352,1955.7,2146,0.1079,1.011,0.45,0.0,6.0,0.0133,0.0003,0.35
44,4202496,1958.9,2145,0.0846,1.513,0.486,0.2,6.0,0.0085,0.0003,0.35
45,4208640,1961.9,2145,0.0915,1.166,0.478,0.286,6.0,0.0211,0.0002,0.35
46,4214784,1964.8,2145,0.0991,1.223,0.438,0.167,6.0,0.0246,0.000133,0.35
47,4220928,1968.1,2145,0.0913,1.271,0.405,0.091,6.0,0.0176,0.0003,0.35
48,4227072,1971.1,2145,0.0991,1.047,0.452,0.0,6.0,0.0112,0.0003,0.35
49,4233216,1974.4,2144,0.0873,1.258,0.493,0.143,6.0,0.0161,0.0003,0.35
50,4239360,1977.7,2144,0.1096,1.151,0.334,0.143,6.0,0.013,0.0003,0.35
51,4245504,1980.9,2143,0.1027,1.089,0.488,0.0,6.0,0.0163,0.0003,0.35
52,4251648,1983.8,2143,0.0898,1.266,0.44,0.2,6.0,0.0146,0.0003,0.35
53,4257792,1986.9,2143,0.1016,1.042,0.416,0.143,6.0,0.0142,0.0003,0.35
54,4263936,1989.8,2143,0.094,1.099,0.45,0.25,6.0,0.0128,0.0003,0.35
55,4270080,1992.9,2143,0.095,1.075,0.562,0.091,6.0,0.0116,0.0003,0.35
56,4276224,1996.2,2142,0.0886,1.199,0.533,0.4,6.0,0.0168,0.0003,0.35
57,4282368,1999.6,2142,0.1001,1.063,0.409,0.0,6.0,0.0136,0.0003,0.35
58,4288512,2002.5,2142,0.0979,1.058,0.487,0.556,6.0,0.0151,0.0003,0.35
59,4294656,2005.7,2141,0.0973,1.054,0.537,0.5,6.0,0.0111,0.0003,0.35
60,4300800,2009.0,2141,0.0956,1.035,0.583,0.167,6.0,0.0117,0.0003,0.35
61,4306944,2012.4,2140,0.1035,0.892,0.534,0.429,6.0,0.0164,0.0003,0.35
62,4313088,2015.6,2140,0.106,1.07,0.436,0.5,6.0,0.0189,0.0003,0.35
63,4319232,2018.6,2140,0.0997,1.235,0.391,0.125,6.0,0.0171,0.0003,0.35
64,4325376,2022.0,2139,0.0946,1.194,0.462,0.2,6.0,0.0105,0.0003,0.35
65,4331520,2025.1,2139,0.0922,1.109,0.517,0.333,6.0,0.0211,0.0002,0.35
66,4337664,2028.1,2139,0.0956,1.136,0.492,0.5,6.0,0.0199,0.0003,0.35
67,4343808,2031.1,2139,0.1011,1.007,0.493,1.0,6.0,0.0158,0.0003,0.35
68,4349952,2034.2,2138,0.109,0.89,0.418,0.143,6.0,0.0149,0.0003,0.35
69,4356096,2037.4,2138,0.1139,0.756,0.459,0.167,6.0,0.0221,0.0002,0.35
70,4362240,2040.8,2138,0.1063,0.83,0.534,0.0,6.0,0.0198,0.0003,0.35
71,4368384,2044.1,2137,0.1104,1.014,0.368,0.0,6.0,0.0134,0.0003,0.35
72,4374528,2047.0,2137,0.1016,1.295,0.317,0.0,6.0,0.0166,0.0003,0.35
73,4380672,2050.1,2137,0.1024,0.998,0.465,0.167,6.0,0.0149,0.0003,0.35
74,4386816,2053.2,2137,0.1012,1.101,0.379,0.125,6.0,0.0146,0.0003,0.35
75,4392960,2056.2,2136,0.1063,1.061,0.414,0.25,6.0,0.0136,0.0003,0.35
76,4399104,2059.3,2136,0.0953,1.013,0.543,0.222,6.0,0.015,0.0003,0.35
77,4405248,2062.4,2136,0.1048,1.053,0.372,0.333,6.0,0.0172,0.0003,0.35
78,4411392,2065.5,2136,0.1022,1.051,0.478,0.0,6.0,0.0124,0.0003,0.35
79,4417536,2068.7,2135,0.0896,1.296,0.514,0.667,6.0,0.0165,0.0003,0.35
80,4423680,2071.6,2135,0.0936,1.115,0.5,0.375,6.0,0.0161,0.0003,0.35
81,4429824,2074.6,2135,0.089,1.427,0.498,0.0,6.0,0.0182,0.0003,0.35
82,4435968,2077.6,2135,0.0788,1.38,0.515,0.375,6.0,0.0153,0.0003,0.35
83,4442112,2080.7,2135,0.0984,0.953,0.481,0.429,6.0,0.0157,0.0003,0.35
84,4448256,2083.5,2135,0.0942,1.09,0.468,0.111,6.0,0.0115,0.0003,0.35
85,4454400,2086.4,2135,0.1027,0.916,0.459,0.2,6.0,0.0129,0.0003,0.35
86,4460544,2089.5,2135,0.0789,1.48,0.54,0.4,6.0,0.0145,0.0003,0.35
87,4466688,2092.3,2135,0.0898,0.99,0.605,0.333,6.0,0.0156,0.0003,0.35
88,4472832,2095.1,2135,0.1027,0.92,0.499,0.167,6.0,0.0153,0.0003,0.35
89,4478976,2098.3,2135,0.0979,0.886,0.525,0.25,6.0,0.0164,0.0003,0.35
90,4485120,2101.3,2134,0.0973,0.96,0.528,0.6,6.0,0.0123,0.0003,0.35
91,4491264,2104.3,2134,0.1064,1.16,0.396,0.167,6.0,0.0189,0.0003,0.35
92,4497408,2107.3,2134,0.1071,0.906,0.427,0.4,6.0,0.0177,0.0003,0.35
93,4503552,2110.4,2134,0.1089,1.088,0.385,0.0,6.0,0.0193,0.0003,0.35
94,4509696,2113.9,2133,0.1031,0.941,0.511,0.125,6.0,0.0091,0.0003,0.35
95,4515840,2117.1,2133,0.0987,0.998,0.553,0.2,6.0,0.0105,0.0003,0.35
96,4521984,2120.2,2133,0.0912,1.125,0.524,0.571,6.0,0.0139,0.0003,0.35
97,4528128,2123.1,2133,0.099,1.03,0.406,0.5,6.0,0.0139,0.0003,0.35
98,4534272,2126.1,2133,0.1026,0.967,0.415,0.0,6.0,0.0159,0.0003,0.35
99,4540416,2129.3,2132,0.1028,0.911,0.447,0.2,6.0,0.0126,0.0003,0.35
100,4546560,2132.1,2132,0.1,1.062,0.469,0.125,6.0,0.0138,0.0003,0.35
101,4552704,2135.2,2132,0.1014,1.101,0.455,0.2,6.0,0.0132,0.0003,0.35
102,4558848,2138.3,2132,0.1092,1.026,0.356,0.333,6.0,0.0136,0.0003,0.35
103,4564992,2141.2,2132,0.0999,1.152,0.41,0.2,6.0,0.0162,0.0003,0.35
104,4571136,2144.3,2132,0.1141,0.843,0.372,0.0,6.0,0.0169,0.0003,0.35
105,4577280,2147.2,2132,0.0981,1.078,0.518,0.6,6.0,0.0126,0.0003,0.35
106,4583424,2150.1,2132,0.0902,1.283,0.508,0.25,6.0,0.0075,0.0003,0.35
107,4589568,2153.0,2132,0.1059,0.892,0.494,0.429,6.0,0.0108,0.0003,0.35
108,4595712,2156.3,2131,0.1013,0.923,0.565,0.0,6.0,0.0114,0.0003,0.35
109,4601856,2159.3,2131,0.0968,0.842,0.679,0.0,6.0,0.0143,0.0003,0.35
110,4608000,2162.2,2131,0.0968,1.031,0.496,0.125,6.0,0.0105,0.0003,0.35
111,4614144,2165.1,2131,0.092,1.063,0.537,0.1,6.0,0.0144,0.0003,0.35
112,4620288,2167.9,2131,0.1104,0.835,0.411,0.5,6.0,0.0195,0.0003,0.35
113,4626432,2171.0,2131,0.1028,0.889,0.482,0.625,6.0,0.0151,0.0003,0.35
114,4632576,2173.8,2131,0.0879,1.165,0.505,0.333,6.0,0.0127,0.0003,0.35
115,4638720,2176.8,2131,0.104,0.963,0.464,0.167,6.0,0.0147,0.0003,0.35
116,4644864,2179.9,2131,0.1058,1.024,0.408,0.5,6.0,0.0168,0.0003,0.35
117,4651008,2183.0,2131,0.0981,1.118,0.464,0.0,6.0,0.0114,0.0003,0.35
118,4657152,2186.2,2130,0.0899,1.24,0.534,0.4,6.0,0.0144,0.0003,0.35
119,4663296,2189.3,2130,0.0992,1.07,0.416,0.182,6.0,0.0194,0.0003,0.35
120,4669440,2192.2,2130,0.0883,1.493,0.419,0.375,6.0,0.0117,0.0003,0.35
121,4675584,2195.0,2130,0.0915,1.288,0.372,0.0,6.0,0.0124,0.0003,0.35
122,4681728,2197.9,2130,0.0865,1.414,0.465,0.333,6.0,0.0141,0.0003,0.35
123,4687872,2200.8,2130,0.0692,1.391,0.584,0.333,6.0,0.0135,0.0003,0.35
124,4694016,2203.7,2130,0.0794,1.585,0.518,0.5,6.0,0.0117,0.0003,0.35
125,4700160,2206.5,2130,0.084,1.32,0.508,0.222,6.0,0.0124,0.0003,0.35
126,4706304,2209.2,2130,0.0897,1.169,0.486,0.25,6.0,0.0151,0.0003,0.35
127,4712448,2212.1,2130,0.1073,1.061,0.378,0.364,6.0,0.0146,0.0003,0.35
128,4718592,2215.1,2130,0.0999,1.272,0.403,0.0,6.0,0.0127,0.0003,0.35
129,4724736,2218.3,2130,0.0976,1.108,0.456,0.6,6.0,0.0141,0.0003,0.35
130,4730880,2221.9,2129,0.0917,1.44,0.435,0.333,6.0,0.0123,0.0003,0.35
131,4737024,2224.8,2129,0.1119,1.033,0.355,0.25,6.0,0.013,0.0003,0.35
132,4743168,2227.8,2129,0.0956,1.101,0.41,0.25,6.0,0.0177,0.0003,0.35
133,4749312,2230.8,2129,0.1086,1.056,0.408,0.333,6.0,0.0149,0.0003,0.35
134,4755456,2233.8,2129,0.098,1.264,0.44,0.222,6.0,0.0195,0.0003,0.35
135,4761600,2236.9,2129,0.1039,0.861,0.514,0.143,6.0,0.018,0.0003,0.35
136,4767744,2239.8,2129,0.0977,1.0,0.497,0.0,6.0,0.0186,0.0003,0.35
137,4773888,2242.7,2129,0.0965,0.97,0.486,0.571,6.0,0.0156,0.0003,0.35
138,4780032,2245.7,2129,0.1114,0.849,0.432,0.167,6.0,0.0177,0.0003,0.35
139,4786176,2248.8,2128,0.1097,0.936,0.428,0.3,6.0,0.0216,0.0002,0.35
140,4792320,2251.8,2128,0.0972,1.036,0.479,0.2,6.0,0.0081,0.0003,0.35
141,4798464,2254.9,2128,0.1002,1.028,0.484,0.2,6.0,0.0159,0.0003,0.35
142,4804608,2258.1,2128,0.103,1.045,0.444,0.0,6.0,0.0172,0.0003,0.35
143,4810752,2261.1,2128,0.0989,1.128,0.421,0.4,6.0,0.0172,0.0003,0.35
144,4816896,2264.2,2127,0.0932,1.041,0.539,0.333,6.0,0.018,0.0003,0.35
145,4823040,2267.2,2127,0.0839,1.141,0.581,0.375,6.0,0.0116,0.0003,0.35
146,4829184,2270.1,2127,0.0998,0.879,0.471,0.333,6.0,0.0162,0.0003,0.35
147,4835328,2273.0,2127,0.103,1.081,0.395,0.0,6.0,0.0141,0.0003,0.35
148,4841472,2276.0,2127,0.0995,1.07,0.444,0.2,6.0,0.0214,0.0002,0.35
149,4847616,2279.2,2127,0.1008,1.012,0.488,0.0,6.0,0.0182,0.0003,0.35
150,4853760,2282.2,2127,0.0895,1.03,0.569,0.5,6.0,0.0208,0.0002,0.35
151,4859904,2285.0,2127,0.0995,1.208,0.425,0.0,6.0,0.0156,0.0003,0.35
152,4866048,2288.3,2127,0.0912,1.236,0.459,0.5,6.0,0.0142,0.0003,0.35
153,4872192,2291.2,2127,0.0924,1.393,0.405,0.25,6.0,0.012,0.0003,0.35
154,4878336,2294.0,2127,0.1061,1.082,0.358,0.0,6.0,0.0149,0.0003,0.35
155,4884480,2297.0,2126,0.1036,1.003,0.444,0.429,6.0,0.0181,0.0003,0.35
156,4890624,2300.0,2126,0.1023,1.049,0.503,0.2,6.0,0.0119,0.0003,0.35
157,4896768,2303.1,2126,0.0881,1.22,0.523,0.5,6.0,0.0135,0.0003,0.35
158,4902912,2306.0,2126,0.0876,1.34,0.533,0.0,6.0,0.0259,8.9e-05,0.35
159,4909056,2309.3,2126,0.0909,1.265,0.421,0.25,6.0,0.0102,0.0002,0.35
160,4915200,2312.4,2126,0.1008,0.965,0.451,0.0,6.0,0.0162,0.0003,0.35
161,4921344,2315.5,2125,0.0993,0.891,0.538,0.25,6.0,0.0128,0.0003,0.35
162,4927488,2318.6,2125,0.1068,1.014,0.459,0.0,6.0,0.0209,0.0002,0.35
163,4933632,2321.4,2125,0.0885,1.177,0.559,0.3,6.0,0.0117,0.0003,0.35
164,4939776,2324.2,2125,0.0921,1.204,0.51,0.1,6.0,0.0139,0.0003,0.35
165,4945920,2327.0,2125,0.0885,1.26,0.536,0.25,6.0,0.0122,0.0003,0.35
166,4952064,2329.8,2126,0.1013,1.015,0.48,0.143,6.0,0.0204,0.0002,0.35
167,4958208,2332.6,2126,0.1033,1.017,0.453,0.5,6.0,0.0157,0.0003,0.35
168,4964352,2335.8,2125,0.0918,1.394,0.404,0.0,6.0,0.0154,0.0003,0.35
169,4970496,2339.0,2125,0.1001,1.16,0.366,0.286,6.0,0.0127,0.0003,0.35
170,4976640,2342.1,2125,0.092,1.298,0.467,0.444,6.0,0.0088,0.0003,0.35
171,4982784,2345.1,2125,0.0809,1.37,0.57,0.111,6.0,0.0123,0.0003,0.35
172,4988928,2348.3,2124,0.0811,1.124,0.62,0.333,6.0,0.0118,0.0003,0.35
173,4995072,2351.3,2124,0.103,0.866,0.505,0.167,6.0,0.0144,0.0003,0.35
174,5001216,2354.1,2124,0.0874,1.232,0.559,0.25,6.0,0.0152,0.0003,0.35
175,5007360,2357.1,2124,0.0964,1.201,0.451,0.333,6.0,0.0147,0.0003,0.35
176,5013504,2360.1,2124,0.0909,1.329,0.434,0.0,6.0,0.0239,8.9e-05,0.35
177,5019648,2363.2,2124,0.0834,1.528,0.44,0.333,6.0,0.0119,0.0002,0.35
178,5025792,2366.5,2124,0.0931,1.28,0.426,0.0,6.0,0.0131,0.0003,0.35
179,5031936,2369.7,2123,0.0824,1.277,0.602,0.2,6.0,0.0114,0.0003,0.35
180,5038080,2373.0,2123,0.0935,1.284,0.414,0.5,6.0,0.024,0.000133,0.35
181,5044224,2376.1,2123,0.1066,0.972,0.436,0.0,6.0,0.0128,0.0002,0.35
182,5050368,2379.1,2123,0.1008,1.126,0.457,0.125,6.0,0.0222,0.0002,0.35
183,5056512,2382.1,2123,0.107,1.029,0.443,0.25,6.0,0.0135,0.0003,0.35
184,5062656,2385.2,2123,0.0978,1.108,0.459,0.167,6.0,0.0137,0.0003,0.35
185,5068800,2388.3,2122,0.1152,0.743,0.366,0.167,6.0,0.0169,0.0003,0.35
186,5074944,2391.3,2122,0.095,1.103,0.547,0.182,6.0,0.0114,0.0003,0.35
187,5081088,2394.2,2122,0.1019,0.884,0.475,0.0,6.0,0.0147,0.0003,0.35
188,5087232,2397.1,2122,0.0896,0.946,0.681,0.25,6.0,0.0139,0.0003,0.35
189,5093376,2400.1,2122,0.0796,1.263,0.593,0.143,6.0,0.0173,0.0003,0.35
190,5099520,2402.8,2122,0.0967,0.999,0.424,0.25,6.0,0.0172,0.0003,0.35
191,5105664,2405.9,2122,0.094,0.979,0.529,0.25,6.0,0.0145,0.0003,0.35
192,5111808,2408.8,2122,0.1007,0.905,0.473,0.286,6.0,0.0148,0.0003,0.35
193,5117952,2411.6,2122,0.0949,1.189,0.5,0.286,6.0,0.0165,0.0003,0.35
194,5124096,2414.7,2122,0.1149,0.913,0.339,0.0,6.0,0.0207,0.0002,0.35
195,5130240,2417.7,2122,0.1194,0.895,0.32,0.167,6.0,0.0161,0.0003,0.35
196,5136384,2420.9,2122,0.1135,0.999,0.345,0.5,6.0,0.0187,0.0003,0.35
197,5142528,2424.0,2122,0.1034,0.862,0.593,0.545,7.0,0.0217,0.0002,0.35
198,5148672,2427.2,2121,0.0961,1.155,0.611,0.25,7.0,0.012,0.0003,0.35
199,5154816,2430.4,2121,0.0825,1.235,0.645,0.667,7.0,0.0117,0.0003,0.35
200,5160960,2433.3,2121,0.0805,1.392,0.555,0.25,7.0,0.0173,0.0003,0.35
201,5167104,2436.3,2121,0.0895,1.342,0.471,0.0,7.0,0.0157,0.0003,0.35
202,5173248,2439.3,2121,0.0679,1.908,0.474,0.25,7.0,0.0112,0.0003,0.35
203,5179392,2442.2,2121,0.0799,1.374,0.447,0.4,7.0,0.0154,0.0003,0.35
204,5185536,2445.0,2121,0.0999,1.005,0.486,0.143,7.0,0.0127,0.0003,0.35
205,5191680,2447.6,2121,0.0845,1.43,0.51,0.0,7.0,0.0162,0.0003,0.35
206,5197824,2450.4,2121,0.0819,1.465,0.419,0.75,7.0,0.0145,0.0003,0.35
207,5203968,2453.1,2121,0.0879,1.338,0.472,0.667,7.0,0.0155,0.0003,0.35
208,5210112,2456.1,2121,0.0839,1.416,0.56,0.3,7.0,0.0187,0.0003,0.35
209,5216256,2459.0,2121,0.0978,1.079,0.468,0.4,7.0,0.0199,0.0003,0.35
210,5222400,2461.9,2121,0.0884,1.141,0.677,0.3,7.0,0.0152,0.0003,0.35
211,5228544,2464.8,2121,0.0806,1.422,0.535,0.25,7.0,0.0185,0.0003,0.35
212,5234688,2467.8,2121,0.0879,1.402,0.483,0.0,7.0,0.0158,0.0003,0.35
213,5240832,2470.9,2121,0.0835,1.299,0.549,0.5,7.0,0.0174,0.0003,0.35
214,5246976,2473.9,2121,0.0925,1.16,0.441,0.429,7.0,0.0185,0.0003,0.35
215,5253120,2476.8,2121,0.0916,1.399,0.469,0.25,7.0,0.0114,0.0003,0.35
216,5259264,2479.8,2121,0.102,1.005,0.432,0.5,7.0,0.0169,0.0003,0.35
217,5265408,2482.6,2121,0.0778,1.558,0.541,0.571,7.0,0.015,0.0003,0.35
218,5271552,2485.5,2121,0.0921,1.435,0.422,0.25,7.0,0.0197,0.0003,0.35
219,5277696,2488.5,2121,0.0889,1.779,0.332,0.429,7.0,0.0145,0.0003,0.35
220,5283840,2491.5,2121,0.0797,1.587,0.451,0.667,7.0,0.0208,0.0002,0.35
221,5289984,2494.7,2121,0.0964,1.18,0.505,0.267,7.0,0.0187,0.0003,0.35
222,5296128,2497.8,2120,0.0833,1.234,0.67,0.625,7.0,0.0569,8.9e-05,0.35
223,5302272,2500.9,2120,0.1023,0.956,0.517,0.25,7.0,0.0082,0.0002,0.35
224,5308416,2503.8,2120,0.0911,1.312,0.512,0.333,7.0,0.0177,0.0003,0.35
225,5314560,2506.9,2120,0.0877,1.48,0.466,0.286,7.0,0.0168,0.0003,0.35
226,5320704,2509.8,2120,0.069,1.826,0.495,0.5,7.0,0.0119,0.0003,0.35
227,5326848,2512.9,2120,0.0747,1.602,0.579,0.5,7.0,0.0145,0.0003,0.35
228,5332992,2516.1,2120,0.0645,2.038,0.513,0.6,7.0,0.0129,0.0003,0.35
229,5339136,2519.1,2119,0.0903,1.586,0.344,0.1,7.0,0.0206,0.0002,0.35
230,5345280,2522.2,2119,0.075,1.637,0.498,0.444,7.0,0.0095,0.0003,0.35
231,5351424,2525.3,2119,0.0827,1.541,0.467,0.429,7.0,0.0121,0.0003,0.35
232,5357568,2528.1,2119,0.0685,1.768,0.538,0.714,7.0,0.0111,0.0003,0.35
233,5363712,2531.2,2119,0.0723,1.61,0.605,0.4,7.0,0.016,0.0003,0.35
234,5369856,2534.3,2119,0.0798,1.539,0.505,0.6,7.0,0.0136,0.0003,0.35
235,5376000,2537.1,2119,0.0877,1.229,0.471,0.714,7.0,0.0176,0.0003,0.35
236,5382144,2539.8,2119,0.0852,1.563,0.377,0.5,7.0,0.0139,0.0003,0.35
237,5388288,2542.7,2119,0.0876,1.405,0.457,0.222,7.0,0.0164,0.0003,0.35
238,5394432,2545.5,2119,0.074,1.338,0.605,0.5,7.0,0.0146,0.0003,0.35
239,5400576,2548.7,2119,0.0947,1.186,0.473,0.286,7.0,0.0195,0.0003,0.35
240,5406720,2551.8,2119,0.0817,1.276,0.63,0.5,7.0,0.0183,0.0003,0.35
241,5412864,2554.8,2119,0.0864,1.229,0.539,0.417,7.0,0.0189,0.0003,0.35
242,5419008,2557.9,2119,0.0905,1.294,0.487,0.5,7.0,0.0124,0.0003,0.35
243,5425152,2561.0,2118,0.0793,1.356,0.529,0.375,7.0,0.0126,0.0003,0.35
244,5431296,2564.0,2118,0.0916,1.051,0.52,0.375,7.0,0.0171,0.0003,0.35
245,5437440,2567.0,2118,0.0767,1.675,0.498,0.625,7.0,0.0171,0.0003,0.35
246,5443584,2570.0,2118,0.0854,1.348,0.551,0.0,7.0,0.0122,0.0003,0.35
247,5449728,2573.0,2118,0.0669,1.735,0.564,0.5,7.0,0.0173,0.0003,0.35
248,5455872,2576.1,2118,0.0756,1.812,0.507,0.667,7.0,0.0178,0.0003,0.35
249,5462016,2579.2,2118,0.0687,1.694,0.539,0.357,7.0,0.0185,0.0003,0.35
250,5468160,2582.2,2118,0.0925,1.184,0.534,1.0,7.0,0.0169,0.0003,0.35
251,5474304,2585.2,2118,0.0708,1.517,0.574,0.5,7.0,0.0215,0.0002,0.35
252,5480448,2588.2,2117,0.0869,1.429,0.455,0.333,7.0,0.0206,0.0002,0.35
253,5486592,2591.2,2117,0.0839,1.506,0.514,0.333,7.0,0.0106,0.0003,0.35
254,5492736,2594.2,2117,0.0828,1.222,0.622,0.625,7.0,0.0235,0.0002,0.35
255,5498880,2597.3,2117,0.087,1.381,0.556,0.308,7.0,0.0129,0.0003,0.35
256,5505024,2600.4,2117,0.0824,1.443,0.51,0.5,7.0,0.0184,0.0003,0.35
257,5511168,2603.3,2117,0.0874,1.314,0.451,0.222,7.0,0.0154,0.0003,0.35
258,5517312,2606.5,2117,0.0887,1.294,0.581,0.75,7.0,0.0113,0.0003,0.35
259,5523456,2609.5,2117,0.0875,1.157,0.659,0.222,7.0,0.022,0.0002,0.35
260,5529600,2612.6,2116,0.078,1.328,0.696,0.286,7.0,0.0116,0.0003,0.35
261,5535744,2615.7,2116,0.0945,1.206,0.466,0.0,7.0,0.0102,0.0003,0.35
262,5541888,2618.5,2116,0.0757,1.58,0.525,0.333,7.0,0.0156,0.0003,0.35
263,5548032,2621.3,2116,0.097,0.977,0.516,0.111,7.0,0.0193,0.0003,0.35
264,5554176,2624.4,2116,0.0776,1.288,0.602,0.333,7.0,0.018,0.0003,0.35
265,5560320,2627.3,2116,0.0814,1.331,0.548,0.4,7.0,0.0158,0.0003,0.35
266,5566464,2630.3,2116,0.0807,1.494,0.536,0.5,7.0,0.0154,0.0003,0.35
267,5572608,2633.1,2116,0.0837,1.425,0.55,0.462,7.0,0.0128,0.0003,0.35
268,5578752,2636.2,2116,0.0768,1.276,0.657,0.556,7.0,0.0139,0.0003,0.35
269,5584896,2639.4,2116,0.0835,1.19,0.595,1.0,7.0,0.0161,0.0003,0.35
270,5591040,2642.7,2116,0.0836,1.296,0.609,0.429,7.0,0.0156,0.0003,0.35
271,5597184,2646.0,2115,0.0784,1.464,0.577,0.833,7.0,0.0167,0.0003,0.35
272,5603328,2649.4,2115,0.0699,1.581,0.513,0.4,7.0,0.0191,0.0003,0.35
273,5609472,2652.7,2115,0.0875,1.324,0.485,0.571,7.0,0.0128,0.0003,0.35
274,5615616,2656.0,2114,0.0893,1.383,0.418,0.429,7.0,0.0182,0.0003,0.35
275,5621760,2659.1,2114,0.0941,1.086,0.442,0.0,7.0,0.0122,0.0003,0.35
276,5627904,2663.0,2113,0.0936,1.224,0.496,0.222,7.0,0.02,0.0003,0.35
277,5634048,2666.0,2113,0.0863,1.197,0.597,0.25,7.0,0.0174,0.0003,0.35
278,5640192,2669.1,2113,0.0784,1.611,0.641,0.25,7.0,0.0218,0.000133,0.35
279,5646336,2672.1,2113,0.0923,1.098,0.476,0.2,7.0,0.0167,0.0003,0.35
280,5652480,2675.1,2113,0.0859,1.349,0.468,0.333,7.0,0.0187,0.0003,0.35
281,5658624,2678.4,2113,0.0904,1.382,0.485,0.5,7.0,0.0161,0.0003,0.35
282,5664768,2681.6,2112,0.0718,1.49,0.621,0.286,7.0,0.0192,0.0003,0.35
283,5670912,2684.9,2112,0.0786,1.309,0.58,0.375,7.0,0.0167,0.0003,0.35
284,5677056,2688.0,2112,0.078,1.338,0.591,0.5,7.0,0.0112,0.0003,0.35
285,5683200,2691.0,2112,0.0868,0.985,0.629,0.444,7.0,0.0165,0.0003,0.35
286,5689344,2693.9,2112,0.0767,1.154,0.64,0.667,7.0,0.0218,0.000133,0.35
287,5695488,2697.4,2111,0.1107,0.751,0.442,0.143,7.0,0.0134,0.0002,0.35
288,5701632,2700.7,2111,0.086,1.593,0.531,0.333,7.0,0.0159,0.0003,0.35
289,5707776,2703.9,2111,0.0811,1.632,0.469,0.8,7.0,0.0214,0.0002,0.35
290,5713920,2706.9,2111,0.0738,1.446,0.599,0.333,7.0,0.019,0.0003,0.35
291,5720064,2710.2,2111,0.0806,1.319,0.578,0.4,7.0,0.0189,0.0003,0.35
292,5726208,2713.2,2110,0.0932,1.164,0.493,0.667,7.0,0.0198,0.0003,0.35
293,5732352,2716.5,2110,0.085,1.209,0.552,0.286,7.0,0.0133,0.0003,0.35
294,5738496,2719.6,2110,0.0869,1.318,0.523,0.375,7.0,0.0191,0.0003,0.35
295,5744640,2722.6,2110,0.0906,1.143,0.524,0.167,7.0,0.0183,0.0003,0.35
296,5750784,2725.8,2110,0.0718,1.586,0.587,0.222,7.0,0.0141,0.0003,0.35
297,5756928,2729.3,2109,0.0707,1.497,0.571,0.875,7.0,0.012,0.0003,0.35
298,5763072,2732.2,2109,0.0959,1.18,0.479,0.25,7.0,0.025,0.000133,0.35
299,5769216,2735.3,2109,0.1035,1.016,0.441,0.25,7.0,0.0115,0.0002,0.35
300,5775360,2738.5,2109,0.084,1.298,0.589,0.4,7.0,0.0137,0.0003,0.35
301,5781504,2741.6,2109,0.0833,1.48,0.624,0.571,7.0,0.0145,0.0003,0.35
302,5787648,2744.8,2109,0.077,1.652,0.544,0.333,7.0,0.0191,0.0003,0.35
303,5793792,2747.9,2108,0.0804,1.393,0.555,0.2,7.0,0.0187,0.0003,0.35
304,5799936,2750.8,2108,0.0841,1.279,0.627,0.125,7.0,0.0199,0.0003,0.35
305,5806080,2753.8,2108,0.0739,1.321,0.727,0.625,7.0,0.0161,0.0003,0.35
306,5812224,2756.8,2108,0.0839,1.115,0.626,0.2,7.0,0.0234,0.000133,0.35
307,5818368,2759.9,2108,0.0772,1.399,0.728,0.4,7.0,0.0118,0.0002,0.35
308,5824512,2763.0,2108,0.09,1.089,0.587,0.333,7.0,0.0205,0.0002,0.35
309,5830656,2766.3,2108,0.1025,0.973,0.411,0.333,7.0,0.0149,0.0003,0.35
310,5836800,2769.4,2108,0.0889,1.347,0.406,0.125,7.0,0.0165,0.0003,0.35
311,5842944,2772.5,2107,0.0809,1.246,0.555,0.5,7.0,0.0193,0.0003,0.35
312,5849088,2775.4,2108,0.0735,1.464,0.615,0.375,7.0,0.0139,0.0003,0.35
313,5855232,2778.4,2107,0.0837,0.991,0.619,0.538,7.0,0.0213,0.0002,0.35
314,5861376,2781.1,2108,0.0908,1.226,0.554,0.125,7.0,0.0195,0.0003,0.35
315,5867520,2784.1,2107,0.0852,1.31,0.577,0.375,7.0,0.0117,0.0003,0.35
316,5873664,2787.3,2107,0.0869,1.308,0.492,0.25,7.0,0.0142,0.0003,0.35
317,5879808,2790.5,2107,0.0868,1.29,0.549,0.333,7.0,0.013,0.0003,0.35
318,5885952,2793.6,2107,0.0891,1.391,0.448,0.4,7.0,0.0187,0.0003,0.35
319,5892096,2796.8,2107,0.0918,1.422,0.432,0.333,7.0,0.0165,0.0003,0.35
320,5898240,2799.9,2107,0.0764,1.405,0.588,0.3,7.0,0.0149,0.0003,0.35
321,5904384,2803.1,2106,0.0914,1.014,0.55,0.214,7.0,0.0206,0.0002,0.35
322,5910528,2806.3,2106,0.0865,1.376,0.492,0.222,7.0,0.0173,0.0003,0.35
323,5916672,2809.5,2106,0.0845,1.438,0.517,0.25,7.0,0.0148,0.0003,0.35
324,5922816,2812.8,2106,0.0769,1.411,0.538,0.6,7.0,0.0185,0.0003,0.35
325,5928960,2816.0,2105,0.0852,1.171,0.571,0.286,7.0,0.0172,0.0003,0.35
326,5935104,2819.2,2105,0.0789,1.075,0.712,0.8,7.0,0.0162,0.0003,0.35
327,5941248,2822.5,2105,0.0811,1.26,0.589,0.375,7.0,0.0151,0.0003,0.35
328,5947392,2825.7,2105,0.083,1.328,0.56,0.286,7.0,0.0158,0.0003,0.35
329,5953536,2829.1,2104,0.0847,1.521,0.498,0.2,7.0,0.0124,0.0003,0.35
330,5959680,2832.2,2104,0.1046,0.924,0.444,0.5,7.0,0.021,0.0002,0.35
331,5965824,2835.3,2104,0.098,1.176,0.497,0.5,7.0,0.0141,0.0003,0.35
332,5971968,2838.3,2104,0.0848,1.366,0.552,0.143,7.0,0.0138,0.0003,0.35
333,5978112,2841.6,2104,0.0761,1.402,0.613,0.5,7.0,0.0144,0.0003,0.35
334,5984256,2845.0,2103,0.0778,1.358,0.55,0.429,7.0,0.0164,0.0003,0.35
335,5990400,2848.3,2103,0.0859,1.205,0.582,0.5,7.0,0.0111,0.0003,0.35
336,5996544,2851.5,2103,0.0763,1.433,0.586,0.5,7.0,0.0201,0.0002,0.35
337,6002688,2854.9,2103,0.086,1.363,0.485,0.231,7.0,0.02,0.0003,0.35
338,6008832,2858.3,2102,0.0899,1.279,0.452,0.6,7.0,0.0136,0.0003,0.35
339,6014976,2861.4,2102,0.0841,1.255,0.509,0.75,7.0,0.0072,0.0003,0.35
340,6021120,2864.6,2102,0.0858,1.229,0.591,0.333,7.0,0.0133,0.0003,0.35
341,6027264,2867.7,2102,0.0836,1.402,0.586,0.333,7.0,0.021,0.0002,0.35
342,6033408,2870.8,2102,0.0765,1.526,0.531,0.4,7.0,0.0162,0.0003,0.35
343,6039552,2873.9,2102,0.0801,1.289,0.695,0.364,7.0,0.0176,0.0003,0.35
344,6045696,2877.2,2101,0.0696,1.373,0.712,0.545,7.0,0.0216,0.0002,0.35
345,6051840,2880.4,2101,0.084,1.378,0.51,0.2,7.0,0.0306,8.9e-05,0.35
346,6057984,2883.3,2101,0.0936,1.413,0.432,0.429,7.0,0.0114,0.0003,0.35
347,6064128,2886.2,2101,0.0828,1.398,0.521,0.833,7.0,0.01,0.0003,0.35
348,6070272,2889.0,2101,0.063,1.502,0.646,0.571,7.0,0.0171,0.0003,0.35
349,6076416,2891.9,2101,0.0809,1.289,0.636,0.5,7.0,0.0159,0.0003,0.35
350,6082560,2894.9,2101,0.0854,1.355,0.566,0.571,7.0,0.0201,0.0002,0.35
351,6088704,2898.1,2101,0.083,1.344,0.625,0.25,7.0,0.0184,0.0003,0.35
352,6094848,2901.4,2101,0.0858,1.173,0.546,0.182,7.0,0.018,0.0003,0.35
353,6100992,2904.4,2101,0.0908,0.957,0.552,0.333,7.0,0.0195,0.0003,0.35
354,6107136,2907.6,2100,0.0897,1.328,0.427,0.429,7.0,0.0147,0.0003,0.35
355,6113280,2910.9,2100,0.0917,1.297,0.485,0.571,7.0,0.0234,8.9e-05,0.35
356,6119424,2914.0,2100,0.0912,1.179,0.526,0.2,7.0,0.0109,0.0002,0.35
357,6125568,2916.9,2100,0.0783,1.405,0.608,0.667,7.0,0.0161,0.0003,0.35
358,6131712,2920.0,2100,0.0785,1.341,0.596,0.6,7.0,0.0194,0.0003,0.35
359,6137856,2923.0,2100,0.0746,1.7,0.525,0.333,7.0,0.0151,0.0003,0.35
360,6144000,2926.1,2100,0.0692,1.591,0.642,0.562,7.0,0.0105,0.0003,0.35
361,6150144,2929.2,2100,0.0716,1.133,0.747,0.444,7.0,0.017,0.0003,0.35
362,6156288,2932.4,2099,0.0846,1.364,0.615,0.375,7.0,0.0119,0.0003,0.35
363,6162432,2935.6,2099,0.094,1.24,0.49,0.429,7.0,0.0174,0.0003,0.35
364,6168576,2938.7,2099,0.093,1.269,0.46,0.4,7.0,0.0163,0.0003,0.35
365,6174720,2941.7,2099,0.0847,1.188,0.544,0.5,7.0,0.0195,0.0003,0.35
366,6180864,2944.5,2099,0.0666,1.449,0.691,0.556,7.0,0.0168,0.0003,0.35
367,6187008,2947.3,2099,0.0875,1.336,0.486,0.167,7.0,0.0154,0.0003,0.35
368,6193152,2950.2,2099,0.0928,1.192,0.534,0.182,7.0,0.0258,8.9e-05,0.35
369,6199296,2953.0,2099,0.0787,1.584,0.474,0.429,7.0,0.0093,0.0003,0.35
370,6205440,2955.9,2099,0.0884,1.404,0.474,0.143,7.0,0.0171,0.0003,0.35
371,6211584,2958.9,2099,0.0725,1.631,0.573,0.333,7.0,0.0177,0.0003,0.35
372,6217728,2961.9,2099,0.0855,1.411,0.484,0.714,7.0,0.016,0.0003,0.35
373,6223872,2965.0,2099,0.0795,1.589,0.459,0.75,7.0,0.0077,0.0003,0.35
374,6230016,2968.4,2099,0.0888,1.23,0.509,0.286,7.0,0.0162,0.0003,0.35
375,6236160,2971.7,2099,0.0957,1.247,0.466,0.556,7.0,0.0181,0.0003,0.35
376,6242304,2974.7,2098,0.0986,1.285,0.436,0.364,7.0,0.0148,0.0003,0.35
377,6248448,2977.7,2098,0.0893,1.311,0.465,0.25,7.0,0.0068,0.0003,0.35
378,6254592,2980.7,2098,0.0837,1.529,0.447,0.2,7.0,0.0154,0.0003,0.35
379,6260736,2983.5,2098,0.078,1.452,0.553,0.5,7.0,0.0128,0.0003,0.35
380,6266880,2986.5,2098,0.0894,1.195,0.537,0.333,7.0,0.0165,0.0003,0.35
381,6273024,2989.5,2098,0.0795,1.567,0.597,0.6,7.0,0.0144,0.0003,0.35
382,6279168,2992.4,2098,0.0745,1.614,0.583,0.455,7.0,0.019,0.0003,0.35
383,6285312,2995.4,2098,0.0997,1.095,0.446,0.0,7.0,0.0145,0.0003,0.35
384,6291456,2998.5,2098,0.0828,1.222,0.613,0.143,7.0,0.0146,0.0003,0.35
385,6297600,3001.5,2098,0.087,1.148,0.541,0.3,7.0,0.0156,0.0003,0.35
386,6303744,3004.3,2098,0.0864,1.687,0.469,0.5,7.0,0.013,0.0003,0.35
387,6309888,3007.5,2098,0.0707,1.882,0.518,0.333,7.0,0.0149,0.0003,0.35
388,6316032,3010.6,2098,0.0872,1.546,0.45,0.286,7.0,0.0152,0.0003,0.35
389,6322176,3013.6,2098,0.0856,1.312,0.488,0.429,7.0,0.0115,0.0003,0.35
390,6328320,3016.7,2098,0.0766,1.403,0.682,0.182,7.0,0.0135,0.0003,0.35
391,6334464,3019.8,2098,0.0851,1.087,0.67,0.444,7.0,0.0133,0.0003,0.35
392,6340608,3023.1,2097,0.0832,1.469,0.609,0.429,7.0,0.0181,0.0003,0.35
393,6346752,3026.1,2097,0.0722,1.908,0.48,0.0,7.0,0.0118,0.0003,0.35
394,6352896,3029.2,2097,0.0845,1.347,0.484,0.333,7.0,0.0161,0.0003,0.35
395,6359040,3032.2,2097,0.0671,1.509,0.705,0.7,7.0,0.0138,0.0003,0.35
396,6365184,3035.3,2097,0.0721,1.408,0.638,0.5,7.0,0.0214,0.0002,0.35
397,6371328,3038.4,2097,0.0876,1.234,0.546,0.286,7.0,0.0127,0.0003,0.35
398,6377472,3041.7,2097,0.1015,1.062,0.443,0.333,7.0,0.0161,0.0003,0.35
399,6383616,3044.8,2097,0.1017,1.155,0.43,0.111,7.0,0.0266,8.9e-05,0.35
400,6389760,3047.8,2097,0.0982,1.051,0.571,0.167,7.0,0.0115,0.0002,0.35
401,6395904,3050.8,2096,0.08,1.536,0.513,0.75,7.0,0.0195,0.0003,0.35
402,6402048,3053.5,2097,0.0828,1.486,0.512,0.375,7.0,0.0172,0.0003,0.35
403,6408192,3056.5,2097,0.0984,0.994,0.463,0.25,7.0,0.0159,0.0003,0.35
404,6414336,3059.5,2097,0.0931,0.922,0.564,0.375,7.0,0.0128,0.0003,0.35
405,6420480,3062.5,2096,0.0984,1.044,0.482,0.0,7.0,0.0175,0.0003,0.35
406,6426624,3065.6,2096,0.0794,1.253,0.63,0.8,7.0,0.0222,0.000133,0.35
407,6432768,3068.8,2096,0.0831,1.276,0.566,0.333,7.0,0.0117,0.0003,0.35
408,6438912,3071.8,2096,0.0849,1.337,0.494,0.25,7.0,0.0152,0.0003,0.35
409,6445056,3074.8,2096,0.0757,1.669,0.549,0.444,7.0,0.0115,0.0003,0.35
410,6451200,3077.8,2096,0.0785,1.593,0.489,0.5,7.0,0.0141,0.0003,0.35
411,6457344,3082.7,2095,0.0653,1.646,0.672,0.364,7.0,0.0148,0.0003,0.35
412,6463488,3086.1,2094,0.0742,1.454,0.664,0.571,7.0,0.0136,0.0003,0.35
413,6469632,3089.2,2094,0.0769,1.261,0.662,0.5,7.0,0.0205,0.000133,0.35
414,6475776,3092.2,2094,0.0886,1.164,0.546,0.4,7.0,0.0161,0.0003,0.35
415,6481920,3095.3,2094,0.0777,1.551,0.578,0.222,7.0,0.0167,0.0003,0.35
416,6488064,3098.5,2094,0.0837,1.341,0.493,0.6,7.0,0.0189,0.0003,0.35
417,6494208,3101.4,2094,0.0971,1.327,0.428,0.333,7.0,0.0177,0.0003,0.35
418,6500352,3104.5,2094,0.0793,1.409,0.599,0.375,7.0,0.0176,0.0003,0.35
419,6506496,3107.3,2094,0.0911,1.46,0.444,0.444,7.0,0.0177,0.0003,0.35
420,6512640,3110.3,2094,0.0859,1.328,0.562,0.0,7.0,0.0155,0.0003,0.35
421,6518784,3113.0,2094,0.084,1.574,0.522,0.333,7.0,0.0133,0.0003,0.35
422,6524928,3115.8,2094,0.0803,1.553,0.489,0.5,7.0,0.0144,0.0003,0.35
423,6531072,3118.6,2094,0.0996,1.068,0.482,0.25,7.0,0.0125,0.0003,0.35
424,6537216,3121.6,2094,0.0859,1.273,0.594,0.25,7.0,0.0159,0.0003,0.35
425,6543360,3124.5,2094,0.081,1.314,0.544,0.455,7.0,0.0117,0.0003,0.35
426,6549504,3127.6,2094,0.0989,1.179,0.429,0.5,7.0,0.0153,0.0003,0.35
427,6555648,3130.8,2094,0.0842,1.542,0.504,0.3,7.0,0.0172,0.0003,0.35
428,6561792,3134.1,2094,0.0924,1.236,0.48,0.5,7.0,0.0146,0.0003,0.35
429,6567936,3137.4,2093,0.087,1.453,0.51,0.333,7.0,0.015,0.0003,0.35
430,6574080,3140.5,2093,0.1012,1.17,0.443,0.143,7.0,0.0156,0.0003,0.35
431,6580224,3143.5,2093,0.0828,1.275,0.516,0.333,7.0,0.0223,0.000133,0.35
432,6586368,3146.6,2093,0.0845,1.371,0.555,0.4,7.0,0.01,0.0003,0.35
433,6592512,3149.8,2093,0.0907,1.39,0.467,0.545,7.0,0.0137,0.0003,0.35
434,6598656,3152.7,2093,0.0946,1.309,0.513,0.0,7.0,0.0153,0.0003,0.35
435,6604800,3155.8,2093,0.0958,1.226,0.473,0.143,7.0,0.0153,0.0003,0.35
436,6610944,3158.6,2093,0.0871,1.29,0.559,0.667,7.0,0.015,0.0003,0.35
437,6617088,3161.6,2093,0.0838,1.575,0.533,0.444,7.0,0.0128,0.0003,0.35
438,6623232,3164.7,2093,0.0888,1.289,0.491,0.167,7.0,0.0147,0.0003,0.35
439,6629376,3168.0,2093,0.0912,1.373,0.478,0.25,7.0,0.0264,0.000133,0.35
440,6635520,3171.2,2092,0.0969,1.182,0.422,0.3,7.0,0.018,0.0002,0.35
441,6641664,3174.5,2092,0.0837,1.499,0.537,0.375,7.0,0.0142,0.0002,0.35
442,6647808,3177.7,2092,0.0926,1.236,0.475,0.286,7.0,0.0157,0.0003,0.35
443,6653952,3180.9,2092,0.0827,1.419,0.564,0.75,7.0,0.022,0.000133,0.35
444,6660096,3184.1,2092,0.0872,1.189,0.537,0.714,7.0,0.0138,0.0002,0.35
445,6666240,3187.0,2092,0.1012,1.304,0.339,0.0,7.0,0.0172,0.0003,0.35
446,6672384,3189.9,2092,0.0967,1.298,0.421,0.25,7.0,0.0224,0.0002,0.35
447,6678528,3192.6,2092,0.0836,1.488,0.499,0.143,7.0,0.0123,0.0003,0.35
448,6684672,3195.3,2092,0.097,1.378,0.405,0.143,7.0,0.0179,0.0003,0.35
449,6690816,3198.1,2092,0.0908,1.204,0.539,0.3,7.0,0.0182,0.0003,0.35
450,6696960,3201.0,2092,0.0812,1.409,0.651,0.375,7.0,0.0158,0.0003,0.35
451,6703104,3204.0,2092,0.0855,1.288,0.535,0.4,7.0,0.0203,0.0002,0.35
452,6709248,3207.1,2092,0.0885,1.134,0.581,0.143,7.0,0.0203,0.0002,0.35
453,6715392,3210.2,2092,0.0931,1.202,0.591,0.25,7.0,0.0213,0.0002,0.35
454,6721536,3213.3,2092,0.0761,1.447,0.659,0.333,7.0,0.0121,0.0003,0.35
455,6727680,3216.5,2092,0.0776,1.465,0.542,0.2,7.0,0.014,0.0003,0.35
456,6733824,3219.5,2092,0.0811,1.518,0.495,0.222,7.0,0.0228,0.000133,0.35
457,6739968,3222.4,2092,0.0731,1.383,0.6,0.2,7.0,0.0113,0.0002,0.35
458,6746112,3225.4,2092,0.0649,1.474,0.625,0.538,7.0,0.0161,0.0003,0.35
459,6752256,3228.2,2092,0.0818,1.176,0.554,0.2,7.0,0.0201,0.0002,0.35
460,6758400,3231.2,2092,0.0708,1.262,0.667,0.583,7.0,0.0194,0.0003,0.35
461,6764544,3234.3,2092,0.0724,1.407,0.568,0.8,7.0,0.0275,8.9e-05,0.35
462,6770688,3237.6,2091,0.0783,1.607,0.556,0.5,7.0,0.0142,0.0002,0.35
463,6776832,3240.8,2091,0.0974,1.142,0.404,0.5,7.0,0.0225,0.0002,0.35
464,6782976,3243.9,2091,0.0934,1.353,0.431,0.375,7.0,0.0109,0.0003,0.35
465,6789120,3247.0,2091,0.0903,1.182,0.506,0.5,7.0,0.0201,0.0002,0.35
466,6795264,3250.0,2091,0.0978,1.37,0.433,0.5,7.0,0.0122,0.0003,0.35
467,6801408,3253.3,2091,0.0867,1.215,0.585,0.0,7.0,0.0108,0.0003,0.35
468,6807552,3256.5,2090,0.0914,1.378,0.583,0.25,7.0,0.0166,0.0003,0.35
469,6813696,3259.7,2090,0.0815,1.354,0.582,0.222,7.0,0.0146,0.0003,0.35
470,6819840,3262.7,2090,0.0905,1.424,0.525,0.2,7.0,0.0175,0.0003,0.35
471,6825984,3265.7,2090,0.0754,1.596,0.536,0.5,7.0,0.0187,0.0003,0.35
472,6832128,3268.9,2090,0.0923,1.237,0.469,0.0,7.0,0.0231,0.000133,0.35
473,6838272,3271.9,2090,0.0914,1.162,0.566,0.4,7.0,0.0159,0.0002,0.35
474,6844416,3274.7,2090,0.0964,1.132,0.476,0.4,7.0,0.008,0.0002,0.35
475,6850560,3277.4,2090,0.0981,1.215,0.43,0.444,7.0,0.0131,0.0002,0.35
476,6856704,3280.3,2090,0.0866,1.679,0.456,0.375,7.0,0.0117,0.0003,0.35
477,6862848,3283.5,2090,0.0829,1.78,0.406,0.375,7.0,0.0125,0.0003,0.35
478,6868992,3286.7,2090,0.0978,1.371,0.406,0.333,7.0,0.013,0.0003,0.35
479,6875136,3289.7,2090,0.0936,1.305,0.446,0.25,7.0,0.0117,0.0003,0.35
480,6881280,3292.7,2090,0.0912,1.162,0.536,0.0,7.0,0.0171,0.0003,0.35
481,6887424,3295.8,2090,0.0987,1.195,0.421,0.333,7.0,0.0194,0.0003,0.35
482,6893568,3299.2,2089,0.0978,1.248,0.426,0.4,7.0,0.0148,0.0003,0.35
483,6899712,3302.7,2089,0.0751,1.471,0.579,0.308,7.0,0.0163,0.0003,0.35
484,6905856,3305.8,2089,0.1014,0.974,0.489,0.333,7.0,0.021,0.0002,0.35
485,6912000,3309.3,2089,0.0913,1.54,0.499,0.2,7.0,0.0177,0.0003,0.35
486,6918144,3312.3,2089,0.0738,1.672,0.507,0.625,7.0,0.0121,0.0003,0.35
487,6924288,3315.5,2088,0.0926,1.256,0.462,0.667,7.0,0.0203,8.9e-05,0.35
488,6930432,3318.8,2088,0.0864,1.504,0.49,0.5,7.0,0.0113,0.0003,0.35
489,6936576,3321.7,2088,0.0969,1.115,0.469,0.2,7.0,0.0226,0.000133,0.35
490,6942720,3324.7,2088,0.0969,1.15,0.419,0.5,7.0,0.0132,0.0002,0.35
491,6948864,3327.9,2088,0.1003,1.156,0.432,0.0,7.0,0.0231,0.000133,0.35
492,6955008,3330.9,2088,0.0974,1.276,0.45,0.0,7.0,0.0112,0.0003,0.35
493,6961152,3334.2,2088,0.0822,1.376,0.712,0.5,7.0,0.0107,0.0003,0.35
494,6967296,3337.2,2088,0.0959,1.253,0.433,0.3,7.0,0.0155,0.0003,0.35
495,6973440,3340.5,2088,0.097,1.07,0.579,0.571,7.0,0.025,0.000133,0.35
496,6979584,3343.4,2088,0.1017,1.136,0.458,0.0,7.0,0.009,0.0003,0.35
497,6985728,3346.6,2087,0.0904,1.256,0.505,0.25,7.0,0.0151,0.0003,0.35
498,6991872,3349.4,2088,0.093,1.076,0.606,0.5,7.0,0.016,0.0003,0.35
499,6998016,3352.6,2087,0.087,1.514,0.454,0.182,7.0,0.0145,0.0003,0.35
500,7004160,3355.7,2087,0.0867,1.3,0.542,0.5,7.0,0.0157,0.0003,0.35
501,7010304,3358.9,2087,0.0971,1.296,0.433,0.25,7.0,0.0235,8.9e-05,0.35
502,7016448,3362.1,2087,0.0985,1.152,0.463,0.286,7.0,0.0084,0.0003,0.35
503,7022592,3365.1,2087,0.0958,1.214,0.517,0.625,7.0,0.0177,0.0003,0.35
504,7028736,3368.3,2087,0.1018,0.907,0.547,0.0,7.0,0.0245,8.9e-05,0.35
505,7034880,3371.4,2087,0.0834,1.257,0.601,0.25,7.0,0.0115,0.0002,0.35
506,7041024,3374.4,2087,0.0922,1.186,0.564,0.0,7.0,0.0186,0.0003,0.35
507,7047168,3377.8,2086,0.0774,1.355,0.748,0.0,7.0,0.0153,0.0003,0.35
508,7053312,3381.3,2086,0.0732,1.345,0.665,0.2,7.0,0.0215,0.0002,0.35
509,7059456,3384.6,2086,0.0981,1.136,0.479,0.5,7.0,0.0191,0.0003,0.35
510,7065600,3387.9,2086,0.0961,1.156,0.531,0.364,7.0,0.0166,0.0003,0.35
511,7071744,3390.9,2086,0.0924,1.186,0.533,0.444,7.0,0.015,0.0003,0.35
512,7077888,3394.1,2085,0.0892,1.156,0.603,0.75,7.0,0.0183,0.0003,0.35
513,7084032,3397.2,2085,0.073,1.509,0.691,0.556,7.0,0.0159,0.0003,0.35
514,7090176,3400.6,2085,0.0891,1.287,0.541,0.6,7.0,0.0253,0.000133,0.35
515,7096320,3403.8,2085,0.0944,1.164,0.452,0.5,7.0,0.0154,0.0002,0.35
516,7102464,3406.9,2085,0.0792,1.491,0.471,0.273,7.0,0.0173,0.0003,0.35
517,7108608,3410.0,2085,0.0924,1.379,0.53,0.125,7.0,0.0134,0.0003,0.35
518,7114752,3413.1,2085,0.0781,1.582,0.591,0.375,7.0,0.0116,0.0003,0.35
519,7120896,3416.2,2084,0.0771,1.446,0.549,0.583,7.0,0.0137,0.0003,0.35
520,7127040,3419.6,2084,0.0831,1.256,0.616,0.5,7.0,0.0159,0.0003,0.35
521,7133184,3422.9,2084,0.0813,1.302,0.639,0.333,7.0,0.0163,0.0003,0.35
522,7139328,3425.9,2084,0.0744,1.484,0.701,0.5,7.0,0.0173,0.0003,0.35
523,7145472,3428.9,2084,0.088,1.259,0.583,0.333,7.0,0.0117,0.0003,0.35
524,7151616,3432.2,2084,0.0828,1.556,0.617,0.5,7.0,0.0162,0.0003,0.35
525,7157760,3435.5,2083,0.0934,1.317,0.439,0.222,7.0,0.0149,0.0003,0.35
526,7163904,3438.4,2084,0.1066,0.938,0.468,0.333,7.0,0.0203,0.0002,0.35
527,7170048,3441.4,2083,0.089,1.128,0.518,0.333,7.0,0.0144,0.0003,0.35
528,7176192,3444.5,2083,0.1009,1.061,0.49,0.667,7.0,0.0172,0.0003,0.35
529,7182336,3447.8,2083,0.0991,1.373,0.406,0.143,7.0,0.0102,0.0003,0.35
530,7188480,3451.2,2083,0.0935,1.353,0.381,0.5,7.0,0.0132,0.0003,0.35
531,7194624,3454.9,2082,0.0912,1.325,0.514,0.571,7.0,0.0187,0.0003,0.35
532,7200768,3458.3,2082,0.0875,1.642,0.394,0.111,7.0,0.0106,0.0003,0.35
533,7206912,3461.1,2082,0.0828,1.64,0.442,0.25,7.0,0.0236,0.000133,0.35
534,7213056,3463.8,2082,0.0923,1.237,0.45,0.5,7.0,0.0133,0.0003,0.35
535,7219200,3466.7,2082,0.0855,1.498,0.522,0.286,7.0,0.0157,0.0003,0.35
536,7225344,3469.8,2082,0.0808,1.518,0.536,0.625,7.0,0.0151,0.0003,0.35
537,7231488,3472.8,2082,0.0805,1.686,0.524,0.5,7.0,0.0214,0.0002,0.35
538,7237632,3476.0,2082,0.089,1.282,0.478,0.333,7.0,0.0242,0.0002,0.35
539,7243776,3479.1,2082,0.0914,1.363,0.411,0.5,7.0,0.0194,0.0003,0.35
540,7249920,3481.9,2082,0.0913,1.619,0.471,0.2,7.0,0.0141,0.0003,0.35
541,7256064,3484.7,2082,0.0733,1.749,0.531,0.182,7.0,0.0124,0.0003,0.35
542,7262208,3487.9,2082,0.0825,1.531,0.485,0.5,7.0,0.0178,0.0003,0.35
543,7268352,3490.9,2082,0.086,1.345,0.573,0.333,7.0,0.0273,0.000133,0.35
544,7274496,3494.1,2082,0.0989,1.087,0.542,0.2,7.0,0.0133,0.0002,0.35
545,7280640,3497.2,2082,0.0845,1.526,0.559,0.364,7.0,0.0189,0.0003,0.35
546,7286784,3500.2,2082,0.0942,1.401,0.404,0.0,7.0,0.02,0.0002,0.35
547,7292928,3503.3,2082,0.0812,1.882,0.418,0.333,7.0,0.0121,0.0003,0.35
548,7299072,3506.6,2082,0.0984,1.178,0.425,0.167,7.0,0.0174,0.0003,0.35
549,7305216,3509.6,2082,0.0949,1.211,0.548,0.25,7.0,0.0229,0.0002,0.35
550,7311360,3512.5,2082,0.0986,1.324,0.383,0.167,7.0,0.0122,0.0003,0.35
551,7317504,3515.6,2081,0.09,1.476,0.515,0.333,7.0,0.0172,0.0003,0.35
552,7323648,3518.7,2081,0.0826,1.326,0.538,0.286,7.0,0.0141,0.0003,0.35
553,7329792,3521.9,2081,0.0833,1.682,0.492,0.273,7.0,0.0159,0.0003,0.35
554,7335936,3524.8,2081,0.1102,1.164,0.332,0.667,7.0,0.012,0.0003,0.35
555,7342080,3528.2,2081,0.0868,1.549,0.478,0.25,7.0,0.0162,0.0003,0.35
556,7348224,3531.6,2081,0.0881,1.598,0.346,0.4,7.0,0.016,0.0003,0.35
557,7354368,3535.0,2080,0.0951,1.439,0.381,0.0,7.0,0.014,0.0003,0.35
558,7360512,3538.1,2080,0.101,1.047,0.434,0.6,7.0,0.0182,0.0003,0.35
559,7366656,3541.2,2080,0.1043,1.037,0.405,0.0,7.0,0.0149,0.0003,0.35
560,7372800,3544.4,2080,0.0969,1.302,0.421,0.5,7.0,0.0187,0.0003,0.35
561,7378944,3547.6,2080,0.08,1.366,0.623,0.222,7.0,0.0196,0.0003,0.35
562,7385088,3550.6,2080,0.0869,1.222,0.58,0.667,7.0,0.0147,0.0003,0.35
563,7391232,3553.5,2080,0.0693,1.281,0.73,0.25,7.0,0.0168,0.0003,0.35
564,7397376,3556.4,2080,0.0937,1.042,0.634,0.556,7.0,0.0353,8.9e-05,0.35
565,7403520,3559.5,2080,0.1127,0.98,0.466,0.333,7.0,0.0117,0.0002,0.35
566,7409664,3562.3,2080,0.0974,1.225,0.539,0.5,7.0,0.0222,0.0002,0.35
567,7415808,3565.3,2080,0.0963,1.311,0.525,0.167,7.0,0.0232,0.000133,0.35
568,7421952,3568.3,2080,0.0946,1.291,0.443,0.25,7.0,0.0151,0.0002,0.35
569,7428096,3571.5,2080,0.0848,1.292,0.501,0.25,7.0,0.0163,0.0003,0.35
570,7434240,3574.4,2080,0.074,1.612,0.578,0.333,7.0,0.0223,0.0002,0.35
571,7440384,3577.6,2080,0.0875,1.264,0.474,0.25,7.0,0.0116,0.0003,0.35
572,7446528,3580.8,2080,0.087,1.546,0.466,0.364,7.0,0.022,0.0002,0.35
573,7452672,3584.0,2079,0.0909,1.36,0.431,0.167,7.0,0.0144,0.0003,0.35
574,7458816,3586.9,2079,0.0989,1.305,0.442,0.4,7.0,0.0168,0.0003,0.35
575,7464960,3589.7,2080,0.0868,1.576,0.483,0.333,7.0,0.0181,0.0003,0.35
576,7471104,3592.5,2080,0.0947,1.348,0.418,0.667,7.0,0.0201,0.0002,0.35
577,7477248,3595.2,2080,0.0966,1.186,0.413,0.167,7.0,0.0219,0.000133,0.35
578,7483392,3598.3,2080,0.0863,1.44,0.499,0.143,7.0,0.0156,0.0002,0.35
579,7489536,3601.1,2080,0.0884,1.367,0.59,0.182,7.0,0.0179,0.0003,0.35
580,7495680,3604.0,2080,0.0959,1.348,0.46,0.222,7.0,0.0172,0.0003,0.35
581,7501824,3606.7,2080,0.1002,1.371,0.44,0.25,7.0,0.0207,8.9e-05,0.35
582,7507968,3609.6,2080,0.0864,1.693,0.479,0.286,7.0,0.0092,0.0003,0.35
583,7514112,3612.3,2080,0.0977,1.236,0.424,0.0,7.0,0.0571,8.9e-05,0.35
584,7520256,3615.4,2080,0.0834,1.229,0.612,0.167,7.0,0.0139,0.0002,0.35
585,7526400,3618.0,2080,0.0852,1.42,0.578,0.25,7.0,0.0128,0.0003,0.35
586,7532544,3620.7,2080,0.0715,1.651,0.535,0.5,7.0,0.0186,0.0003,0.35
587,7538688,3623.6,2080,0.0915,1.28,0.439,0.429,7.0,0.0184,0.0003,0.35
588,7544832,3626.3,2081,0.0916,1.284,0.508,0.125,7.0,0.0203,0.0002,0.35
589,7550976,3629.4,2081,0.092,1.131,0.533,0.5,7.0,0.0163,0.0003,0.35
590,7557120,3632.2,2081,0.1039,0.892,0.502,0.167,7.0,0.0243,0.000133,0.35
591,7563264,3635.0,2081,0.0897,1.281,0.454,0.8,7.0,0.0113,0.0002,0.35
592,7569408,3637.9,2081,0.095,1.204,0.411,0.667,7.0,0.0137,0.0003,0.35
593,7575552,3640.9,2081,0.0932,1.367,0.487,0.571,7.0,0.0161,0.0003,0.35
594,7581696,3643.8,2081,0.0871,1.32,0.487,0.333,7.0,0.0169,0.0003,0.35
595,7587840,3646.8,2081,0.1084,0.939,0.389,0.25,7.0,0.016,0.0003,0.35
596,7593984,3649.5,2081,0.0877,1.142,0.58,0.286,7.0,0.0179,0.0003,0.35
597,7600128,3652.2,2081,0.0976,1.157,0.442,0.5,7.0,0.02,0.0003,0.35
598,7606272,3655.1,2081,0.1008,1.151,0.435,0.2,7.0,0.0136,0.0003,0.35
599,7612416,3658.2,2081,0.0996,1.293,0.471,0.667,7.0,0.0158,0.0003,0.35
600,7618560,3661.4,2081,0.088,1.241,0.559,0.0,7.0,0.015,0.0003,0.35
601,7624704,3664.5,2081,0.0914,1.232,0.489,0.556,7.0,0.0153,0.0003,0.35
602,7630848,3667.8,2081,0.1023,0.911,0.488,0.125,7.0,0.0111,0.0003,0.35
603,7636992,3670.7,2081,0.1006,0.935,0.429,0.2,7.0,0.0188,0.0003,0.35
604,7643136,3673.7,2080,0.0934,0.961,0.62,0.0,7.0,0.0112,0.0003,0.35
605,7649280,3676.3,2081,0.0834,1.405,0.562,0.143,7.0,0.0161,0.0003,0.35
606,7655424,3679.1,2081,0.0861,1.272,0.534,0.0,7.0,0.0172,0.0003,0.35
607,7661568,3681.9,2081,0.0705,1.617,0.558,0.714,7.0,0.0122,0.0003,0.35
608,7667712,3684.7,2081,0.0929,1.186,0.452,0.5,7.0,0.0123,0.0003,0.35
609,7673856,3687.5,2081,0.0901,1.556,0.492,0.2,7.0,0.0179,0.0003,0.35
610,7680000,3690.4,2081,0.0926,1.332,0.545,0.0,7.0,0.0195,0.0003,0.35
611,7686144,3693.4,2081,0.0709,1.638,0.55,0.455,7.0,0.0167,0.0003,0.35
612,7692288,3696.5,2081,0.0796,1.571,0.545,0.286,7.0,0.0202,0.0002,0.35
613,7698432,3699.7,2081,0.1009,1.122,0.438,0.5,7.0,0.0167,0.0003,0.35
614,7704576,3702.6,2081,0.1052,0.823,0.493,0.0,7.0,0.021,0.000133,0.35
615,7710720,3705.5,2081,0.082,1.095,0.717,0.571,7.0,0.0142,0.0003,0.35
616,7716864,3708.5,2081,0.0826,1.396,0.529,0.5,7.0,0.0092,0.0003,0.35
617,7723008,3711.5,2081,0.0844,1.39,0.484,0.125,7.0,0.0094,0.0003,0.35
618,7729152,3714.2,2081,0.085,1.164,0.536,0.333,7.0,0.0141,0.0003,0.35
619,7735296,3717.1,2081,0.0968,1.157,0.468,0.444,7.0,0.0223,0.0002,0.35
620,7741440,3720.1,2081,0.0913,1.443,0.455,0.222,7.0,0.0177,0.0003,0.35
621,7747584,3723.1,2081,0.1003,1.346,0.384,0.571,7.0,0.0182,0.0003,0.35
622,7753728,3726.0,2081,0.083,1.664,0.46,1.0,7.0,0.0198,0.0003,0.35
623,7759872,3728.8,2081,0.0921,1.344,0.464,0.25,7.0,0.018,0.0003,0.35
624,7766016,3731.6,2081,0.0952,1.242,0.492,0.286,7.0,0.0201,0.0002,0.35
625,7772160,3734.4,2081,0.0884,1.333,0.488,0.333,7.0,0.0138,0.0003,0.35
626,7778304,3737.3,2081,0.0784,1.235,0.606,0.375,7.0,0.015,0.0003,0.35
627,7784448,3740.4,2081,0.0855,1.224,0.581,0.444,7.0,0.0226,0.000133,0.35
628,7790592,3743.3,2081,0.0898,1.577,0.479,0.143,7.0,0.0079,0.0002,0.35
629,7796736,3746.2,2081,0.0764,1.715,0.493,0.714,7.0,0.0183,0.0003,0.35
630,7802880,3749.4,2081,0.0681,2.13,0.534,0.5,7.0,0.0168,0.0003,0.35
631,7809024,3752.4,2081,0.086,1.464,0.456,0.5,7.0,0.0176,0.0003,0.35
632,7815168,3755.5,2081,0.0928,1.483,0.435,0.2,7.0,0.0212,0.000133,0.35
633,7821312,3758.6,2081,0.091,1.345,0.536,0.2,7.0,0.0117,0.0002,0.35
634,7827456,3761.9,2081,0.0818,1.652,0.469,0.125,7.0,0.017,0.0003,0.35
635,7833600,3765.1,2081,0.0817,1.361,0.568,0.125,7.0,0.026,0.000133,0.35
636,7839744,3768.0,2081,0.0869,1.585,0.458,0.125,7.0,0.0164,0.0003,0.35
637,7845888,3771.1,2081,0.0835,1.539,0.458,0.167,7.0,0.0167,0.0003,0.35
638,7852032,3774.0,2081,0.0892,1.522,0.462,0.167,7.0,0.0146,0.0003,0.35
639,7858176,3777.2,2080,0.0905,1.394,0.438,0.333,7.0,0.0162,0.0003,0.35
640,7864320,3780.5,2080,0.0953,1.301,0.401,0.429,7.0,0.0225,0.000133,0.35
641,7870464,3783.4,2080,0.0873,1.574,0.427,0.5,7.0,0.0143,0.0002,0.35
642,7876608,3786.5,2080,0.0926,1.295,0.393,0.286,7.0,0.0238,0.000133,0.35
643,7882752,3789.6,2080,0.103,1.145,0.394,0.167,7.0,0.0118,0.0003,0.35
644,7888896,3792.8,2080,0.0732,1.701,0.507,0.25,7.0,0.0195,0.0003,0.35
645,7895040,3795.8,2080,0.0893,1.434,0.505,0.333,7.0,0.0105,0.0003,0.35
646,7901184,3799.2,2080,0.0837,1.432,0.509,0.5,7.0,0.0172,0.0003,0.35
647,7907328,3802.2,2080,0.0877,1.409,0.563,0.3,7.0,0.0183,0.0003,0.35
648,7913472,3805.3,2080,0.0914,1.303,0.456,0.4,7.0,0.0212,0.000133,0.35
649,7919616,3808.6,2079,0.0967,1.258,0.493,0.167,7.0,0.0118,0.0002,0.35
650,7925760,3811.8,2079,0.1006,1.184,0.407,0.333,7.0,0.0165,0.0003,0.35
651,7931904,3815.3,2079,0.086,1.411,0.542,0.0,7.0,0.0106,0.0003,0.35
652,7938048,3818.6,2079,0.0961,1.258,0.44,0.273,7.0,0.0185,0.0003,0.35
653,7944192,3821.7,2079,0.0859,1.124,0.56,0.571,7.0,0.0182,0.0003,0.35
654,7950336,3824.8,2079,0.072,1.64,0.692,0.5,7.0,0.0164,0.0003,0.35
655,7956480,3827.9,2079,0.0914,0.979,0.69,0.125,7.0,0.0173,0.0003,0.35
656,7962624,3830.9,2079,0.0886,1.372,0.523,0.5,7.0,0.0157,0.0003,0.35
657,7968768,3833.6,2079,0.087,1.356,0.444,0.286,7.0,0.0141,0.0003,0.35
658,7974912,3836.5,2079,0.0849,1.509,0.487,0.444,7.0,0.0126,0.0003,0.35
659,7981056,3839.6,2079,0.093,0.964,0.503,0.625,7.0,0.0202,0.0002,0.35
660,7987200,3842.7,2079,0.0988,1.242,0.381,0.222,7.0,0.0226,0.000133,0.35
661,7993344,3846.1,2078,0.1101,1.006,0.392,0.0,7.0,0.016,0.0002,0.35
662,7999488,3849.2,2078,0.0949,1.461,0.386,0.429,7.0,0.0218,0.0002,0.35
663,8005632,3852.1,2078,0.0928,1.528,0.375,0.167,7.0,0.013,0.0003,0.35
664,8011776,3855.1,2078,0.0953,1.49,0.396,0.2,7.0,0.0156,0.0003,0.35
665,8017920,3858.6,2078,0.0842,1.543,0.466,0.364,7.0,0.0201,0.0002,0.35
666,8024064,3861.6,2078,0.0913,1.312,0.44,0.167,7.0,0.0192,0.0003,0.35
667,8030208,3864.7,2078,0.0964,1.241,0.463,0.2,7.0,0.0187,0.0003,0.35
668,8036352,3868.0,2078,0.1034,1.205,0.409,0.25,7.0,0.0172,0.0003,0.35
669,8042496,3871.0,2078,0.088,1.482,0.444,0.5,7.0,0.0212,0.0002,0.35
670,8048640,3874.4,2077,0.0928,1.418,0.417,0.0,7.0,0.0169,0.0003,0.35
671,8054784,3877.5,2077,0.0834,1.468,0.445,0.5,7.0,0.0186,0.0003,0.35
672,8060928,3880.5,2077,0.0958,1.143,0.439,0.333,7.0,0.0155,0.0003,0.35
673,8067072,3883.4,2077,0.0814,1.353,0.539,0.385,7.0,0.0129,0.0003,0.35
674,8073216,3886.3,2077,0.0982,1.302,0.468,0.2,7.0,0.0172,0.0003,0.35
675,8079360,3889.2,2077,0.0869,1.249,0.56,0.4,7.0,0.0144,0.0003,0.35
676,8085504,3892.1,2077,0.0885,1.327,0.524,0.25,7.0,0.015,0.0003,0.35
677,8091648,3895.2,2077,0.0956,1.222,0.515,0.5,7.0,0.0223,8.9e-05,0.35
678,8097792,3898.0,2077,0.0854,1.387,0.555,0.375,7.0,0.0075,0.0003,0.35
679,8103936,3901.3,2077,0.0974,0.977,0.576,0.375,7.0,0.0177,0.0003,0.35
680,8110080,3904.4,2077,0.0905,1.413,0.444,0.4,7.0,0.0185,0.0003,0.35
681,8116224,3907.5,2077,0.0913,1.485,0.4,0.0,7.0,0.0128,0.0003,0.35
682,8122368,3910.5,2077,0.0761,1.564,0.586,0.444,7.0,0.0152,0.0003,0.35
683,8128512,3913.7,2077,0.0828,1.475,0.536,0.167,7.0,0.0212,0.0002,0.35
684,8134656,3916.8,2077,0.0902,1.277,0.497,0.429,7.0,0.0183,0.0003,0.35
685,8140800,3919.8,2077,0.0983,1.08,0.477,0.167,7.0,0.0212,0.0002,0.35
686,8146944,3922.6,2077,0.0887,1.286,0.507,0.333,7.0,0.0157,0.0003,0.35
687,8153088,3925.8,2077,0.0883,1.508,0.472,0.455,7.0,0.0199,0.0003,0.35
688,8159232,3928.8,2077,0.0858,1.472,0.42,0.5,7.0,0.0159,0.0003,0.35
689,8165376,3931.8,2077,0.0875,1.366,0.498,0.75,7.0,0.0149,0.0003,0.35
690,8171520,3934.7,2077,0.0886,1.383,0.464,0.25,7.0,0.0111,0.0003,0.35
691,8177664,3937.8,2077,0.0921,1.377,0.465,0.0,7.0,0.016,0.0003,0.35
692,8183808,3941.0,2077,0.0992,1.065,0.445,0.333,7.0,0.017,0.0003,0.35
693,8189952,3944.4,2076,0.0945,1.242,0.453,0.429,7.0,0.0186,0.0003,0.35
694,8196096,3947.5,2076,0.0908,1.16,0.514,0.143,7.0,0.0197,0.0003,0.35
695,8202240,3950.2,2076,0.0942,1.092,0.525,0.429,7.0,0.0193,0.0003,0.35
696,8208384,3952.8,2077,0.0929,1.108,0.53,0.667,7.0,0.0145,0.0003,0.35
697,8214528,3955.9,2077,0.0815,1.374,0.558,0.556,7.0,0.0183,0.0003,0.35
698,8220672,3958.9,2077,0.0839,1.452,0.57,0.25,7.0,0.0154,0.0003,0.35
699,8226816,3961.8,2077,0.093,1.307,0.534,0.25,7.0,0.0233,0.000133,0.35
700,8232960,3964.7,2077,0.0929,1.3,0.486,0.375,7.0,0.0166,0.0003,0.35
701,8239104,3967.7,2077,0.0939,1.275,0.521,0.0,7.0,0.0251,0.000133,0.35
702,8245248,3970.7,2077,0.0905,1.27,0.577,0.0,7.0,0.0117,0.0003,0.35
703,8251392,3973.7,2077,0.0836,1.29,0.604,0.167,7.0,0.0274,0.000133,0.35
704,8257536,3976.9,2076,0.0962,1.214,0.521,0.333,7.0,0.013,0.0002,0.35
705,8263680,3980.4,2076,0.0883,1.299,0.572,0.3,7.0,0.0177,0.0003,0.35
706,8269824,3983.4,2076,0.097,1.32,0.395,0.3,7.0,0.0202,0.0002,0.35
707,8275968,3986.5,2076,0.0851,1.688,0.418,0.1,7.0,0.0128,0.0003,0.35
708,8282112,3989.6,2076,0.0897,1.232,0.486,0.4,7.0,0.015,0.0003,0.35
709,8288256,3992.5,2076,0.0946,1.139,0.477,0.667,7.0,0.0146,0.0003,0.35
710,8294400,3995.6,2076,0.0932,1.171,0.484,0.375,7.0,0.0122,0.0003,0.35
711,8300544,3998.6,2076,0.0921,1.255,0.478,0.5,7.0,0.0227,0.000133,0.35
712,8306688,4001.6,2076,0.0943,1.289,0.457,0.5,7.0,0.0115,0.0003,0.35
713,8312832,4004.4,2076,0.0898,1.291,0.475,0.222,7.0,0.0194,0.0003,0.35
714,8318976,4007.3,2076,0.0901,1.325,0.534,0.286,7.0,0.0215,0.0002,0.35
715,8325120,4010.6,2076,0.0974,1.351,0.441,0.111,7.0,0.0148,0.0002,0.35
716,8331264,4013.8,2076,0.0924,1.605,0.372,0.0,7.0,0.02,0.0002,0.35
717,8337408,4017.1,2075,0.0917,1.336,0.42,0.2,7.0,0.0181,0.0003,0.35
718,8343552,4020.4,2075,0.0903,1.279,0.53,0.3,7.0,0.0183,0.0003,0.35
719,8349696,4023.6,2075,0.073,1.499,0.591,0.429,7.0,0.0162,0.0003,0.35
720,8355840,4026.9,2075,0.0669,1.694,0.609,0.5,7.0,0.0156,0.0003,0.35
721,8361984,4030.1,2075,0.0726,1.288,0.663,0.25,7.0,0.0175,0.0003,0.35
722,8368128,4033.2,2075,0.0678,1.199,0.772,0.5,7.0,0.0261,0.000133,0.35
723,8374272,4036.1,2075,0.0908,0.953,0.586,0.333,7.0,0.0156,0.0002,0.35
724,8380416,4038.9,2075,0.1001,1.396,0.371,0.5,7.0,0.0176,0.0003,0.35
725,8386560,4041.8,2075,0.0843,1.607,0.411,0.333,7.0,0.0147,0.0003,0.35
726,8392704,4044.5,2075,0.0886,1.372,0.443,0.375,7.0,0.0234,0.000133,0.35
727,8398848,4047.3,2075,0.0872,1.356,0.464,0.6,7.0,0.0124,0.0002,0.35
728,8404992,4050.3,2075,0.0823,1.627,0.44,0.5,7.0,0.0166,0.0003,0.35
729,8411136,4053.3,2075,0.0922,1.378,0.449,0.333,7.0,0.0185,0.0003,0.35
730,8417280,4056.5,2075,0.08,1.654,0.448,0.357,7.0,0.0216,0.000133,0.35
731,8423424,4059.8,2075,0.092,1.528,0.317,0.0,7.0,0.0107,0.0002,0.35
732,8429568,4063.0,2075,0.0848,1.398,0.449,0.571,7.0,0.0182,0.0003,0.35
733,8435712,4065.9,2075,0.0891,1.37,0.439,0.571,7.0,0.0188,0.0003,0.35
734,8441856,4068.8,2075,0.0904,1.148,0.489,0.4,7.0,0.0247,0.000133,0.35
735,8448000,4071.8,2075,0.081,1.496,0.462,0.429,7.0,0.0232,0.000133,0.35
736,8454144,4075.0,2075,0.0907,1.371,0.397,0.143,7.0,0.0132,0.0003,0.35
737,8460288,4078.2,2074,0.0781,1.562,0.488,0.333,7.0,0.0187,0.0003,0.35
738,8466432,4081.5,2074,0.0754,1.372,0.576,0.5,7.0,0.018,0.0003,0.35
739,8472576,4084.9,2074,0.0837,1.405,0.559,0.833,7.0,0.0221,0.000133,0.35
740,8478720,4088.4,2074,0.0893,1.193,0.551,0.5,7.0,0.013,0.0002,0.35
741,8484864,4091.6,2074,0.0835,1.36,0.538,0.25,7.0,0.018,0.0003,0.35
742,8491008,4095.1,2073,0.0881,1.279,0.5,0.2,7.0,0.018,0.0003,0.35
743,8497152,4098.4,2073,0.1104,0.903,0.479,0.0,7.0,0.019,0.0003,0.35
744,8503296,4101.4,2073,0.0854,1.534,0.451,0.6,7.0,0.0132,0.0003,0.35
745,8509440,4104.3,2073,0.0923,1.296,0.494,0.167,7.0,0.016,0.0003,0.35
746,8515584,4107.5,2073,0.0845,1.338,0.533,0.455,7.0,0.0161,0.0003,0.35
747,8521728,4110.8,2073,0.0821,1.471,0.448,0.167,7.0,0.0219,8.9e-05,0.35
748,8527872,4113.8,2073,0.0738,1.525,0.554,0.625,7.0,0.0113,0.0002,0.35
749,8534016,4116.7,2073,0.0854,1.522,0.455,0.111,7.0,0.0202,0.0002,0.35
750,8540160,4119.8,2073,0.0768,1.623,0.543,0.571,7.0,0.0127,0.0003,0.35
751,8546304,4122.9,2073,0.0927,1.227,0.521,0.333,7.0,0.0228,0.0002,0.35
752,8552448,4126.0,2073,0.094,1.371,0.475,0.4,7.0,0.0188,0.0003,0.35
753,8558592,4129.1,2073,0.0825,1.274,0.552,0.333,7.0,0.0116,0.0003,0.35
754,8564736,4132.3,2073,0.0889,1.12,0.549,0.25,7.0,0.0223,0.0002,0.35
755,8570880,4136.0,2072,0.0925,1.06,0.513,0.2,7.0,0.02,0.0002,0.35
756,8577024,4139.8,2072,0.0915,1.18,0.476,0.222,7.0,0.02,0.0002,0.35
757,8583168,4143.3,2072,0.0985,1.271,0.425,0.286,7.0,0.0177,0.0003,0.35
758,8589312,4146.8,2071,0.0854,1.475,0.511,0.333,7.0,0.018,0.0003,0.35
759,8595456,4150.3,2071,0.084,1.278,0.497,0.5,7.0,0.0273,8.9e-05,0.35
760,8601600,4153.7,2071,0.0814,1.278,0.6,0.714,7.0,0.0069,0.0003,0.35
761,8607744,4156.7,2071,0.0924,1.093,0.624,0.444,7.0,0.0196,0.0003,0.35
762,8613888,4159.6,2071,0.0881,1.569,0.537,0.25,7.0,0.0285,8.9e-05,0.35
