iter,steps,time_s,sps,rew,level_mean,level_p90,std,pi_loss,v_loss,est_loss,sym_loss,kl,ent,clipfrac,lr,success,collision,hit_dynamic,fell,timeout,spl,succ_clutter,succ_forest,succ_rooms,succ_maze,succ_mixed
1,2002944,9.6,213,0.17571616172790527,0.501953125,0.55,0.20220598578453064,-0.01204,0.7975,0.0,0.03039,0.01332,-0.36316,0.14727,0.00027,0.6956521739130435,0.30434782608695654,0.0,0.0,0.0,0.6868552858935584,0.6666666666666666,0.6666666666666666,0.5,1.0,nan
2,2004992,18.2,224,0.12752389907836914,0.51025390625,0.55,0.20215383172035217,-0.02124,0.64812,0.0,0.03044,0.01462,-0.3617,0.15469,0.00018,0.68,0.3,0.0,0.02,0.0,0.6450198155173507,0.7857142857142857,0.631578947368421,0.5,0.7272727272727273,nan
3,2007040,26.5,232,0.11640509963035583,0.51953125,0.6000000000000001,0.20188672840595245,-0.01809,0.37705,0.0,0.02453,0.00959,-0.36305,0.11016,0.00027,0.6891891891891891,0.2972972972972973,0.013513513513513514,0.013513513513513514,0.0,0.6573781689870681,0.85,0.6538461538461539,0.45454545454545453,0.6875,1.0
4,2009088,34.8,235,0.0752621591091156,0.522021484375,0.6000000000000001,0.20168781280517578,-0.0222,0.64376,0.0,0.02568,0.01381,-0.36592,0.14521,0.00018,0.6632653061224489,0.3163265306122449,0.01020408163265306,0.02040816326530612,0.0,0.6244969155460961,0.8275862068965517,0.6129032258064516,0.4375,0.6842105263157895,0.6666666666666666
5,2011136,43.0,238,0.09608355909585953,0.5280029296875001,0.6500000000000001,0.20176303386688232,-0.02229,0.41817,0.0,0.0254,0.01734,-0.36615,0.16064,8e-05,0.6779661016949152,0.3050847457627119,0.00847457627118644,0.01694915254237288,0.0,0.6307648935252198,0.8611111111111112,0.6,0.45,0.7391304347826086,0.5
6,2013184,51.7,238,0.10334412008523941,0.5367431640625,0.6500000000000001,0.20172777771949768,-0.01641,0.35051,0.0,0.02387,0.00798,-0.36603,0.08926,0.00012,0.6834532374100719,0.302158273381295,0.007194244604316547,0.014388489208633094,0.0,0.635559675237867,0.8333333333333334,0.6585365853658537,0.4583333333333333,0.7407407407407407,0.4
7,2015232,60.0,239,0.13537433743476868,0.5557373046875,0.6500000000000001,0.2013183981180191,-0.01395,0.24614,0.0,0.01908,0.00841,-0.36772,0.09961,0.00018,0.7070063694267515,0.2802547770700637,0.006369426751592357,0.012738853503184714,0.0,0.6551524100904265,0.8627450980392157,0.6666666666666666,0.5,0.7333333333333333,0.5
8,2017280,68.2,240,0.04580096900463104,0.5668212890625001,0.6500000000000001,0.20135878026485443,-0.01728,0.27416,0.0,0.01595,0.01191,-0.37114,0.12422,0.00018,0.7052023121387283,0.2832369942196532,0.005780346820809248,0.011560693641618497,0.0,0.6474602473015598,0.8727272727272727,0.6511627906976745,0.4827586206896552,0.75,0.5
9,2019328,76.2,242,0.04113310948014259,0.568798828125,0.6500000000000001,0.20121580362319946,-0.01944,0.23124,0.0,0.01885,0.01397,-0.37038,0.15166,0.00018,0.6972972972972973,0.2918918918918919,0.005405405405405406,0.010810810810810811,0.0,0.6372296135407307,0.8771929824561403,0.6521739130434783,0.4838709677419355,0.7368421052631579,0.46153846153846156
10,2021376,83.6,245,0.077717624604702,0.57080078125,0.7000000000000002,0.201167494058609,-0.01691,0.31273,0.0,0.02018,0.01329,-0.3718,0.13838,0.00018,0.693069306930693,0.28217821782178215,0.0049504950495049506,0.01485148514851485,0.009900990099009901,0.6343083800058379,0.8548387096774194,0.6666666666666666,0.4857142857142857,0.7317073170731707,0.46153846153846156
11,2023424,92.2,244,0.08855117112398148,0.58310546875,0.7500000000000002,0.20097245275974274,-0.01664,0.52422,0.0,0.02101,0.01432,-0.37277,0.1457,0.00018,0.6905829596412556,0.2825112107623318,0.004484304932735426,0.013452914798206279,0.013452914798206279,0.6303588628403759,0.8235294117647058,0.6666666666666666,0.5,0.75,0.5
12,2025472,100.9,244,0.04729123413562775,0.5851806640625001,0.7500000000000002,0.20112484693527222,-0.0194,0.53105,0.0,0.02386,0.01556,-0.37341,0.16025,0.00012,0.6720647773279352,0.291497975708502,0.008097165991902834,0.012145748987854251,0.024291497975708502,0.6150918788683721,0.8243243243243243,0.625,0.4883720930232558,0.7142857142857143,0.5294117647058824
13,2027520,108.8,245,0.09818977862596512,0.5920166015625,0.7500000000000002,0.20111466944217682,-0.01683,0.28088,0.0,0.02557,0.01156,-0.37207,0.13691,0.00012,0.6715867158671587,0.2915129151291513,0.007380073800738007,0.01107011070110701,0.025830258302583026,0.6147702388626499,0.8157894736842105,0.6,0.54,0.7272727272727273,0.55
14,2029568,116.1,247,0.10912156850099564,0.6046630859375,0.7500000000000002,0.2007785588502884,-0.02091,0.43759,0.0,0.02923,0.01276,-0.37366,0.13213,0.00012,0.6712328767123288,0.2876712328767123,0.00684931506849315,0.010273972602739725,0.030821917808219176,0.6167585654537728,0.825,0.6216216216216216,0.543859649122807,0.7192982456140351,0.5
15,2031616,123.6,249,0.0937342494726181,0.614990234375,0.7500000000000002,0.20060667395591736,-0.01492,0.35325,0.0,0.02345,0.01112,-0.37663,0.13096,0.00018,0.670926517571885,0.28753993610223644,0.006389776357827476,0.009584664536741214,0.03194888178913738,0.6136766833414283,0.8333333333333334,0.6282051282051282,0.5,0.7333333333333333,0.5517241379310345
16,2033664,132.0,248,0.10939954221248627,0.6272216796875001,0.7500000000000002,0.20043054223060608,-0.01873,0.25512,0.0,0.02325,0.01377,-0.37817,0.15557,0.00018,0.6766467065868264,0.281437125748503,0.005988023952095809,0.008982035928143712,0.03293413173652695,0.6176664060347001,0.8444444444444444,0.627906976744186,0.5,0.7301587301587301,0.5806451612903226
17,2035712,140.0,249,0.09859240055084229,0.6383300781250001,0.7500000000000002,0.20054781436920166,-0.01984,0.33872,0.0,0.0244,0.01284,-0.37945,0.13398,0.00027,0.68,0.28,0.011428571428571429,0.008571428571428572,0.03142857142857143,0.6219739708225906,0.8350515463917526,0.625,0.5076923076923077,0.7352941176470589,0.59375
18,2037760,147.7,250,0.05801517143845558,0.6413574218750001,0.7500000000000002,0.2004927694797516,-0.01599,0.23526,0.0,0.01829,0.0157,-0.37824,0.18203,0.00018,0.6775956284153005,0.28415300546448086,0.01912568306010929,0.00819672131147541,0.030054644808743168,0.6199448515183413,0.8415841584158416,0.6263736263736264,0.5072463768115942,0.7428571428571429,0.5428571428571428
19,2039808,154.9,251,0.03273794427514076,0.6442626953125001,0.7500000000000002,0.20006239414215088,-0.01821,0.22616,0.0,0.01953,0.01205,-0.38081,0.13643,0.00027,0.675531914893617,0.2872340425531915,0.023936170212765957,0.007978723404255319,0.02925531914893617,0.6173727921677951,0.8431372549019608,0.6263736263736264,0.5405405405405406,0.7222222222222222,0.5135135135135135
20,2041856,164.0,250,0.08335372805595398,0.6504638671875,0.7500000000000002,0.1999797821044922,-0.0249,0.46447,0.0,0.02059,0.01998,-0.38366,0.18359,0.00012,0.6750629722921915,0.28463476070528965,0.022670025188916875,0.007556675062972292,0.0327455919395466,0.6116081254496898,0.8490566037735849,0.6082474226804123,0.55,0.726027397260274,0.5365853658536586
21,2043904,173.4,248,0.04998624324798584,0.6557373046875001,0.8000000000000003,0.19994142651557922,-0.01808,0.35833,0.0,0.02068,0.00777,-0.38399,0.09277,0.00018,0.665,0.29,0.025,0.0075,0.0375,0.6002928027231843,0.8425925925925926,0.5638297872340425,0.5555555555555556,0.7333333333333333,0.5238095238095238
22,2045952,182.3,247,0.0440751388669014,0.6586914062500002,0.7500000000000002,0.1997242271900177,-0.01847,0.44541,0.0,0.02279,0.01189,-0.38527,0.13291,0.00018,0.6625,0.2875,0.0275,0.0075,0.0425,0.5975116908528753,0.839622641509434,0.5789473684210527,0.5783132530120482,0.7183098591549296,0.4888888888888889
23,2048000,190.8,247,0.03834833577275276,0.6551269531250001,0.8000000000000003,0.19962367415428162,-0.01972,0.33234,0.0,0.02097,0.01579,-0.38697,0.14971,0.00012,0.655,0.2925,0.0275,0.005,0.0475,0.5909445501823842,0.8461538461538461,0.5531914893617021,0.5882352941176471,0.7205882352941176,0.46938775510204084
24,2050048,199.0,247,0.09675274044275284,0.6634521484375001,0.8000000000000003,0.19973406195640564,-0.0187,0.21654,0.0,0.02173,0.01184,-0.38721,0.11807,0.00018,0.66,0.2875,0.025,0.005,0.0475,0.5923669411338077,0.8446601941747572,0.5483870967741935,0.6,0.7428571428571429,0.46938775510204084
25,2052096,208.0,246,0.057048335671424866,0.6690185546875002,0.8000000000000003,0.19918859004974365,-0.01827,0.37868,0.0,0.02262,0.01122,-0.38823,0.11729,0.00027,0.6525,0.285,0.0275,0.005,0.0575,0.5849024058960723,0.8415841584158416,0.5473684210526316,0.6046511627906976,0.7313432835820896,0.45098039215686275
26,2054144,217.6,245,0.1284674108028412,0.6792480468750002,0.8000000000000003,0.19915369153022766,-0.02395,0.46722,0.0,0.02508,0.01784,-0.39249,0.19404,0.00018,0.6625,0.2775,0.0325,0.0025,0.0575,0.5906203360433093,0.8469387755102041,0.5789473684210527,0.625,0.7313432835820896,0.4423076923076923
27,2056192,227.6,243,0.09797988086938858,0.6846435546875002,0.8000000000000003,0.19945892691612244,-0.01943,0.61378,0.0,0.02505,0.01485,-0.39086,0.15645,0.00012,0.6525,0.285,0.0325,0.0025,0.06,0.5830931723355178,0.8351648351648352,0.5784313725490197,0.6395348837209303,0.7058823529411765,0.4339622641509434
28,2058240,236.9,242,0.08616048097610474,0.6913818359375001,0.8000000000000003,0.19961823523044586,-0.0163,0.42343,0.0,0.02169,0.00878,-0.38836,0.10654,0.00018,0.65,0.2825,0.035,0.0025,0.065,0.575946443136024,0.8444444444444444,0.5643564356435643,0.6352941176470588,0.7164179104477612,0.43859649122807015
29,2060288,246.4,241,0.0804680734872818,0.6964355468750001,0.8000000000000003,0.19931142032146454,-0.01899,0.50496,0.0,0.0221,0.0119,-0.38822,0.14014,0.00027,0.635,0.2975,0.0375,0.0025,0.065,0.5635190150678487,0.8255813953488372,0.5392156862745098,0.6206896551724138,0.7205882352941176,0.43859649122807015
30,2062336,255.5,241,0.038647450506687164,0.6968017578125001,0.8000000000000003,0.19908326864242554,-0.02295,0.54704,0.0,0.02159,0.01825,-0.39172,0.1793,0.00018,0.6225,0.3075,0.0375,0.0025,0.0675,0.5523552783586776,0.7976190476190477,0.5283018867924528,0.627906976744186,0.7058823529411765,0.42857142857142855
31,2064384,264.1,240,0.10801005363464355,0.7040527343750003,0.8000000000000003,0.19890126585960388,-0.01893,0.34226,0.0,0.02304,0.01072,-0.39304,0.11367,0.00027,0.6275,0.305,0.04,0.0,0.0675,0.558852369506048,0.7951807228915663,0.5188679245283019,0.6588235294117647,0.6956521739130435,0.45614035087719296
32,2066432,272.3,241,0.11712880432605743,0.7137207031250002,0.8000000000000003,0.1986658126115799,-0.01879,0.44961,0.0,0.02411,0.01686,-0.39514,0.1707,0.00018,0.63,0.3025,0.04,0.0,0.0675,0.5542475922131147,0.825,0.5,0.6666666666666666,0.6811594202898551,0.47368421052631576
33,2068480,280.7,241,0.047594405710697174,0.7206298828125002,0.8000000000000003,0.19896849989891052,-0.01996,0.37853,0.0,0.02314,0.01247,-0.39577,0.12803,0.00027,0.6275,0.305,0.045,0.0,0.0675,0.5500551931288582,0.8227848101265823,0.49504950495049505,0.6666666666666666,0.6764705882352942,0.4745762711864407
34,2070528,289.8,240,0.04215668514370918,0.7191650390625002,0.8000000000000003,0.19898703694343567,-0.02442,0.50463,0.0,0.02395,0.01715,-0.39291,0.15957,0.00012,0.6325,0.305,0.045,0.0,0.0625,0.5537334627305827,0.825,0.5238095238095238,0.6555555555555556,0.6923076923076923,0.4666666666666667
35,2072576,297.6,241,0.03352775052189827,0.7156005859375002,0.8500000000000003,0.19873791933059692,-0.01624,0.40505,0.0,0.02125,0.00959,-0.39415,0.09893,0.00027,0.63,0.305,0.045,0.0025,0.0625,0.5521940280135058,0.8292682926829268,0.5294117647058824,0.6483516483516484,0.6818181818181818,0.4406779661016949
36,2074624,306.5,241,0.08187980204820633,0.7235107421875002,0.8500000000000003,0.1988474428653717,-0.01617,0.37177,0.0,0.02308,0.01519,-0.39599,0.16729,0.00018,0.6325,0.305,0.0475,0.0025,0.06,0.54958876646841,0.8072289156626506,0.5392156862745098,0.6595744680851063,0.671875,0.45614035087719296
37,2076672,315.5,240,0.05300217866897583,0.7283447265625003,0.9000000000000004,0.19844819605350494,-0.0199,0.24768,0.0,0.02031,0.01307,-0.39614,0.13906,0.00018,0.6275,0.3,0.0475,0.0025,0.07,0.5423173371603024,0.8117647058823529,0.5353535353535354,0.648936170212766,0.6666666666666666,0.4406779661016949
38,2078720,324.3,240,0.08748945593833923,0.7419677734375002,0.9000000000000004,0.1981046199798584,-0.0207,0.14512,0.0,0.02368,0.01277,-0.40091,0.12764,0.00018,0.6325,0.295,0.0475,0.0025,0.07,0.5483646961577234,0.8160919540229885,0.5353535353535354,0.6774193548387096,0.6666666666666666,0.41379310344827586
39,2080768,331.6,241,0.031216226518154144,0.7523925781250003,0.9000000000000004,0.19790896773338318,-0.0181,0.34516,0.0,0.02217,0.01144,-0.40323,0.13398,0.00018,0.6275,0.2975,0.05,0.0025,0.0725,0.5429440661357338,0.8117647058823529,0.5353535353535354,0.6914893617021277,0.6307692307692307,0.40350877192982454
40,2082816,339.5,241,0.057403553277254105,0.7554443359375003,0.9000000000000004,0.19804733991622925,-0.01957,0.39834,0.0,0.02518,0.01272,-0.40389,0.13545,0.00018,0.625,0.3,0.05,0.0025,0.0725,0.5380183977623113,0.8095238095238095,0.5306122448979592,0.6808510638297872,0.6461538461538462,0.4067796610169492
41,2084864,348.7,241,0.046694472432136536,0.7585693359375003,0.9000000000000004,0.1981891244649887,-0.01926,0.3893,0.0,0.02791,0.01518,-0.4026,0.14756,0.00018,0.6125,0.3075,0.0475,0.0025,0.0775,0.5247753206678268,0.8170731707317073,0.5263157894736842,0.673469387755102,0.6349206349206349,0.3548387096774194
42,2086912,356.1,242,0.028851516544818878,0.7581054687500002,0.9000000000000004,0.19825240969657898,-0.02262,0.23602,0.0,0.02576,0.01627,-0.40144,0.17988,8e-05,0.6075,0.3,0.04,0.005,0.0875,0.5205157202729047,0.8095238095238095,0.5106382978723404,0.6701030927835051,0.6190476190476191,0.3709677419354839
43,2088960,364.2,242,0.04785803705453873,0.7580078125000003,0.9000000000000004,0.19832047820091248,-0.01376,0.29257,0.0,0.02234,0.0085,-0.40117,0.09902,0.00018,0.6,0.305,0.04,0.005,0.09,0.5142304419746103,0.8048780487804879,0.5,0.6421052631578947,0.6268656716417911,0.3870967741935484
44,2091008,373.6,241,0.0419028103351593,0.7599121093750001,0.9000000000000004,0.19829994440078735,-0.02176,0.27799,0.0,0.02592,0.01326,-0.40046,0.14189,0.00018,0.595,0.3125,0.04,0.005,0.0875,0.5126048980463515,0.788235294117647,0.5,0.6263736263736264,0.6363636363636364,0.390625
45,2093056,381.2,242,0.029993798583745956,0.7640380859375002,0.9000000000000004,0.19791042804718018,-0.01842,0.2001,0.0,0.02546,0.01588,-0.40257,0.15576,0.00012,0.5925,0.3125,0.04,0.005,0.09,0.512196279116792,0.7710843373493976,0.5161290322580645,0.6333333333333333,0.6285714285714286,0.375
46,2095104,389.4,242,0.06295146048069,0.7676513671875003,0.9500000000000004,0.19772472977638245,-0.01645,0.39232,0.0,0.02235,0.00832,-0.40555,0.10107,0.00018,0.6,0.3075,0.04,0.005,0.0875,0.5149974017886575,0.7831325301204819,0.5465116279069767,0.6153846153846154,0.6176470588235294,0.4166666666666667
47,2097152,397.0,242,0.04414995759725571,0.7735595703125002,0.9500000000000004,0.19770753383636475,-0.02001,0.45695,0.0,0.02434,0.01404,-0.4069,0.13447,0.00012,0.6025,0.3075,0.04,0.005,0.085,0.5167573501913512,0.7951807228915663,0.5595238095238095,0.6,0.6197183098591549,0.4166666666666667
48,2099200,406.3,242,0.028158627450466156,0.7704833984375004,0.9500000000000004,0.19782081246376038,-0.01757,0.36548,0.0,0.02534,0.01054,-0.40638,0.12305,0.00018,0.6025,0.3075,0.0425,0.005,0.085,0.5158472975950736,0.8048780487804879,0.573170731707317,0.5977011494252874,0.6,0.4189189189189189
49,2101248,415.2,242,0.047694336622953415,0.7721923828125004,0.9500000000000004,0.19786785542964935,-0.01566,0.33096,0.0,0.02412,0.01629,-0.40551,0.19463,0.00012,0.59,0.3225,0.045,0.005,0.0825,0.5063219441652416,0.8072289156626506,0.5185185185185185,0.5747126436781609,0.6133333333333333,0.4189189189189189
50,2103296,422.9,242,0.08031119406223297,0.7758056640625002,0.9500000000000004,0.1979008913040161,-0.01755,0.33016,0.0,0.02214,0.00939,-0.40517,0.0998,0.00018,0.5925,0.3175,0.0425,0.0075,0.0825,0.507963125646182,0.8148148148148148,0.5,0.5617977528089888,0.6233766233766234,0.4533333333333333
51,2105344,431.8,242,0.019681748002767563,0.7800537109375003,0.9500000000000004,0.19774752855300903,-0.01963,0.46879,0.0,0.02277,0.01215,-0.40562,0.14951,0.00027,0.5825,0.3225,0.04,0.01,0.085,0.5003627085121338,0.8072289156626506,0.5063291139240507,0.5348837209302325,0.618421052631579,0.4342105263157895
52,2107392,440.3,242,0.05601010471582413,0.7768554687500003,0.9500000000000004,0.197759211063385,-0.02254,0.7656,0.0,0.02462,0.01713,-0.40679,0.16631,0.00012,0.5775,0.325,0.0425,0.01,0.0875,0.49214980148481685,0.8,0.5,0.5348837209302325,0.6103896103896104,0.425
53,2109440,449.6,241,0.04270370304584503,0.7738037109375002,0.9500000000000004,0.19809222221374512,-0.01562,0.41843,0.0,0.02264,0.0092,-0.40547,0.10254,0.00027,0.57,0.3325,0.0425,0.01,0.0875,0.4900181487962652,0.7738095238095238,0.4647887323943662,0.5465116279069767,0.5925925925925926,0.44871794871794873
54,2111488,459.2,241,0.07038221508264542,0.7752685546875002,0.9500000000000004,0.19806627929210663,-0.02204,0.49989,0.0,0.02464,0.01494,-0.40297,0.14492,0.00018,0.565,0.325,0.04,0.015,0.095,0.48279239812337804,0.7777777777777778,0.45714285714285713,0.5421686746987951,0.5822784810126582,0.4230769230769231
55,2113536,468.8,240,0.06609708815813065,0.7748535156250002,0.9500000000000004,0.1981947273015976,-0.01621,0.83294,0.0,0.02478,0.01176,-0.40339,0.13496,0.00027,0.5725,0.3175,0.045,0.015,0.095,0.4874808964838664,0.8021978021978022,0.45714285714285713,0.5340909090909091,0.5921052631578947,0.4266666666666667
56,2115584,477.1,240,0.045126888900995255,0.7778320312500002,0.9500000000000004,0.19855494797229767,-0.02352,0.31058,0.0,0.02353,0.02339,-0.40024,0.2085,0.00012,0.5675,0.3175,0.0475,0.02,0.095,0.484497258290591,0.8,0.44285714285714284,0.5287356321839081,0.6153846153846154,0.4
57,2117632,485.0,241,0.022758500650525093,0.7815185546875002,0.9500000000000004,0.19867219030857086,-0.01791,0.32142,0.0,0.02549,0.00872,-0.39833,0.09639,0.00018,0.56,0.3225,0.0475,0.02,0.0975,0.4790904792744918,0.797752808988764,0.4520547945205479,0.5119047619047619,0.6103896103896104,0.38961038961038963
58,2119680,493.0,241,0.030504697933793068,0.7816162109375002,0.9500000000000004,0.1984480321407318,-0.02398,0.28402,0.0,0.02663,0.0153,-0.39859,0.16895,0.00012,0.5525,0.33,0.05,0.02,0.0975,0.47251111513638167,0.7954545454545454,0.44594594594594594,0.4878048780487805,0.6153846153846154,0.38461538461538464
59,2121728,502.1,241,0.0388823077082634,0.7811523437500002,0.9500000000000004,0.19832231104373932,-0.01707,0.96159,0.0,0.03061,0.00953,-0.40065,0.1168,0.00027,0.5425,0.3375,0.045,0.02,0.1,0.4669798945543395,0.788235294117647,0.44,0.45121951219512196,0.6172839506172839,0.38961038961038963
60,2123776,511.2,240,0.03131945803761482,0.7707763671875002,0.95,0.19866004586219788,-0.0176,0.74796,0.0,0.02894,0.01069,-0.40012,0.13018,0.0004,0.535,0.345,0.045,0.0175,0.1025,0.4611857657055035,0.7674418604651163,0.425,0.44871794871794873,0.6103896103896104,0.4050632911392405
61,2125824,519.8,240,0.07338567823171616,0.7671386718750002,0.95,0.19883060455322266,-0.0232,0.30905,0.0,0.02698,0.0199,-0.39643,0.19307,0.00012,0.535,0.3475,0.0425,0.0175,0.1,0.4624320134357312,0.788235294117647,0.4177215189873418,0.4266666666666667,0.6103896103896104,0.4166666666666667
62,2127872,528.9,240,0.039482761174440384,0.7681640625000001,0.95,0.19866862893104553,-0.01803,0.25921,0.0,0.02155,0.00837,-0.39659,0.10381,0.00018,0.5325,0.36,0.0425,0.0175,0.09,0.4597419521967329,0.7906976744186046,0.40963855421686746,0.4084507042253521,0.6075949367088608,0.41975308641975306
63,2129920,537.9,240,0.06383403390645981,0.7707519531250002,0.95,0.19871698319911957,-0.01846,0.24276,0.0,0.02096,0.01225,-0.39744,0.13926,0.00018,0.53,0.3625,0.0425,0.0175,0.09,0.45843693970057264,0.7857142857142857,0.4117647058823529,0.391304347826087,0.6049382716049383,0.43209876543209874
64,2131968,547.0,240,0.016406115144491196,0.7718505859375001,0.95,0.19885645806789398,-0.02014,0.4009,0.0,0.02174,0.01206,-0.39626,0.13408,0.00018,0.52,0.365,0.0425,0.0175,0.0975,0.4514621950975885,0.7831325301204819,0.4235294117647059,0.3835616438356164,0.5822784810126582,0.4125
65,2134016,556.1,239,0.04967143386602402,0.7715332031250002,0.95,0.1987837851047516,-0.02217,0.28701,0.0,0.02306,0.0125,-0.39542,0.13594,0.00018,0.5225,0.3675,0.0425,0.0175,0.0925,0.45106025021353346,0.7674418604651163,0.42528735632183906,0.37681159420289856,0.575,0.4358974358974359
66,2136064,564.7,239,0.03304401785135269,0.7718994140625002,0.95,0.19858092069625854,-0.01986,0.45517,0.0,0.02186,0.01344,-0.39754,0.14229,0.00018,0.53,0.37,0.045,0.0175,0.0825,0.4589750510781718,0.7682926829268293,0.43820224719101125,0.39705882352941174,0.5476190476190477,0.4805194805194805
67,2138112,572.7,240,0.0318707674741745,0.7674072265625002,0.95,0.19845208525657654,-0.02173,0.24011,0.0,0.02047,0.01074,-0.39874,0.12471,0.00027,0.5275,0.375,0.045,0.0175,0.08,0.4581869032217781,0.7764705882352941,0.4482758620689655,0.373134328358209,0.5357142857142857,0.4675324675324675
68,2140160,581.1,240,0.062459878623485565,0.7702392578125001,0.95,0.19836562871932983,-0.01903,0.23245,0.0,0.01953,0.02043,-0.40024,0.18438,8e-05,0.5325,0.365,0.0425,0.0175,0.085,0.4620216538264063,0.7831325301204819,0.45977011494252873,0.37681159420289856,0.5517241379310345,0.4594594594594595
69,2142208,589.4,240,0.01313614472746849,0.7745361328125001,0.95,0.19831204414367676,-0.01367,0.30553,0.0,0.02081,0.00752,-0.40063,0.09482,0.00012,0.525,0.37,0.045,0.0175,0.0875,0.45743909572384406,0.7647058823529411,0.4418604651162791,0.36764705882352944,0.5595238095238095,0.45454545454545453
70,2144256,598.0,240,0.03472713753581047,0.7717529296875001,0.95,0.19831764698028564,-0.01715,0.28457,0.0,0.02032,0.01043,-0.40126,0.12627,0.00018,0.525,0.3725,0.05,0.0175,0.085,0.45650198535933234,0.7701149425287356,0.46153846153846156,0.35294117647058826,0.5542168674698795,0.43661971830985913
71,2146304,607.2,239,0.03739805519580841,0.7764404296875002,0.95,0.1981966495513916,-0.0196,0.41474,0.0,0.02458,0.01228,-0.40115,0.13887,0.00018,0.51,0.375,0.0525,0.0175,0.0975,0.44303820461766974,0.7674418604651163,0.4574468085106383,0.3283582089552239,0.5301204819277109,0.4142857142857143
72,2148352,616.7,239,0.039917416870594025,0.7770996093750002,0.95,0.19803476333618164,-0.01849,0.25831,0.0,0.02268,0.01199,-0.40287,0.12139,0.00027,0.515,0.3725,0.05,0.0175,0.095,0.44620946243663256,0.7701149425287356,0.4536082474226804,0.352112676056338,0.5443037974683544,0.4090909090909091
73,2150400,625.7,239,0.02620100788772106,0.7780029296875002,0.95,0.19751104712486267,-0.02135,0.20835,0.0,0.01977,0.01691,-0.40618,0.16885,0.00018,0.52,0.3675,0.05,0.0175,0.095,0.4491122326751535,0.7558139534883721,0.47959183673469385,0.3698630136986301,0.5454545454545454,0.4090909090909091
74,2152448,634.4,239,0.019293993711471558,0.7768554687500001,0.95,0.19696369767189026,-0.01812,0.26055,0.0,0.02336,0.01087,-0.41141,0.12119,0.00027,0.515,0.3725,0.05,0.015,0.0975,0.4431488430995054,0.735632183908046,0.5051546391752577,0.3611111111111111,0.5189873417721519,0.4
75,2154496,643.1,239,0.04159465804696083,0.7708740234375002,0.9000000000000004,0.1965486854314804,-0.01752,0.43324,0.0,0.02333,0.01619,-0.4173,0.16045,0.00018,0.505,0.385,0.0475,0.015,0.095,0.43272043943017435,0.7386363636363636,0.48484848484848486,0.352112676056338,0.5063291139240507,0.38095238095238093
76,2156544,651.8,239,0.08483216911554337,0.7725097656250002,0.95,0.19621217250823975,-0.02378,0.42881,0.0,0.02279,0.01403,-0.42053,0.16816,0.00018,0.515,0.38,0.055,0.0125,0.0925,0.4445281226172868,0.7586206896551724,0.4742268041237113,0.3561643835616438,0.524390243902439,0.4098360655737705
77,2158592,660.5,239,0.023172669112682343,0.7716308593750001,0.8999999999999999,0.1961352527141571,-0.01976,0.52464,0.0,0.0244,0.01259,-0.42336,0.13584,0.00027,0.51,0.3775,0.05,0.0125,0.1,0.44356109305133357,0.7415730337078652,0.4948453608247423,0.30985915492957744,0.524390243902439,0.4098360655737705
78,2160640,669.3,239,0.061574339866638184,0.7699462890625002,0.8999999999999999,0.19600223004817963,-0.02321,0.46641,0.0,0.02677,0.0184,-0.42374,0.17979,0.00012,0.51,0.38,0.05,0.01,0.1,0.4444328015997741,0.7710843373493976,0.49504950495049505,0.3424657534246575,0.5,0.39344262295081966
79,2162688,677.0,239,0.0423729345202446,0.7704833984375002,0.8999999999999999,0.19572719931602478,-0.01395,0.43604,0.0,0.02344,0.00854,-0.42579,0.096,0.00018,0.51,0.3875,0.0525,0.01,0.0925,0.4467321893672079,0.7662337662337663,0.5047619047619047,0.35064935064935066,0.49382716049382713,0.4166666666666667
80,2164736,685.7,239,0.0039907097816467285,0.7661621093750002,0.95,0.19541485607624054,-0.01668,0.94716,0.0,0.02567,0.01314,-0.42924,0.13066,0.00018,0.495,0.405,0.045,0.0125,0.0875,0.4352308505650811,0.7402597402597403,0.48598130841121495,0.3194444444444444,0.4810126582278481,0.4307692307692308
81,2166784,694.2,239,0.07448571175336838,0.7575683593750002,0.9000000000000004,0.1954035758972168,-0.02144,0.42622,0.0,0.02514,0.01258,-0.43091,0.15391,0.00027,0.495,0.405,0.0425,0.0075,0.0925,0.4325048433068043,0.75,0.5,0.32,0.4473684210526316,0.43283582089552236
82,2168832,703.2,239,0.06436038762331009,0.7595214843750002,0.9000000000000004,0.19509288668632507,-0.02097,0.60942,0.0,0.02752,0.01879,-0.43179,0.17764,0.00012,0.4925,0.405,0.04,0.0075,0.095,0.43350750833398904,0.7176470588235294,0.5,0.3157894736842105,0.46153846153846156,0.42857142857142855
83,2170880,711.9,239,0.024339009076356888,0.7627197265625002,0.9000000000000004,0.19493024051189423,-0.01647,0.40501,0.0,0.02229,0.00857,-0.43465,0.10303,0.00018,0.4925,0.405,0.0425,0.0075,0.095,0.4305276914517481,0.7294117647058823,0.4845360824742268,0.35526315789473684,0.4473684210526316,0.4090909090909091
84,2172928,721.3,238,0.019215259701013565,0.7612060546875001,0.95,0.19486097991466522,-0.01988,0.56196,0.0,0.02386,0.01269,-0.43577,0.13857,0.00018,0.4975,0.4025,0.04,0.0075,0.0925,0.43146139787827215,0.7349397590361446,0.4842105263157895,0.35064935064935066,0.4805194805194805,0.4117647058823529
85,2174976,729.4,239,0.05567456781864166,0.7598388671875002,0.95,0.19492390751838684,-0.01917,0.60643,0.0,0.02374,0.01367,-0.43573,0.15283,0.00018,0.495,0.4,0.045,0.0075,0.0975,0.4284323820158791,0.7093023255813954,0.49473684210526314,0.34615384615384615,0.4805194805194805,0.40625
86,2177024,739.3,238,0.07424797862768173,0.7611083984375002,0.95,0.1950577348470688,-0.02291,0.46208,0.0,0.02886,0.01316,-0.43489,0.13213,0.00018,0.49,0.4,0.0475,0.01,0.1,0.4259598747493527,0.6818181818181818,0.4725274725274725,0.36363636363636365,0.5061728395061729,0.38095238095238093
87,2179072,747.7,238,0.053610507398843765,0.7606445312500002,0.95,0.19489505887031555,-0.01996,0.59323,0.0,0.02486,0.01301,-0.43459,0.1375,0.00018,0.48,0.4075,0.05,0.0125,0.1,0.4168614094017055,0.6703296703296703,0.4606741573033708,0.358974358974359,0.4936708860759494,0.36507936507936506
88,2181120,756.5,238,0.037360548973083496,0.7552734375000001,0.95,0.19451981782913208,-0.01832,0.60469,0.0,0.02278,0.0121,-0.43705,0.12988,0.00027,0.485,0.4125,0.055,0.0125,0.09,0.4234460371773228,0.6559139784946236,0.46153846153846156,0.3684210526315789,0.5324675324675324,0.3492063492063492
89,2183168,765.3,238,0.08756498992443085,0.7574951171875002,0.95,0.19440996646881104,-0.02245,0.2555,0.0,0.02529,0.01837,-0.44037,0.19512,0.00012,0.4925,0.405,0.055,0.01,0.0925,0.43116603176066653,0.6702127659574468,0.4482758620689655,0.375,0.5733333333333334,0.34375
90,2185216,773.7,238,0.08014219999313354,0.7575195312500002,0.9000000000000004,0.1943090856075287,-0.01941,0.60705,0.0,0.02757,0.01158,-0.44077,0.12324,0.00012,0.4925,0.3975,0.05,0.0125,0.0975,0.4320931168024289,0.6630434782608695,0.449438202247191,0.4050632911392405,0.5641025641025641,0.3225806451612903
91,2187264,783.7,238,0.08270574361085892,0.762158203125,0.9000000000000004,0.19419533014297485,-0.01699,0.68699,0.0,0.0255,0.00964,-0.44228,0.11016,0.00018,0.4925,0.4,0.0475,0.0125,0.095,0.43044042040236774,0.6808510638297872,0.43478260869565216,0.42857142857142855,0.5277777777777778,0.3275862068965517
92,2189312,794.4,237,0.10231136530637741,0.7694091796875002,0.9000000000000004,0.1941651999950409,-0.01649,0.43945,0.0,0.02397,0.01138,-0.44314,0.12187,0.00027,0.5,0.4025,0.0425,0.0125,0.085,0.44101243679146934,0.6774193548387096,0.42045454545454547,0.4634146341463415,0.5394736842105263,0.3442622950819672
93,2191360,803.8,237,0.07695762068033218,0.7690917968750002,0.9000000000000004,0.19387933611869812,-0.0151,0.36178,0.0,0.02113,0.02267,-0.44406,0.1875,0.00018,0.5,0.4,0.0375,0.0125,0.0875,0.44400780752493363,0.6739130434782609,0.4157303370786517,0.45121951219512196,0.5466666666666666,0.3709677419354839
94,2193408,812.3,237,0.056689418852329254,0.7752685546875002,0.9000000000000004,0.19369125366210938,-0.01444,0.51814,0.0,0.0182,0.01501,-0.4475,0.16992,0.00012,0.4975,0.3975,0.0375,0.015,0.09,0.4431322500964705,0.6565656565656566,0.40476190476190477,0.45121951219512196,0.5405405405405406,0.3770491803278688
95,2195456,821.3,237,0.025157667696475983,0.7749267578125001,0.9000000000000004,0.1938496232032776,-0.0164,0.73221,0.0,0.01836,0.00823,-0.44747,0.10527,0.00018,0.5,0.4025,0.035,0.015,0.0825,0.44403069495726244,0.6666666666666666,0.40476190476190477,0.4430379746835443,0.5454545454545454,0.3770491803278688
96,2197504,829.7,237,0.009813608601689339,0.7688720703125002,0.9000000000000004,0.19423925876617432,-0.01833,0.55652,0.0,0.01753,0.0104,-0.44521,0.10645,0.00027,0.4975,0.405,0.035,0.015,0.0825,0.44070132082292107,0.6336633663366337,0.4117647058823529,0.46153846153846156,0.5466666666666666,0.3770491803278688
97,2199552,838.2,237,0.10197298228740692,0.7716308593750002,0.9000000000000004,0.1942983716726303,-0.01958,0.39472,0.0,0.01723,0.01765,-0.44148,0.17285,0.00012,0.5075,0.3975,0.03,0.015,0.08,0.4464367021866795,0.6372549019607843,0.42528735632183906,0.4810126582278481,0.5416666666666666,0.4
98,2201600,847.8,237,0.020591117441654205,0.7781738281250001,0.9500000000000004,0.19416843354701996,-0.0156,0.36975,0.0,0.01338,0.01047,-0.44311,0.13691,0.00018,0.51,0.4,0.03,0.015,0.075,0.4500519267308165,0.6538461538461539,0.43023255813953487,0.5064935064935064,0.5277777777777778,0.36065573770491804
99,2203648,856.8,237,0.052048660814762115,0.7754638671875002,0.9500000000000004,0.19419702887535095,-0.01801,0.32125,0.0,0.01592,0.01258,-0.44314,0.15264,0.00027,0.5175,0.3975,0.0325,0.015,0.07,0.45718653161908784,0.6571428571428571,0.43373493975903615,0.5189873417721519,0.5633802816901409,0.3387096774193548
100,2205696,867.1,236,0.006561875343322754,0.7721191406250002,0.95,0.19444754719734192,-0.02251,0.45925,0.0,0.01533,0.01922,-0.44221,0.18564,0.00012,0.5075,0.4025,0.0375,0.0125,0.0775,0.4487468848514085,0.6476190476190476,0.43037974683544306,0.49382716049382713,0.5633802816901409,0.328125
101,2207744,876.7,236,0.04910651966929436,0.7707763671875001,0.9500000000000004,0.19436758756637573,-0.01377,0.23684,0.0,0.01653,0.00723,-0.44064,0.08486,0.00018,0.51,0.395,0.0425,0.0125,0.0825,0.45124982802937835,0.6448598130841121,0.4342105263157895,0.5308641975308642,0.5492957746478874,0.3076923076923077
102,2209792,886.4,236,0.0788637176156044,0.7742919921875002,0.9500000000000004,0.19445011019706726,-0.01712,0.45665,0.0,0.02036,0.01216,-0.44177,0.12461,0.00027,0.5275,0.38,0.045,0.01,0.0825,0.4648882708800029,0.6542056074766355,0.4666666666666667,0.5421686746987951,0.5774647887323944,0.3125
103,2211840,895.9,235,0.0799185037612915,0.7752929687500002,0.9500000000000004,0.19463150203227997,-0.02172,0.70152,0.0,0.02044,0.01766,-0.44007,0.17432,0.00012,0.53,0.3825,0.0475,0.01,0.0775,0.4677927393724147,0.6730769230769231,0.44871794871794873,0.5443037974683544,0.6027397260273972,0.30303030303030304
104,2213888,904.3,236,0.04890518635511398,0.7740234375000001,0.9500000000000004,0.19471770524978638,-0.01474,0.46754,0.0,0.02095,0.008,-0.43872,0.09756,0.00018,0.525,0.385,0.0475,0.01,0.08,0.4632856080910574,0.6732673267326733,0.4430379746835443,0.5512820512820513,0.5945945945945946,0.29411764705882354
105,2215936,912.5,236,0.008659206330776215,0.7756103515625001,0.95,0.19449067115783691,-0.01737,0.30937,0.0,0.02012,0.0106,-0.43924,0.10859,0.00027,0.525,0.3875,0.05,0.01,0.0775,0.46537943819514865,0.6666666666666666,0.4625,0.5324675324675324,0.5945945945945946,0.3142857142857143
106,2217984,921.1,236,0.07347048074007034,0.7701904296875002,0.95,0.1943518966436386,-0.01758,0.60889,0.0,0.02094,0.01583,-0.44165,0.154,0.00012,0.525,0.3825,0.0475,0.01,0.0825,0.46916729229471854,0.6764705882352942,0.47560975609756095,0.5492957746478874,0.5714285714285714,0.27941176470588236
107,2220032,929.9,236,0.054441556334495544,0.7738769531250002,1.0,0.19448938965797424,-0.01714,0.51451,0.0,0.02324,0.01043,-0.44168,0.11758,0.00018,0.525,0.385,0.045,0.01,0.08,0.46812952499549015,0.6938775510204082,0.4375,0.5633802816901409,0.569620253164557,0.3055555555555556
108,2222080,938.8,236,0.05948576331138611,0.7737792968750001,0.9500000000000004,0.1946096420288086,-0.01878,0.41152,0.0,0.0211,0.01204,-0.44054,0.1249,0.00018,0.525,0.385,0.045,0.01,0.08,0.4676192646180195,0.6875,0.4375,0.5945945945945946,0.5733333333333334,0.29333333333333333
109,2224128,948.2,235,0.061468396335840225,0.7715087890625002,1.0,0.1946447491645813,-0.01813,0.5527,0.0,0.02118,0.01372,-0.43958,0.16514,0.00027,0.53,0.385,0.045,0.0075,0.0775,0.4712359006979565,0.6989247311827957,0.4342105263157895,0.575,0.5789473684210527,0.32
110,2226176,958.0,235,0.07866676151752472,0.7778076171875001,1.0,0.19463253021240234,-0.01985,0.25132,0.0,0.02327,0.01932,-0.43944,0.20195,0.00018,0.5375,0.375,0.04,0.005,0.0825,0.4762440035145615,0.717391304347826,0.4533333333333333,0.5783132530120482,0.5657894736842105,0.32432432432432434
111,2228224,967.5,235,0.05617109686136246,0.7809082031250001,1.0,0.19450047612190247,-0.02142,0.59183,0.0,0.0251,0.01358,-0.44027,0.13857,0.00027,0.5375,0.3725,0.0375,0.005,0.085,0.4754746118105434,0.7252747252747253,0.4266666666666667,0.5802469135802469,0.5625,0.3424657534246575
112,2230272,976.7,235,0.060911159962415695,0.7841796875000001,1.0,0.1939850151538849,-0.02327,0.31029,0.0,0.01979,0.02121,-0.44284,0.18779,0.00012,0.5375,0.3725,0.035,0.005,0.085,0.4758529657258886,0.7362637362637363,0.44155844155844154,0.5625,0.5569620253164557,0.3424657534246575
113,2232320,985.5,235,0.017232315614819527,0.7854003906250001,1.0,0.1935713291168213,-0.0205,0.44085,0.0,0.01811,0.0098,-0.44773,0.1126,0.00027,0.5375,0.3775,0.0375,0.005,0.08,0.4738710281717694,0.7263157894736842,0.4230769230769231,0.5641025641025641,0.5844155844155844,0.3333333333333333
114,2234368,993.6,235,0.050579898059368134,0.7877197265625001,1.0,0.1933058798313141,-0.02238,0.25238,0.0,0.01603,0.0192,-0.45135,0.17861,0.00012,0.5425,0.3725,0.0375,0.005,0.08,0.47810081842823726,0.7204301075268817,0.45454545454545453,0.5625,0.6,0.3333333333333333
115,2236416,1003.1,235,0.06538991630077362,0.79462890625,1.0,0.1933685839176178,-0.01907,0.2137,0.0,0.01401,0.01075,-0.45273,0.11689,0.00018,0.5475,0.3675,0.0375,0.005,0.08,0.48386937943814234,0.7282608695652174,0.47435897435897434,0.5443037974683544,0.6164383561643836,0.34615384615384615
116,2238464,1011.2,235,0.05138695240020752,0.7980712890625001,1.0,0.19341596961021423,-0.02014,0.4597,0.0,0.01671,0.01537,-0.45186,0.15674,8e-05,0.5475,0.3625,0.0375,0.005,0.085,0.48441041731817136,0.7111111111111111,0.48148148148148145,0.5256410256410257,0.6388888888888888,0.3670886075949367
117,2240512,1019.4,235,0.03065490536391735,0.7978271484375001,1.0,0.1934761255979538,-0.0121,0.44013,0.0,0.01526,0.00689,-0.45162,0.08018,0.00018,0.5325,0.3725,0.04,0.005,0.09,0.4696441341514184,0.7065217391304348,0.45,0.5064935064935064,0.6081081081081081,0.36363636363636365
118,2242560,1027.3,235,0.056910160928964615,0.7925781250000001,0.95,0.19327306747436523,-0.01784,0.34689,0.0,0.01733,0.01356,-0.45163,0.1541,0.00018,0.54,0.365,0.04,0.005,0.09,0.47610047650155446,0.7052631578947368,0.4594594594594595,0.5061728395061729,0.6133333333333333,0.37333333333333335
119,2244608,1036.7,235,0.10305621474981308,0.7985351562500002,0.95,0.19303181767463684,-0.02174,0.2656,0.0,0.0201,0.01614,-0.45475,0.18154,0.00012,0.5375,0.3625,0.0425,0.0075,0.0925,0.4753355376655339,0.7065217391304348,0.47368421052631576,0.48148148148148145,0.6351351351351351,0.36363636363636365
120,2246656,1045.0,235,0.05062955617904663,0.8009033203125,0.95,0.19332629442214966,-0.01778,0.39792,0.0,0.02038,0.00975,-0.4553,0.11055,0.00027,0.5375,0.3625,0.0475,0.0075,0.0925,0.4779764198560978,0.7303370786516854,0.45454545454545453,0.47560975609756095,0.6486486486486487,0.358974358974359
121,2248704,1054.2,235,0.07544554769992828,0.8022949218750001,1.0,0.19344010949134827,-0.01858,0.21547,0.0,0.01902,0.01557,-0.45147,0.16963,0.00018,0.55,0.3475,0.0525,0.0075,0.095,0.49166127145925004,0.7362637362637363,0.46153846153846156,0.5,0.6712328767123288,0.358974358974359
122,2250752,1064.6,235,0.0267360657453537,0.8055175781250001,0.95,0.19335636496543884,-0.01946,0.69994,0.0,0.02348,0.01278,-0.45215,0.14297,0.00018,0.53,0.3575,0.055,0.0075,0.105,0.4750418801728186,0.7111111111111111,0.45454545454545453,0.45,0.6805555555555556,0.345679012345679
123,2252800,1073.1,235,0.022486843168735504,0.7854736328125,0.95,0.19309793412685394,-0.02041,0.70316,0.0,0.02516,0.01047,-0.45297,0.12344,0.00027,0.52,0.365,0.055,0.0075,0.1075,0.4659498022173532,0.7093023255813954,0.43037974683544306,0.45121951219512196,0.6714285714285714,0.3493975903614458
124,2254848,1081.7,235,0.07062999904155731,0.7851562500000002,0.9000000000000004,0.19258949160575867,-0.01887,0.26862,0.0,0.02439,0.01452,-0.45756,0.15977,0.00027,0.5275,0.3575,0.05,0.0075,0.1075,0.47189757322353126,0.7159090909090909,0.4358974358974359,0.4567901234567901,0.6714285714285714,0.3614457831325301
125,2256896,1089.5,235,0.06536789238452911,0.7931884765625001,0.95,0.192368745803833,-0.01998,0.27773,0.0,0.02211,0.01676,-0.46184,0.16504,0.00012,0.535,0.355,0.05,0.0075,0.1025,0.47751248917003175,0.7241379310344828,0.4230769230769231,0.47619047619047616,0.676056338028169,0.375
126,2258944,1097.5,235,0.057633332908153534,0.7961914062500002,0.95,0.19227683544158936,-0.01627,0.71545,0.0,0.02398,0.00887,-0.46284,0.09561,0.00027,0.53,0.3575,0.0475,0.0075,0.105,0.47201438774831145,0.7241379310344828,0.4268292682926829,0.45,0.6527777777777778,0.3924050632911392
127,2260992,1105.5,235,0.05668025463819504,0.7955810546875002,0.9500000000000004,0.1923416256904602,-0.02318,0.39799,0.0,0.01987,0.01993,-0.46305,0.17549,0.00012,0.535,0.355,0.0475,0.01,0.1025,0.4763946229853265,0.7272727272727273,0.4268292682926829,0.4567901234567901,0.6527777777777778,0.4025974025974026
128,2263040,1112.7,236,0.015420316718518734,0.8005126953125001,0.9500000000000004,0.19240280985832214,-0.0155,0.60404,0.0,0.02042,0.00784,-0.46233,0.08809,0.00018,0.5275,0.3625,0.05,0.0125,0.1,0.47040839742105917,0.7241379310344828,0.42168674698795183,0.43529411764705883,0.6376811594202898,0.42105263157894735
129,2265088,1121.1,236,0.038353919982910156,0.795849609375,0.9500000000000004,0.19248491525650024,-0.01597,0.42301,0.0,0.02074,0.01202,-0.46164,0.13193,0.00027,0.5275,0.3575,0.0475,0.0125,0.105,0.4727106107556389,0.7126436781609196,0.43902439024390244,0.4431818181818182,0.6231884057971014,0.4189189189189189
130,2267136,1129.9,236,0.06791128218173981,0.796630859375,0.95,0.1924971640110016,-0.02173,0.53908,0.0,0.02363,0.01827,-0.46131,0.17266,0.00018,0.525,0.36,0.045,0.0125,0.105,0.4698655450517765,0.7191011235955056,0.4024390243902439,0.45652173913043476,0.6029411764705882,0.43478260869565216
131,2269184,1137.3,236,0.026813620701432228,0.7910156250000001,0.95,0.19251695275306702,-0.02032,0.44262,0.0,0.02117,0.01335,-0.46105,0.13467,0.00012,0.5275,0.3625,0.0475,0.0125,0.1,0.4729825605918166,0.7252747252747253,0.40963855421686746,0.46153846153846156,0.5909090909090909,0.43478260869565216
132,2271232,1145.1,236,0.04474303498864174,0.785400390625,0.95,0.1924513876438141,-0.01696,0.47032,0.0,0.02029,0.00781,-0.46133,0.08721,0.00027,0.52,0.3625,0.0525,0.0125,0.1075,0.46869615149685073,0.7282608695652174,0.43373493975903615,0.44565217391304346,0.5373134328358209,0.42424242424242425
133,2273280,1153.6,236,0.072534941136837,0.7857910156250001,0.95,0.19299224019050598,-0.01751,0.53172,0.0,0.02165,0.01674,-0.45947,0.16006,0.00018,0.52,0.3625,0.0525,0.0125,0.1075,0.4701504411643967,0.7282608695652174,0.45348837209302323,0.4175824175824176,0.5217391304347826,0.45161290322580644
134,2275328,1161.2,236,0.024894773960113525,0.7861328125,0.95,0.19320431351661682,-0.01711,0.46511,0.0,0.01977,0.01002,-0.45477,0.11396,0.00027,0.5175,0.365,0.05,0.0125,0.1075,0.4672941149867569,0.7263157894736842,0.45977011494252873,0.42857142857142855,0.4927536231884058,0.4307692307692308
135,2277376,1169.6,236,0.10846519470214844,0.7870117187500001,0.95,0.19318559765815735,-0.0186,0.3769,0.0,0.0214,0.01515,-0.45316,0.18643,0.00018,0.5225,0.36,0.0475,0.0125,0.1075,0.47462691438101545,0.7204301075268817,0.4642857142857143,0.4457831325301205,0.5217391304347826,0.4225352112676056
136,2279424,1177.7,236,0.07137498259544373,0.7986328125000002,0.95,0.1930975615978241,-0.01704,0.60783,0.0,0.01929,0.00982,-0.45471,0.11924,0.00027,0.52,0.3625,0.05,0.0125,0.1075,0.4706533370281524,0.7252747252747253,0.4470588235294118,0.4482758620689655,0.5454545454545454,0.4084507042253521
137,2281472,1186.0,237,0.06907948106527328,0.8009521484375001,1.0,0.19331246614456177,-0.02085,0.63977,0.0,0.01929,0.01498,-0.4538,0.16895,0.00018,0.525,0.3625,0.0475,0.01,0.105,0.47576392244429316,0.7303370786516854,0.45977011494252873,0.45454545454545453,0.53125,0.4305555555555556
138,2283520,1194.7,237,0.0405445396900177,0.8025390625000001,1.0,0.19337132573127747,-0.01729,0.63047,0.0,0.02424,0.01145,-0.45251,0.11885,0.00027,0.5025,0.38,0.0475,0.01,0.11,0.45737113051786493,0.7272727272727273,0.3977272727272727,0.449438202247191,0.5151515151515151,0.4057971014492754
139,2285568,1203.3,237,0.06800206750631332,0.7984619140625,0.95,0.1936958283185959,-0.02306,0.49411,0.0,0.02187,0.02076,-0.45064,0.20225,0.00012,0.5025,0.385,0.0475,0.0125,0.105,0.45676883596044965,0.7391304347826086,0.38823529411764707,0.4827586206896552,0.5,0.3611111111111111
140,2287616,1212.5,236,0.05024438351392746,0.7961181640625,0.95,0.19367659091949463,-0.01677,0.47436,0.0,0.02111,0.0088,-0.44853,0.09609,0.00027,0.51,0.38,0.045,0.015,0.1,0.4628399635947158,0.7441860465116279,0.4090909090909091,0.5057471264367817,0.5076923076923077,0.36486486486486486
141,2289664,1221.1,236,0.03370523452758789,0.7905273437500001,0.95,0.19323381781578064,-0.01743,0.83782,0.0,0.02256,0.01492,-0.45105,0.16455,0.00027,0.4925,0.3975,0.0525,0.0175,0.0975,0.4462729050157984,0.7209302325581395,0.3888888888888889,0.5125,0.47058823529411764,0.35526315789473684
142,2291712,1229.1,237,0.02423727884888649,0.7869628906250001,0.95,0.19333752989768982,-0.0157,0.35699,0.0,0.01827,0.01498,-0.45318,0.16133,0.00018,0.4925,0.4,0.05,0.0175,0.095,0.4461190790747581,0.7261904761904762,0.391304347826087,0.5185185185185185,0.4626865671641791,0.35526315789473684
143,2293760,1237.5,237,0.06028732284903526,0.7880615234375001,0.95,0.19360315799713135,-0.01567,0.49063,0.0,0.02004,0.01054,-0.45065,0.1292,0.00018,0.495,0.4,0.045,0.0175,0.0925,0.4450710986029706,0.7349397590361446,0.38202247191011235,0.5421686746987951,0.4411764705882353,0.36363636363636365
144,2295808,1246.1,237,0.05590338259935379,0.7899658203125001,0.95,0.19379960000514984,-0.01409,0.3573,0.0,0.02085,0.01477,-0.44844,0.14795,0.00012,0.4975,0.4025,0.045,0.02,0.085,0.44787509322710617,0.7469879518072289,0.38636363636363635,0.573170731707317,0.43478260869565216,0.3333333333333333
145,2297856,1253.8,237,0.028870537877082825,0.7906005859375002,0.9500000000000004,0.19385996460914612,-0.01822,0.42832,0.0,0.02243,0.00905,-0.44673,0.09531,0.00027,0.5075,0.3925,0.0475,0.02,0.085,0.4572911055446876,0.7721518987341772,0.3956043956043956,0.5802469135802469,0.44594594594594594,0.3466666666666667
146,2299904,1261.3,237,0.04992063343524933,0.794921875,0.9500000000000004,0.19389711320400238,-0.02124,0.28654,0.0,0.02114,0.01639,-0.44625,0.18477,0.00018,0.5175,0.3825,0.045,0.02,0.085,0.46341610136676437,0.7804878048780488,0.40217391304347827,0.575,0.4473684210526316,0.37142857142857144
147,2301952,1269.0,237,0.016781819984316826,0.798779296875,1.0,0.19389206171035767,-0.01626,0.36663,0.0,0.02014,0.00901,-0.44641,0.10293,0.00027,0.5075,0.3875,0.0475,0.02,0.09,0.4547798902872357,0.7682926829268293,0.41935483870967744,0.5384615384615384,0.4342105263157895,0.36619718309859156
148,2304000,1276.5,237,0.018406327813863754,0.7943603515625001,0.9500000000000004,0.19443736970424652,-0.02024,0.36481,0.0,0.0204,0.01671,-0.4443,0.16562,0.00018,0.5075,0.3875,0.0475,0.02,0.09,0.4557894233140853,0.7710843373493976,0.41304347826086957,0.5324675324675324,0.4342105263157895,0.375
149,2306048,1283.3,238,0.004115823656320572,0.7930175781250001,0.9500000000000004,0.194276824593544,-0.01732,0.16139,0.0,0.01443,0.01311,-0.44066,0.14658,0.00018,0.505,0.39,0.0475,0.02,0.09,0.4533799805315351,0.7682926829268293,0.41935483870967744,0.5324675324675324,0.42105263157894735,0.375
150,2308096,1290.5,238,0.019583866000175476,0.7955322265625,0.95,0.19366081058979034,-0.01903,0.1318,0.0,0.01531,0.01015,-0.44495,0.11709,0.00027,0.51,0.385,0.0475,0.02,0.09,0.45660992281810253,0.7857142857142857,0.425531914893617,0.5194805194805194,0.43243243243243246,0.36619718309859156
151,2310144,1298.1,238,0.047868020832538605,0.8016357421875001,0.9500000000000004,0.1933439075946808,-0.02007,0.43983,0.0,0.02317,0.01877,-0.45022,0.18135,0.00018,0.51,0.3825,0.0525,0.0175,0.095,0.4561766391579751,0.7951807228915663,0.4222222222222222,0.5,0.4266666666666667,0.3918918918918919
152,2312192,1306.8,238,0.07328666746616364,0.8009521484375001,0.9500000000000004,0.1931128203868866,-0.02071,0.53572,0.0,0.023,0.01191,-0.45272,0.13066,0.00027,0.505,0.385,0.05,0.0175,0.095,0.44789455535353073,0.8024691358024691,0.4090909090909091,0.5063291139240507,0.43037974683544306,0.3698630136986301
153,2314240,1314.9,238,0.12715499103069305,0.8072998046875001,1.0,0.1927851438522339,-0.01876,0.36223,0.0,0.02369,0.01602,-0.45587,0.16611,0.00018,0.52,0.37,0.0475,0.015,0.0975,0.45923570650764467,0.8125,0.4090909090909091,0.5205479452054794,0.4819277108433735,0.3815789473684211
154,2316288,1323.8,238,0.13906294107437134,0.82099609375,0.9500000000000004,0.19277197122573853,-0.02032,0.63269,0.0,0.02611,0.01502,-0.45763,0.16162,0.00012,0.535,0.3525,0.0475,0.0175,0.0975,0.4711329617524157,0.8170731707317073,0.4235294117647059,0.5285714285714286,0.5060240963855421,0.4
155,2318336,1331.6,238,0.04854311794042587,0.8256591796875001,1.0,0.19242316484451294,-0.02075,0.44822,0.0,0.02208,0.01204,-0.45869,0.13027,0.00018,0.545,0.35,0.045,0.0175,0.09,0.47556009699959956,0.825,0.425,0.5571428571428572,0.5232558139534884,0.40476190476190477
156,2320384,1339.5,239,0.1071029081940651,0.8247802734375002,0.9500000000000004,0.19218748807907104,-0.01902,0.67202,0.0,0.02445,0.01259,-0.46259,0.14404,0.00027,0.54,0.3475,0.0475,0.0175,0.0975,0.46633997696981644,0.8051948051948052,0.4230769230769231,0.5466666666666666,0.5465116279069767,0.39285714285714285
157,2322432,1347.1,239,0.09008853137493134,0.8300537109375,0.9500000000000004,0.19224923849105835,-0.01702,0.65619,0.0,0.02502,0.01949,-0.46337,0.20449,8e-05,0.545,0.3425,0.05,0.02,0.095,0.47037121857388514,0.8243243243243243,0.41025641025641024,0.5584415584415584,0.550561797752809,0.4024390243902439
158,2324480,1355.3,239,0.07248704880475998,0.8280517578125001,0.9500000000000004,0.19228079915046692,-0.01335,0.404,0.0,0.02541,0.00718,-0.46269,0.08262,0.00018,0.54,0.3525,0.0525,0.02,0.09,0.462457083395255,0.8266666666666667,0.425,0.5375,0.5227272727272727,0.4025974025974026
159,2326528,1363.8,239,0.0576835572719574,0.8332275390625001,1.0,0.19248530268669128,-0.01745,0.61189,0.0,0.02213,0.012,-0.46161,0.14053,0.00027,0.5375,0.3575,0.0525,0.02,0.0875,0.4608693186381086,0.8421052631578947,0.4024390243902439,0.5512820512820513,0.5113636363636364,0.39473684210526316
160,2328576,1371.4,239,0.0617365725338459,0.8302001953125,0.9500000000000004,0.19259142875671387,-0.02532,0.34991,0.0,0.024,0.02012,-0.45945,0.19492,0.00012,0.54,0.355,0.0525,0.02,0.0875,0.4598832956865394,0.8552631578947368,0.4,0.5584415584415584,0.5,0.4
161,2330624,1379.5,239,0.07258500158786774,0.83232421875,0.9500000000000004,0.19286009669303894,-0.01562,0.57328,0.0,0.02371,0.00825,-0.45834,0.08975,0.00018,0.5425,0.3525,0.0525,0.02,0.0875,0.4591961306313912,0.84,0.4177215189873418,0.5512820512820513,0.5,0.42105263157894735
162,2332672,1387.1,239,0.05418509989976883,0.8333251953124999,0.9500000000000004,0.1931687593460083,-0.02159,0.3592,0.0,0.02617,0.01323,-0.45471,0.13809,0.00018,0.5475,0.35,0.0525,0.0175,0.085,0.4646456704704232,0.8333333333333334,0.425,0.569620253164557,0.5052631578947369,0.43243243243243246
163,2334720,1396.1,239,0.07371417433023453,0.8365478515625,0.9500000000000004,0.19335566461086273,-0.01882,0.55351,0.0,0.02225,0.01252,-0.45234,0.14238,0.00012,0.5525,0.35,0.055,0.0175,0.08,0.46738841069307563,0.8194444444444444,0.4444444444444444,0.573170731707317,0.5104166666666666,0.43478260869565216
164,2336768,1404.1,239,0.07270652800798416,0.8405029296875,0.9500000000000004,0.1930122673511505,-0.01574,0.39668,0.0,0.0222,0.00977,-0.45252,0.10566,0.00027,0.5575,0.3425,0.0525,0.015,0.085,0.47232069594139103,0.8356164383561644,0.4444444444444444,0.5625,0.5108695652173914,0.4594594594594595
165,2338816,1411.6,239,0.019568314775824547,0.8428710937499999,0.95,0.1926746666431427,-0.02348,0.55573,0.0,0.02469,0.01884,-0.45724,0.21611,0.00012,0.56,0.3375,0.045,0.0175,0.085,0.47339764070995904,0.821917808219178,0.4375,0.5625,0.5376344086021505,0.4594594594594595
166,2340864,1420.6,239,0.05856652185320854,0.8408203125,0.95,0.19250677525997162,-0.01367,0.60223,0.0,0.02269,0.01198,-0.45929,0.12002,0.00012,0.5625,0.3325,0.045,0.0175,0.0875,0.47535393349036936,0.8266666666666667,0.44871794871794873,0.5625,0.5108695652173914,0.48
167,2342912,1429.2,239,0.0967695415019989,0.8415283203125,0.95,0.1922052651643753,-0.01979,0.26614,0.0,0.02291,0.01085,-0.4615,0.12441,0.00012,0.5675,0.325,0.0475,0.0175,0.09,0.4820918177919269,0.8311688311688312,0.4430379746835443,0.5625,0.5217391304347826,0.4861111111111111
168,2344960,1437.1,239,0.04837757349014282,0.8433837890625,1.0,0.19217953085899353,-0.02091,0.4803,0.0,0.02366,0.01077,-0.46371,0.13057,0.00018,0.5625,0.33,0.0475,0.015,0.0925,0.475703730398894,0.8205128205128205,0.42857142857142855,0.5609756097560976,0.5164835164835165,0.4861111111111111
169,2347008,1444.7,240,0.038109563291072845,0.8407470703125,1.0,0.19224604964256287,-0.01777,0.51913,0.0,0.02674,0.00973,-0.46314,0.10918,0.00027,0.56,0.3375,0.0425,0.0125,0.09,0.472633987004163,0.810126582278481,0.4430379746835443,0.5432098765432098,0.5168539325842697,0.4861111111111111
170,2349056,1453.0,240,0.04075479507446289,0.8368896484374999,1.0,0.1922651082277298,-0.01972,0.49322,0.0,0.02599,0.0155,-0.4624,0.1625,0.00012,0.5475,0.35,0.04,0.0125,0.09,0.4634775367811335,0.7948717948717948,0.4177215189873418,0.5555555555555556,0.5116279069767442,0.4605263157894737
171,2351104,1462.1,240,0.07172300666570663,0.8299804687499999,1.0,0.1923072636127472,-0.016,0.44083,0.0,0.0234,0.00933,-0.46237,0.12012,0.00018,0.5525,0.345,0.04,0.015,0.0875,0.4679639570889528,0.810126582278481,0.4230769230769231,0.5625,0.5113636363636364,0.4533333333333333
172,2353152,1469.8,240,0.02635739929974079,0.828125,1.0,0.19238066673278809,-0.01912,0.4284,0.0,0.02201,0.01153,-0.46205,0.12158,0.00018,0.55,0.3375,0.04,0.02,0.0925,0.46444216739156374,0.8072289156626506,0.43243243243243246,0.5375,0.5056179775280899,0.44594594594594594
173,2355200,1477.1,240,0.06672452390193939,0.8240966796875,1.0,0.19241544604301453,-0.01922,0.4933,0.0,0.02522,0.01406,-0.46086,0.14141,0.00018,0.5475,0.345,0.0375,0.02,0.0875,0.4619695336694676,0.7875,0.4358974358974359,0.5512820512820513,0.5111111111111111,0.44594594594594594
174,2357248,1486.2,240,0.10178624093532562,0.828662109375,1.0,0.19229507446289062,-0.01906,0.57095,0.0,0.0263,0.014,-0.46146,0.15801,0.00018,0.55,0.3425,0.0325,0.02,0.0875,0.4656704423066717,0.7848101265822784,0.4375,0.5714285714285714,0.5164835164835165,0.4383561643835616
175,2359296,1496.0,240,0.1285277009010315,0.8357421875,1.0,0.19206738471984863,-0.01843,0.36849,0.0,0.02381,0.01148,-0.46282,0.13838,0.00027,0.555,0.34,0.0325,0.02,0.085,0.4746380248785702,0.7804878048780488,0.45454545454545453,0.5569620253164557,0.5232558139534884,0.4473684210526316
176,2361344,1506.1,239,0.12661832571029663,0.8409423828125,1.0,0.19178226590156555,-0.01705,0.81738,0.0,0.02644,0.02788,-0.46619,0.13098,0.00018,0.545,0.3575,0.0325,0.0175,0.08,0.4605867989545543,0.7804878048780488,0.44871794871794873,0.5555555555555556,0.5,0.42028985507246375
177,2363392,1515.9,239,0.16191831231117249,0.8349609375,1.0,0.19162490963935852,-0.02065,0.87282,0.0,0.03216,0.01189,-0.46872,0.12051,0.00027,0.5575,0.3525,0.03,0.0175,0.0725,0.47417745237411635,0.788235294117647,0.4578313253012048,0.5625,0.5357142857142857,0.4117647058823529
178,2365440,1524.3,239,0.053963419049978256,0.828759765625,1.0,0.19167020916938782,-0.02284,0.68011,0.0,0.03107,0.01463,-0.46931,0.16943,0.00027,0.5375,0.375,0.0275,0.015,0.0725,0.46253455962969314,0.8,0.4157303370786517,0.527027027027027,0.524390243902439,0.4
179,2367488,1532.4,239,0.10255588591098785,0.8284912109375001,1.0,0.1915619671344757,-0.01932,0.56258,0.0,0.02871,0.01977,-0.4695,0.19248,0.00012,0.545,0.3675,0.025,0.015,0.0725,0.46870020674117613,0.8045977011494253,0.4,0.5633802816901409,0.55,0.3888888888888889
180,2369536,1541.8,239,0.07017487287521362,0.8298095703125,1.0,0.19153648614883423,-0.01662,0.54212,0.0,0.02585,0.00973,-0.47032,0.11748,0.00018,0.535,0.3775,0.025,0.015,0.0725,0.4618591615059045,0.788235294117647,0.4148936170212766,0.5303030303030303,0.5555555555555556,0.3783783783783784
181,2371584,1550.2,239,0.08632027357816696,0.8243164062499999,1.0,0.1915460228919983,-0.01811,0.62126,0.0,0.02553,0.01407,-0.47033,0.15488,0.00018,0.54,0.3725,0.0225,0.0175,0.07,0.4647056863448586,0.7619047619047619,0.44565217391304346,0.5555555555555556,0.5569620253164557,0.3698630136986301
182,2373632,1559.4,239,0.11976416409015656,0.8294921874999999,1.0,0.19146941602230072,-0.01781,0.68393,0.0,0.02458,0.01289,-0.47063,0.15762,0.00027,0.5425,0.3725,0.0225,0.0175,0.0675,0.46710050288987337,0.7674418604651163,0.4574468085106383,0.5441176470588235,0.5555555555555556,0.36619718309859156
183,2375680,1568.7,239,0.07550168037414551,0.826708984375,1.0,0.19132208824157715,-0.01635,1.0093,0.0,0.02372,0.01533,-0.47169,0.15986,0.00027,0.535,0.385,0.02,0.0175,0.0625,0.4606372051904979,0.7674418604651163,0.4431818181818182,0.5070422535211268,0.5542168674698795,0.375
184,2377728,1578.6,239,0.09458677470684052,0.819091796875,1.0,0.1915929615497589,-0.01959,0.76545,0.0,0.02264,0.01898,-0.47101,0.18828,0.00012,0.535,0.3925,0.02,0.0125,0.06,0.4614878888014019,0.8,0.449438202247191,0.5070422535211268,0.5581395348837209,0.3188405797101449
185,2379776,1587.3,239,0.09037746489048004,0.8258789062499999,1.0,0.19166764616966248,-0.01676,0.55576,0.0,0.01936,0.00914,-0.46887,0.11357,0.00018,0.5425,0.395,0.0225,0.01,0.0525,0.4676728335481995,0.8,0.45555555555555555,0.5,0.6,0.30303030303030304
186,2381824,1594.9,239,0.06658696383237839,0.8276611328125,1.0,0.19145017862319946,-0.01942,0.66592,0.0,0.02175,0.01257,-0.46932,0.15117,0.00027,0.535,0.4075,0.0225,0.01,0.0475,0.4588169365855405,0.7926829268292683,0.45454545454545453,0.4594594594594595,0.6022727272727273,0.3235294117647059
187,2383872,1603.7,239,0.08665609359741211,0.827392578125,1.0,0.19124442338943481,-0.01799,0.83076,0.0,0.02492,0.01401,-0.47262,0.15967,0.00027,0.535,0.4025,0.0275,0.01,0.0525,0.45717124540506604,0.7777777777777778,0.4444444444444444,0.4805194805194805,0.6071428571428571,0.3382352941176471
188,2385920,1611.6,239,0.11006607115268707,0.819384765625,1.0,0.19111481308937073,-0.02531,0.66532,0.0,0.03019,0.02133,-0.47374,0.20088,0.00012,0.5425,0.3925,0.0275,0.015,0.05,0.4656681591104153,0.7848101265822784,0.43820224719101125,0.4868421052631579,0.632183908045977,0.34782608695652173
189,2387968,1621.3,239,0.11358416080474854,0.8240478515624998,1.0,0.1910317987203598,-0.01608,0.78679,0.0,0.0309,0.00959,-0.47537,0.1207,0.00018,0.55,0.3925,0.025,0.01,0.0475,0.4693025627961333,0.782051282051282,0.43023255813953487,0.5263157894736842,0.6436781609195402,0.3561643835616438
190,2390016,1629.9,239,0.1208159327507019,0.8222900390625,0.95,0.19091841578483582,-0.02026,0.59346,0.0,0.03184,0.01435,-0.47598,0.16172,0.00018,0.5525,0.395,0.0275,0.01,0.0425,0.47228140754465137,0.7560975609756098,0.43902439024390244,0.5308641975308642,0.6547619047619048,0.352112676056338
191,2392064,1638.4,239,0.11642494052648544,0.8303955078124999,1.0,0.19080546498298645,-0.02173,0.56032,0.0,0.02873,0.0149,-0.47776,0.15273,0.00012,0.5525,0.395,0.0275,0.0125,0.04,0.47383031361668787,0.7590361445783133,0.43529411764705883,0.5625,0.6395348837209303,0.3181818181818182
192,2394112,1646.8,239,0.10909219086170197,0.8339355468749999,1.0,0.190850630402565,-0.01554,0.69165,0.0,0.02886,0.01212,-0.47833,0.13633,0.00018,0.5525,0.395,0.0275,0.015,0.0375,0.47250271456047976,0.7647058823529411,0.43820224719101125,0.5512820512820513,0.6419753086419753,0.3283582089552239
193,2396160,1654.6,239,0.05972213298082352,0.8320312499999999,1.0,0.19126784801483154,-0.01774,0.5187,0.0,0.02689,0.01132,-0.4762,0.13232,0.00027,0.55,0.3975,0.0275,0.015,0.0375,0.47322735849500525,0.75,0.4186046511627907,0.5657894736842105,0.6538461538461539,0.3333333333333333
194,2398208,1663.1,239,0.04894763231277466,0.8304199218749999,1.0,0.19137224555015564,-0.02068,0.57054,0.0,0.02389,0.01546,-0.47201,0.17285,0.00027,0.55,0.3975,0.0275,0.0175,0.035,0.47680980934486095,0.7191011235955056,0.45348837209302323,0.5733333333333334,0.6341463414634146,0.3235294117647059
195,2400256,1671.5,239,0.058803632855415344,0.8242431640625,1.0,0.191317617893219,-0.02186,0.37124,0.0,0.02289,0.02347,-0.47258,0.21855,0.00012,0.5475,0.3975,0.0275,0.02,0.035,0.47497095630968156,0.7303370786516854,0.45348837209302323,0.5733333333333334,0.6024096385542169,0.3283582089552239
196,2402304,1679.3,239,0.01851588487625122,0.8205078125,1.0,0.19129721820354462,-0.01625,0.34642,0.0,0.0183,0.01164,-0.47277,0.1459,0.00018,0.55,0.395,0.0275,0.02,0.035,0.4768457702102809,0.7111111111111111,0.47619047619047616,0.5584415584415584,0.6144578313253012,0.3333333333333333
197,2404352,1687.0,239,0.0507718101143837,0.82568359375,1.0,0.1913512945175171,-0.01931,0.27314,0.0,0.01813,0.01257,-0.47254,0.13584,0.00018,0.5525,0.3875,0.0275,0.02,0.04,0.4753494467172267,0.7142857142857143,0.5,0.56,0.6024096385542169,0.3283582089552239
198,2406400,1695.0,239,0.030742283910512924,0.8210205078125,1.0,0.19138474762439728,-0.01835,0.47309,0.0,0.02024,0.01233,-0.47227,0.15381,0.00027,0.545,0.39,0.03,0.0225,0.0425,0.46827260234567525,0.7142857142857143,0.5119047619047619,0.5194805194805194,0.5925925925925926,0.3283582089552239
199,2408448,1702.3,239,0.0364350900053978,0.8194580078125,0.9500000000000004,0.19136136770248413,-0.02121,0.3803,0.0,0.01995,0.01891,-0.4716,0.20195,0.00012,0.5475,0.385,0.0325,0.0225,0.045,0.4720631719399404,0.7078651685393258,0.5185185185185185,0.5316455696202531,0.5853658536585366,0.34782608695652173
200,2410496,1710.0,240,0.034805234521627426,0.8176025390624999,1.0,0.19089555740356445,-0.01757,0.41576,0.0,0.01798,0.00924,-0.47398,0.1043,0.00018,0.5475,0.3825,0.0325,0.02,0.05,0.4698966252463018,0.7282608695652174,0.4875,0.525,0.5802469135802469,0.3582089552238806
201,2412544,1718.3,240,0.04372801631689072,0.8151123046875,1.0,0.1908465325832367,-0.01864,0.54765,0.0,0.02213,0.01505,-0.47768,0.15752,0.00018,0.5375,0.3875,0.035,0.02,0.055,0.4660217819746225,0.7419354838709677,0.4625,0.4805194805194805,0.5949367088607594,0.352112676056338
202,2414592,1726.7,240,0.09134528040885925,0.8112548828124999,0.9500000000000004,0.19102197885513306,-0.02064,0.2483,0.0,0.02294,0.01406,-0.47641,0.15996,0.00018,0.5425,0.3825,0.04,0.02,0.055,0.4701829931260576,0.7578947368421053,0.4605263157894737,0.48717948717948717,0.6,0.35526315789473684
203,2416640,1734.7,240,0.07468582689762115,0.8177001953124999,1.0,0.1910417079925537,-0.02029,0.37569,0.0,0.01908,0.01486,-0.47522,0.1585,0.00012,0.5425,0.3775,0.0425,0.02,0.06,0.4699600751954954,0.7659574468085106,0.4666666666666667,0.48717948717948717,0.5866666666666667,0.358974358974359
204,2418688,1742.0,240,0.08386662602424622,0.8205810546875,1.0,0.1909560263156891,-0.01432,0.57801,0.0,0.02321,0.01038,-0.47575,0.09395,0.00018,0.5525,0.365,0.0425,0.02,0.0625,0.4764020811846848,0.7717391304347826,0.4868421052631579,0.5256410256410257,0.5789473684210527,0.358974358974359
205,2420736,1749.8,240,0.05863361805677414,0.822314453125,1.0,0.19111809134483337,-0.01991,0.46956,0.0,0.02413,0.01176,-0.47564,0.13271,0.00018,0.5475,0.3625,0.04,0.02,0.07,0.4710253481734014,0.7692307692307693,0.48,0.5365853658536586,0.5394736842105263,0.3684210526315789
206,2422784,1757.8,240,0.09997805953025818,0.8203613281249998,1.0,0.19100305438041687,-0.02138,0.44765,0.0,0.01922,0.01434,-0.47473,0.13916,0.00012,0.5475,0.3575,0.0375,0.0225,0.0725,0.46774100030915455,0.7741935483870968,0.4666666666666667,0.5375,0.5394736842105263,0.3684210526315789
207,2424832,1766.0,240,0.10310603678226471,0.82509765625,1.0,0.19113141298294067,-0.02001,0.61428,0.0,0.02272,0.01348,-0.47536,0.1625,0.00012,0.55,0.3525,0.04,0.0225,0.075,0.4702558395404104,0.776595744680851,0.46153846153846156,0.5555555555555556,0.547945205479452,0.35135135135135137
208,2426880,1773.6,240,0.10794197767972946,0.8359619140625,1.0,0.19129833579063416,-0.01772,0.51149,0.0,0.02271,0.00863,-0.47374,0.10176,0.00027,0.56,0.3475,0.0375,0.0225,0.07,0.48367907798117143,0.8,0.48,0.525,0.5394736842105263,0.3918918918918919
209,2428928,1782.3,240,0.06935608386993408,0.8434814453124999,1.0,0.19133412837982178,-0.02304,0.40765,0.0,0.01785,0.02073,-0.47257,0.20879,8e-05,0.5725,0.3375,0.035,0.0225,0.0675,0.4935816402506624,0.8144329896907216,0.4931506849315068,0.5365853658536586,0.5324675324675324,0.4084507042253521
210,2430976,1790.0,240,0.02072937786579132,0.8365478515624999,1.0,0.19136421382427216,-0.01726,0.44339,0.0,0.01993,0.00908,-0.47241,0.10449,0.00018,0.5625,0.3525,0.0375,0.0175,0.0675,0.4859696307741602,0.8085106382978723,0.4805194805194805,0.525,0.52,0.4189189189189189
211,2433024,1797.9,240,0.02995685674250126,0.8282226562499999,1.0,0.1913544237613678,-0.01779,0.6757,0.0,0.01859,0.01232,-0.47207,0.13975,0.00027,0.5525,0.3625,0.0375,0.015,0.07,0.4787766347932027,0.7978723404255319,0.46835443037974683,0.525,0.5,0.4057971014492754
212,2435072,1806.1,240,0.059980567544698715,0.8298583984374999,1.0,0.19120612740516663,-0.02225,0.74925,0.0,0.02302,0.0197,-0.4731,0.17842,0.00012,0.55,0.3625,0.0375,0.02,0.0675,0.47858752740341465,0.8020833333333334,0.4457831325301205,0.5128205128205128,0.5138888888888888,0.4084507042253521
213,2437120,1813.6,241,0.06722309440374374,0.8298339843749999,1.0,0.19108623266220093,-0.01799,0.6554,0.0,0.02292,0.01123,-0.47399,0.12246,0.00018,0.5425,0.375,0.0425,0.0175,0.065,0.46852748418529516,0.78125,0.43529411764705883,0.4935064935064935,0.5211267605633803,0.4225352112676056
214,2439168,1821.7,241,0.11444505304098129,0.8294433593749999,1.0,0.19071677327156067,-0.01768,0.44297,0.0,0.02293,0.01409,-0.47652,0.15596,0.00018,0.545,0.365,0.045,0.0175,0.0725,0.470186625385289,0.7835051546391752,0.4358974358974359,0.47435897435897434,0.527027027027027,0.4383561643835616
215,2441216,1829.9,241,0.09564995765686035,0.8300048828125,1.0,0.19053393602371216,-0.01872,0.66736,0.0,0.02418,0.0128,-0.48006,0.14834,0.00027,0.5475,0.365,0.0475,0.015,0.0725,0.4690664898770677,0.7978723404255319,0.425,0.5060240963855421,0.52,0.4264705882352941
216,2443264,1838.5,241,0.10762085765600204,0.8282470703124999,1.0,0.19026650488376617,-0.02035,0.52382,0.0,0.02421,0.0191,-0.48222,0.17959,8e-05,0.5475,0.3625,0.0475,0.0125,0.0775,0.4678704561614822,0.7894736842105263,0.4146341463414634,0.475,0.5352112676056338,0.4722222222222222
217,2445312,1847.7,241,0.10170220583677292,0.8248046874999999,0.95,0.19036740064620972,-0.01521,0.83376,0.0,0.02556,0.00922,-0.48329,0.104,0.00018,0.5375,0.37,0.0475,0.0125,0.08,0.460526152468542,0.7912087912087912,0.43902439024390244,0.4634146341463415,0.5072463768115942,0.4473684210526316
218,2447360,1856.8,240,0.06497380137443542,0.8235839843749999,0.95,0.1905173361301422,-0.01969,0.76875,0.0,0.02989,0.01148,-0.48153,0.13379,0.00027,0.5375,0.38,0.0475,0.01,0.0725,0.46204429805628805,0.7888888888888889,0.4177215189873418,0.475,0.5,0.4666666666666667
219,2449408,1865.2,240,0.11650943756103516,0.8185058593749999,0.95,0.19035398960113525,-0.02518,0.43783,0.0,0.02482,0.01864,-0.48101,0.1792,0.00012,0.545,0.3775,0.045,0.01,0.0675,0.4683789062536837,0.7894736842105263,0.41975308641975306,0.4805194805194805,0.52,0.4583333333333333
220,2451456,1873.6,240,0.128644198179245,0.822314453125,0.95,0.19022142887115479,-0.0188,0.45083,0.0,0.02411,0.01149,-0.48319,0.12207,0.00018,0.56,0.37,0.045,0.01,0.06,0.48209765931051707,0.78125,0.45,0.49333333333333335,0.5064935064935064,0.5138888888888888
221,2453504,1881.8,241,0.0949682891368866,0.83583984375,0.95,0.19029618799686432,-0.02215,0.40401,0.0,0.0248,0.01454,-0.48336,0.15732,0.00012,0.57,0.365,0.04,0.01,0.055,0.48946244862082766,0.78125,0.4588235294117647,0.5277777777777778,0.5,0.5362318840579711
222,2455552,1890.8,240,0.07792714238166809,0.8382324218749999,0.95,0.1901516616344452,-0.01762,0.37199,0.0,0.0186,0.0085,-0.48333,0.10527,0.00018,0.5675,0.365,0.04,0.01,0.0575,0.48729595805161835,0.78125,0.47674418604651164,0.5072463768115942,0.5061728395061729,0.5147058823529411
223,2457600,1899.6,240,0.028335364535450935,0.8375732421875,0.95,0.190155029296875,-0.01799,0.59137,0.0,0.0211,0.01006,-0.4849,0.1165,0.00027,0.56,0.38,0.0475,0.01,0.05,0.4772429399893508,0.78125,0.4659090909090909,0.47761194029850745,0.5,0.5223880597014925
224,2459648,1907.6,240,0.04616120457649231,0.8315673828124999,1.0,0.1902909278869629,-0.02342,0.37901,0.0,0.01882,0.01636,-0.48379,0.15996,0.00018,0.5525,0.385,0.0475,0.01,0.0525,0.4733712551420514,0.7623762376237624,0.4588235294117647,0.46153846153846156,0.5,0.5072463768115942
225,2461696,1916.0,240,0.08402076363563538,0.8357421875,1.0,0.19006508588790894,-0.01992,0.28885,0.0,0.01968,0.01352,-0.48373,0.1416,0.00018,0.56,0.385,0.05,0.01,0.045,0.4799701446832664,0.77,0.4606741573033708,0.46153846153846156,0.5263157894736842,0.5142857142857142
226,2463744,1925.8,240,0.0427759550511837,0.8376953124999998,0.95,0.18994466960430145,-0.01927,0.32969,0.0,0.01818,0.01235,-0.48596,0.13916,0.00027,0.5625,0.385,0.05,0.0075,0.045,0.4806919086519324,0.7722772277227723,0.4666666666666667,0.46774193548387094,0.52,0.5138888888888888
227,2465792,1934.5,240,0.02806219458580017,0.8385986328124999,1.0,0.18997295200824738,-0.01729,0.48736,0.0,0.01936,0.01902,-0.48645,0.16104,0.00018,0.555,0.39,0.055,0.0075,0.0475,0.4771177783717333,0.7524752475247525,0.4772727272727273,0.47692307692307695,0.4931506849315068,0.5068493150684932
228,2467840,1942.8,240,0.03555744141340256,0.8373046874999999,0.95,0.1900911033153534,-0.01803,0.62243,0.0,0.01921,0.00924,-0.48564,0.10225,0.00027,0.545,0.3975,0.055,0.0075,0.05,0.4672581426486061,0.7422680412371134,0.4838709677419355,0.47619047619047616,0.4647887323943662,0.5
229,2469888,1951.2,240,0.032337985932826996,0.829638671875,0.95,0.19018913805484772,-0.01556,0.57806,0.0,0.01893,0.01273,-0.48393,0.14258,0.0004,0.5275,0.41,0.055,0.0075,0.055,0.45220383903461664,0.71875,0.46808510638297873,0.46774193548387094,0.4444444444444444,0.4868421052631579
230,2471936,1960.7,240,0.08527259528636932,0.8275146484375,0.95,0.19020171463489532,-0.02319,0.4976,0.0,0.02186,0.02361,-0.48375,0.19775,0.00012,0.525,0.41,0.055,0.01,0.0575,0.45005117999881933,0.7083333333333334,0.4742268041237113,0.4426229508196721,0.44285714285714284,0.5
231,2473984,1970.1,240,0.046562351286411285,0.8209228515624999,0.95,0.189972922205925,-0.01608,0.62253,0.0,0.0206,0.0118,-0.48462,0.11758,0.00012,0.53,0.4,0.05,0.0125,0.06,0.45559436751116267,0.711340206185567,0.4845360824742268,0.43333333333333335,0.4507042253521127,0.5066666666666667
232,2476032,1977.5,240,0.03992855176329613,0.8200195312499999,0.95,0.18969985842704773,-0.0174,0.46691,0.0,0.02033,0.00834,-0.48727,0.09004,0.00027,0.5275,0.4025,0.0525,0.0125,0.06,0.4535359561707739,0.7021276595744681,0.4742268041237113,0.47619047619047616,0.4507042253521127,0.49333333333333335
233,2478080,1986.1,240,0.08598288148641586,0.8177978515625,0.95,0.18957698345184326,-0.02092,0.44517,0.0,0.01726,0.01843,-0.4899,0.16016,0.00018,0.535,0.395,0.05,0.0075,0.065,0.4587408115954429,0.7204301075268817,0.4948453608247423,0.45,0.4533333333333333,0.5066666666666667
234,2480128,1994.6,240,0.04445395618677139,0.821826171875,0.95,0.18962393701076508,-0.02117,0.55851,0.0,0.02252,0.01319,-0.49014,0.13652,0.00018,0.5275,0.4,0.05,0.0075,0.0675,0.45488132050894314,0.7127659574468085,0.47959183673469385,0.45161290322580644,0.44594594594594594,0.5
235,2482176,2003.0,240,0.07501912117004395,0.8195800781249999,0.95,0.18969517946243286,-0.01768,0.85347,0.0,0.02637,0.01684,-0.48923,0.16748,0.00012,0.525,0.4075,0.0425,0.0075,0.0625,0.4541163511496147,0.7252747252747253,0.46938775510204084,0.47692307692307695,0.4342105263157895,0.4857142857142857
236,2484224,2010.8,240,0.1004323661327362,0.820849609375,1.0,0.18979409337043762,-0.01834,0.56999,0.0,0.02223,0.00956,-0.48856,0.11279,0.00018,0.53,0.4025,0.045,0.0075,0.0625,0.46074690343371844,0.7078651685393258,0.46808510638297873,0.4696969696969697,0.4634146341463415,0.5217391304347826
237,2486272,2018.7,240,0.0400506891310215,0.8188720703124999,1.0,0.18951676785945892,-0.02205,0.39832,0.0,0.02178,0.01456,-0.48881,0.15264,0.00012,0.5275,0.3975,0.045,0.01,0.0675,0.46072135060746944,0.7209302325581395,0.48936170212765956,0.48484848484848486,0.4470588235294118,0.4782608695652174
238,2488320,2026.9,240,0.03728233650326729,0.8177978515625,1.0,0.18924760818481445,-0.01752,0.4682,0.0,0.01889,0.00816,-0.49222,0.10039,0.00018,0.525,0.4,0.0525,0.0125,0.065,0.4567322809960502,0.735632183908046,0.4888888888888889,0.5223880597014925,0.4222222222222222,0.4393939393939394
239,2490368,2035.1,241,0.05844214931130409,0.8189697265624999,1.0,0.1890893280506134,-0.02213,0.35048,0.0,0.02305,0.01533,-0.49439,0.16104,0.00012,0.53,0.3975,0.0525,0.01,0.065,0.46061203247345156,0.7272727272727273,0.5,0.5147058823529411,0.42045454545454547,0.46875
240,2492416,2043.4,241,0.054823923856019974,0.82177734375,0.95,0.18906784057617188,-0.01891,0.53805,0.0,0.02441,0.00934,-0.49542,0.09893,0.00018,0.5225,0.395,0.0475,0.01,0.075,0.4506785117167675,0.7111111111111111,0.5,0.4927536231884058,0.4186046511627907,0.4603174603174603
241,2494464,2051.3,241,0.04329703748226166,0.8180908203124999,1.0,0.18904690444469452,-0.02183,0.36134,0.0,0.02915,0.01567,-0.49546,0.15313,8e-05,0.53,0.39,0.0475,0.01,0.0725,0.4605458340753341,0.723404255319149,0.5,0.5,0.4166666666666667,0.4666666666666667
242,2496512,2059.4,241,0.025751039385795593,0.8207519531249999,1.0,0.18919971585273743,-0.01766,0.40017,0.0,0.02427,0.00722,-0.4951,0.08594,0.00018,0.5225,0.3975,0.0525,0.01,0.0725,0.45440691951783846,0.717391304347826,0.4891304347826087,0.4861111111111111,0.4166666666666667,0.4666666666666667
243,2498560,2068.1,241,0.021388856694102287,0.8187744140625,1.0,0.18944859504699707,-0.0199,0.60057,0.0,0.02281,0.01259,-0.49268,0.1168,0.00012,0.515,0.4025,0.0525,0.01,0.075,0.44753189958894096,0.7222222222222222,0.4791666666666667,0.4864864864864865,0.4146341463414634,0.43103448275862066
244,2500608,2076.3,241,0.0821651741862297,0.8172119140624998,1.0,0.1896032691001892,-0.017,0.30832,0.0,0.0251,0.01187,-0.49053,0.13184,0.00018,0.5075,0.4075,0.0575,0.01,0.0775,0.4371907424458344,0.7191011235955056,0.4791666666666667,0.4805194805194805,0.4125,0.39655172413793105
245,2502656,2084.9,241,0.06836086511611938,0.8192871093749999,1.0,0.18966317176818848,-0.02059,0.35141,0.0,0.02449,0.01346,-0.48927,0.13213,0.00018,0.51,0.4025,0.055,0.01,0.08,0.4389122880344887,0.7222222222222222,0.4631578947368421,0.475,0.43037974683544306,0.4107142857142857
246,2504704,2092.9,241,0.07463890314102173,0.8119873046874999,1.0,0.1896352767944336,-0.02076,0.60496,0.0,0.02462,0.01474,-0.48948,0.14521,0.00012,0.4975,0.4075,0.05,0.01,0.0875,0.4316373032568512,0.7032967032967034,0.43956043956043955,0.47560975609756095,0.42857142857142855,0.3898305084745763
247,2506752,2100.5,241,0.0737389549612999,0.81513671875,0.95,0.1893695890903473,-0.01965,0.41262,0.0,0.02856,0.00978,-0.49065,0.11416,0.00018,0.5125,0.3875,0.045,0.01,0.0925,0.44596073947554343,0.7362637362637363,0.43956043956043955,0.48148148148148145,0.46153846153846156,0.3898305084745763
248,2508800,2108.4,241,0.0933157205581665,0.81689453125,0.95,0.1891687512397766,-0.0206,0.43386,0.0,0.0258,0.02357,-0.49405,0.2249,8e-05,0.5125,0.39,0.045,0.01,0.09,0.44466219522667344,0.7395833333333334,0.4367816091954023,0.4691358024691358,0.45569620253164556,0.38596491228070173
249,2510848,2116.4,241,0.08213327825069427,0.8261962890624999,1.0,0.18914160132408142,-0.0161,0.42661,0.0,0.02533,0.0095,-0.49471,0.11211,0.00018,0.5125,0.3825,0.0425,0.01,0.0975,0.44501330363875935,0.75,0.42696629213483145,0.45569620253164556,0.4634146341463415,0.3888888888888889
250,2512896,2123.9,241,0.07991543412208557,0.8202392578124998,1.0,0.18933695554733276,-0.01713,0.56954,0.0,0.03077,0.01535,-0.49422,0.14424,0.00018,0.515,0.3825,0.0425,0.0125,0.0925,0.44867987727039993,0.75,0.40963855421686746,0.44871794871794873,0.4880952380952381,0.38181818181818183
251,2514944,2131.3,241,0.09546629339456558,0.8180908203124999,1.0,0.18919070065021515,-0.0205,0.48386,0.0,0.0256,0.01456,-0.49338,0.14639,0.00012,0.5275,0.3725,0.04,0.0125,0.09,0.45992364290666915,0.7676767676767676,0.40963855421686746,0.45454545454545453,0.5172413793103449,0.3888888888888889
252,2516992,2139.5,241,0.11349894851446152,0.828857421875,1.0,0.18900318443775177,-0.01658,0.30475,0.0,0.02123,0.012,-0.49535,0.1251,0.00018,0.545,0.3625,0.0375,0.0125,0.0825,0.4749632075916727,0.7843137254901961,0.43037974683544306,0.4935064935064935,0.5176470588235295,0.38596491228070173
253,2519040,2147.5,241,0.06645580381155014,0.8334716796875,1.0,0.18840956687927246,-0.0176,0.39135,0.0,0.02189,0.01509,-0.49871,0.16982,0.00018,0.5575,0.35,0.04,0.01,0.0825,0.48726562456715855,0.7766990291262136,0.4430379746835443,0.5131578947368421,0.5294117647058824,0.42105263157894735
254,2521088,2156.4,241,0.029119595885276794,0.8339111328125,1.0,0.188023179769516,-0.02196,0.34688,0.0,0.02082,0.01446,-0.50523,0.175,0.00027,0.5525,0.3575,0.0425,0.0075,0.0825,0.4806599877050749,0.7843137254901961,0.4342105263157895,0.5061728395061729,0.5294117647058824,0.39285714285714285
255,2523136,2164.8,241,0.050560832023620605,0.8271240234374999,1.0,0.18766015768051147,-0.02096,0.41376,0.0,0.02024,0.0158,-0.50857,0.15957,0.00027,0.555,0.3525,0.04,0.0075,0.085,0.4835274083906383,0.7904761904761904,0.4444444444444444,0.5,0.5294117647058824,0.38333333333333336
256,2525184,2172.5,241,-0.0029808050021529198,0.82265625,1.0,0.1874479055404663,-0.01856,0.28182,0.0,0.02149,0.02468,-0.51204,0.16431,0.00018,0.55,0.3525,0.04,0.01,0.0875,0.47944718837963857,0.780952380952381,0.4492753623188406,0.5,0.5172413793103449,0.3770491803278688
257,2527232,2179.9,241,0.02976626716554165,0.8206787109375,1.0,0.1869981437921524,-0.02052,0.1897,0.0,0.01737,0.01116,-0.51453,0.11934,0.00018,0.55,0.355,0.04,0.01,0.085,0.48011261989066367,0.7850467289719626,0.43661971830985913,0.5128205128205128,0.5119047619047619,0.36666666666666664
258,2529280,2186.8,242,0.03722487390041351,0.823046875,1.0,0.18696032464504242,-0.02172,0.52533,0.0,0.02131,0.01351,-0.51878,0.14531,0.00018,0.5475,0.35,0.0375,0.01,0.0925,0.4761787522474865,0.7920792079207921,0.4520547945205479,0.5064935064935064,0.5,0.38095238095238093
259,2531328,2194.5,242,0.03764193877577782,0.8246093749999999,1.0,0.18686527013778687,-0.02081,0.41444,0.0,0.02138,0.01419,-0.51868,0.13623,0.00012,0.55,0.3475,0.04,0.01,0.0925,0.476329700103348,0.7722772277227723,0.47297297297297297,0.5066666666666667,0.5058823529411764,0.4
260,2533376,2203.3,242,0.05578096956014633,0.8232421875,1.0,0.18679067492485046,-0.02015,0.33485,0.0,0.02149,0.01059,-0.51998,0.12148,0.00018,0.5525,0.34,0.04,0.01,0.0975,0.47955909452807705,0.7669902912621359,0.4861111111111111,0.5,0.5121951219512195,0.4
261,2535424,2211.9,242,0.040472257882356644,0.8218994140624999,1.0,0.18672077357769012,-0.01789,0.29495,0.0,0.0274,0.01424,-0.52044,0.15215,0.00018,0.5375,0.3425,0.0375,0.01,0.11,0.4673402479355391,0.7745098039215687,0.4794520547945205,0.4935064935064935,0.4625,0.38235294117647056
262,2537472,2220.1,242,0.06049468368291855,0.81962890625,1.0,0.18651527166366577,-0.01808,0.28709,0.0,0.02771,0.02035,-0.52234,0.20605,8e-05,0.545,0.3375,0.0375,0.0075,0.11,0.4729066528815584,0.780952380952381,0.49333333333333335,0.47368421052631576,0.48,0.391304347826087
263,2539520,2228.9,242,0.09227384626865387,0.821044921875,1.0,0.1866474747657776,-0.01472,0.59163,0.0,0.02865,0.00823,-0.52318,0.09854,0.00012,0.5525,0.335,0.0325,0.005,0.1075,0.4781116763494681,0.7864077669902912,0.47368421052631576,0.4675324675324675,0.5138888888888888,0.4305555555555556
264,2541568,2236.9,242,0.0638480931520462,0.8210693359374999,1.0,0.18690721690654755,-0.01732,0.52909,0.0,0.02741,0.01245,-0.52046,0.12998,0.00012,0.545,0.335,0.0325,0.0075,0.1125,0.47314270685680143,0.7920792079207921,0.44594594594594594,0.4567901234567901,0.5211267605633803,0.4246575342465753
265,2543616,2245.7,242,0.030763812363147736,0.8163574218749998,1.0,0.18706141412258148,-0.01325,0.85092,0.0,0.03218,0.01367,-0.51854,0.15098,8e-05,0.5425,0.345,0.035,0.0075,0.105,0.4723161132712496,0.7653061224489796,0.44594594594594594,0.4691358024691358,0.5205479452054794,0.44594594594594594
266,2545664,2254.2,242,0.07473823428153992,0.8088378906249999,0.95,0.18707197904586792,-0.01961,0.66714,0.0,0.02892,0.01184,-0.5174,0.11475,8e-05,0.5375,0.345,0.0325,0.0075,0.11,0.4712569465591511,0.7446808510638298,0.4594594594594595,0.45569620253164556,0.5277777777777778,0.4567901234567901
267,2547712,2263.9,242,0.08292905986309052,0.8115478515624999,0.95,0.18717986345291138,-0.01937,0.6831,0.0,0.0307,0.01188,-0.51722,0.12539,0.00012,0.535,0.3525,0.0325,0.0075,0.105,0.470474337147831,0.71875,0.4647887323943662,0.44871794871794873,0.5205479452054794,0.47560975609756095
268,2549760,2272.5,242,0.11435752362012863,0.8105712890624999,0.95,0.1872841864824295,-0.02064,0.56796,0.0,0.03123,0.01304,-0.51596,0.14629,0.00012,0.54,0.3475,0.03,0.01,0.1025,0.4788597822003044,0.7346938775510204,0.45588235294117646,0.4675324675324675,0.5342465753424658,0.4523809523809524
269,2551808,2280.8,242,0.07759340852499008,0.7990722656249999,0.95,0.18722248077392578,-0.01735,0.6889,0.0,0.03064,0.01338,-0.51543,0.14668,0.00018,0.535,0.36,0.0375,0.01,0.095,0.4749920850316466,0.6938775510204082,0.4507042253521127,0.45454545454545453,0.5352112676056338,0.4939759036144578
270,2553856,2289.5,242,0.08810621500015259,0.800830078125,0.95,0.18707694113254547,-0.01891,0.91365,0.0,0.03281,0.01383,-0.51666,0.14414,0.00018,0.525,0.3675,0.035,0.015,0.0925,0.4686880434092994,0.6555555555555556,0.47297297297297297,0.4533333333333333,0.547945205479452,0.4772727272727273
271,2555904,2297.9,242,0.1263047456741333,0.8009033203124999,0.95,0.18715351819992065,-0.0194,0.70744,0.0,0.02963,0.01547,-0.51742,0.1623,0.00018,0.5275,0.375,0.035,0.015,0.0825,0.4709631538736572,0.6404494382022472,0.4805194805194805,0.4805194805194805,0.5522388059701493,0.4777777777777778
272,2557952,2306.0,242,0.14882007241249084,0.8075683593749998,0.95,0.18705862760543823,-0.01982,0.62609,0.0,0.02994,0.01691,-0.51717,0.17676,0.00012,0.5375,0.3675,0.035,0.0175,0.08,0.47809245073981416,0.6413043478260869,0.5063291139240507,0.5121951219512195,0.5409836065573771,0.47674418604651164
273,2560000,2314.1,242,0.1225818395614624,0.8133544921875,0.95,0.18705762922763824,-0.0203,0.75345,0.0,0.02847,0.01188,-0.51782,0.12178,0.00018,0.5225,0.3825,0.0325,0.02,0.0775,0.46539929617124914,0.6263736263736264,0.47560975609756095,0.5176470588235295,0.5396825396825397,0.4430379746835443
274,2562048,2322.3,242,0.08795103430747986,0.8179687499999999,0.9500000000000004,0.18675626814365387,-0.01517,0.72287,0.0,0.02373,0.01214,-0.51915,0.1332,0.00018,0.5225,0.38,0.03,0.02,0.08,0.4639880991622499,0.6111111111111112,0.47560975609756095,0.5340909090909091,0.5396825396825397,0.44155844155844154
275,2564096,2330.7,242,0.10199552774429321,0.8190673828124999,0.9500000000000004,0.18661750853061676,-0.02327,0.49079,0.0,0.0273,0.01469,-0.52192,0.14854,0.00018,0.53,0.3775,0.03,0.02,0.075,0.46908743185878543,0.6022727272727273,0.4880952380952381,0.5113636363636364,0.5970149253731343,0.4520547945205479
276,2566144,2339.7,242,0.11082543432712555,0.8288330078124999,0.95,0.18628019094467163,-0.02159,0.52504,0.0,0.0268,0.01821,-0.52433,0.1875,0.00012,0.5425,0.375,0.0325,0.0175,0.0675,0.4783074264645188,0.6046511627906976,0.5357142857142857,0.5222222222222223,0.625,0.4342105263157895
277,2568192,2348.0,242,0.10271412134170532,0.8322265624999999,0.95,0.18606632947921753,-0.01997,0.63727,0.0,0.02601,0.01301,-0.52742,0.14766,8e-05,0.55,0.375,0.0325,0.0175,0.06,0.4872052720358344,0.6136363636363636,0.5411764705882353,0.5402298850574713,0.640625,0.42105263157894735
278,2570240,2356.1,242,0.10729974508285522,0.834619140625,1.0,0.18594670295715332,-0.01901,0.60934,0.0,0.02503,0.00909,-0.52918,0.10889,0.00012,0.5575,0.3725,0.035,0.0175,0.055,0.49353581267382446,0.6404494382022472,0.5454545454545454,0.5595238095238095,0.6153846153846154,0.4189189189189189
279,2572288,2364.0,242,0.06343748420476913,0.8350830078125,1.0,0.1857704520225525,-0.01894,0.70359,0.0,0.02424,0.01046,-0.53075,0.11895,0.00018,0.5625,0.3775,0.035,0.0175,0.045,0.49830449037769237,0.6483516483516484,0.5517241379310345,0.5411764705882353,0.65625,0.410958904109589
280,2574336,2371.2,242,0.07707975804805756,0.8375976562499999,1.0,0.1855548620223999,-0.01732,0.43245,0.0,0.02366,0.01537,-0.53282,0.16562,0.00018,0.565,0.3825,0.0375,0.0175,0.0375,0.5012865603720069,0.6404494382022472,0.5632183908045977,0.5581395348837209,0.6417910447761194,0.4084507042253521
281,2576384,2378.5,242,0.053540632128715515,0.8401855468749999,1.0,0.18541482090950012,-0.02148,0.39034,0.0,0.02513,0.02008,-0.53498,0.16201,8e-05,0.5625,0.385,0.0425,0.0175,0.0375,0.49873343802456516,0.651685393258427,0.5698924731182796,0.5421686746987951,0.65625,0.38028169014084506
282,2578432,2386.8,242,0.09285683929920197,0.8440917968749999,1.0,0.1853557825088501,-0.01722,0.45391,0.0,0.02425,0.00947,-0.53631,0.096,0.00012,0.5675,0.3775,0.04,0.015,0.0425,0.500383263559195,0.6483516483516484,0.5666666666666667,0.5903614457831325,0.6461538461538462,0.36619718309859156
283,2580480,2395.0,242,0.0348462238907814,0.8421386718749999,1.0,0.185506209731102,-0.01834,0.38492,0.0,0.02214,0.01067,-0.53577,0.12568,0.00018,0.565,0.3775,0.0425,0.015,0.045,0.49636338768666477,0.6559139784946236,0.5632183908045977,0.5875,0.6515151515151515,0.35135135135135137
284,2582528,2402.6,242,0.02082906663417816,0.8395263671875,1.0,0.1853286623954773,-0.01837,0.4292,0.0,0.02199,0.01277,-0.53516,0.14951,0.00027,0.565,0.3775,0.0425,0.015,0.045,0.4977969128434059,0.6770833333333334,0.5393258426966292,0.5949367088607594,0.6666666666666666,0.3287671232876712
285,2584576,2410.9,242,0.06541281193494797,0.8295654296874999,1.0,0.18544569611549377,-0.0205,0.47248,0.0,0.02399,0.01928,-0.53652,0.19863,0.00018,0.5675,0.375,0.04,0.0175,0.0425,0.49509261339371463,0.6868686868686869,0.5108695652173914,0.6172839506172839,0.6774193548387096,0.30303030303030304
286,2586624,2419.2,242,0.0928565114736557,0.8337158203124999,1.0,0.1853177845478058,-0.01949,0.48315,0.0,0.02711,0.01773,-0.53575,0.19131,0.00012,0.575,0.36,0.0425,0.0225,0.045,0.5020177236370403,0.7040816326530612,0.5274725274725275,0.6219512195121951,0.7049180327868853,0.27941176470588236
287,2588672,2426.1,242,0.033752553164958954,0.8365966796874998,1.0,0.1851729452610016,-0.0182,0.5258,0.0,0.02751,0.01643,-0.53755,0.14727,8e-05,0.58,0.355,0.045,0.0225,0.045,0.5034687221962795,0.673469387755102,0.5483870967741935,0.625,0.703125,0.3076923076923077
288,2590720,2432.8,242,0.04221414029598236,0.8311523437499999,1.0,0.1853019893169403,-0.01368,0.53495,0.0,0.02749,0.00856,-0.53782,0.10234,0.00012,0.575,0.36,0.045,0.02,0.0475,0.49816265360597856,0.6666666666666666,0.5591397849462365,0.625,0.671875,0.296875
289,2592768,2440.3,243,0.034501343965530396,0.8264160156249999,1.0,0.1854272186756134,-0.02081,0.42133,0.0,0.02393,0.01102,-0.53593,0.13057,0.00018,0.5725,0.3575,0.045,0.0225,0.05,0.4946740744889881,0.6736842105263158,0.5824175824175825,0.625,0.6470588235294118,0.2727272727272727
290,2594816,2447.7,243,0.05125553905963898,0.8225341796874999,1.0,0.18545469641685486,-0.02351,0.47556,0.0,0.02502,0.01671,-0.53559,0.15811,0.00012,0.5725,0.36,0.0425,0.0225,0.0475,0.4944333270996871,0.6842105263157895,0.5760869565217391,0.625,0.6521739130434783,0.25
291,2596864,2455.7,243,0.07011695206165314,0.8207275390625,1.0,0.1852872669696808,-0.01793,0.34428,0.0,0.02161,0.01155,-0.53614,0.1126,0.00012,0.575,0.355,0.045,0.02,0.0525,0.49642783713395106,0.6914893617021277,0.5555555555555556,0.6419753086419753,0.6438356164383562,0.25806451612903225
292,2598912,2463.9,243,0.028240490704774857,0.8210693359374999,1.0,0.18521614372730255,-0.01954,0.67514,0.0,0.02725,0.01141,-0.53815,0.13096,0.00018,0.5625,0.365,0.0425,0.0175,0.0575,0.48778243736117716,0.7142857142857143,0.5274725274725275,0.611764705882353,0.6027397260273972,0.26666666666666666
293,2600960,2472.9,243,0.05419367551803589,0.8082519531249999,0.9500000000000004,0.18515115976333618,-0.02243,0.49913,0.0,0.02565,0.01542,-0.53877,0.15527,0.00012,0.545,0.3775,0.055,0.0175,0.0625,0.47324524279528113,0.6818181818181818,0.5333333333333333,0.5853658536585366,0.6025641025641025,0.24193548387096775
294,2603008,2480.4,243,0.053219523280858994,0.8046142578125,0.9500000000000004,0.18498079478740692,-0.02055,0.47296,0.0,0.02548,0.01513,-0.54012,0.1459,8e-05,0.54,0.385,0.0575,0.0125,0.0625,0.46794276085388165,0.6888888888888889,0.5384615384615384,0.5443037974683544,0.6025641025641025,0.24193548387096775
295,2605056,2487.3,243,0.11063659936189651,0.8065429687499999,1.0,0.18487513065338135,-0.01424,0.53658,0.0,0.02588,0.00753,-0.5418,0.0959,0.00012,0.5425,0.38,0.06,0.01,0.0675,0.4701790879037857,0.6888888888888889,0.5730337078651685,0.5189873417721519,0.5897435897435898,0.265625
296,2607104,2494.4,243,0.040111638605594635,0.8104492187499999,1.0,0.18473564088344574,-0.01547,0.57893,0.0,0.02792,0.00802,-0.54318,0.09775,0.00018,0.53,0.385,0.0575,0.0125,0.0725,0.45712115385329777,0.6853932584269663,0.5604395604395604,0.5128205128205128,0.5833333333333334,0.2571428571428571
297,2609152,2501.9,243,0.07345691323280334,0.8131347656249999,1.0,0.1844528615474701,-0.02239,0.43778,0.0,0.02956,0.01603,-0.54522,0.16621,0.00012,0.5375,0.38,0.06,0.0125,0.07,0.4636891556486484,0.6956521739130435,0.5604395604395604,0.52,0.5714285714285714,0.2916666666666667
298,2611200,2509.1,243,0.08564625680446625,0.8176269531249998,1.0,0.18426695466041565,-0.01776,0.52139,0.0,0.02956,0.01045,-0.54778,0.11211,0.00018,0.5275,0.3875,0.065,0.015,0.07,0.4519228829338324,0.6881720430107527,0.5393258426966292,0.5256410256410257,0.5507246376811594,0.28169014084507044
299,2613248,2516.2,243,0.10328593850135803,0.8220458984374999,1.0,0.18408867716789246,-0.01774,0.49298,0.0,0.0244,0.0136,-0.54962,0.14102,0.00012,0.53,0.385,0.065,0.015,0.07,0.4555839907367427,0.7052631578947368,0.5172413793103449,0.5128205128205128,0.5441176470588235,0.3194444444444444
300,2615296,2523.7,243,0.05251888185739517,0.8248779296874998,1.0,0.1840246319770813,-0.01955,0.3541,0.0,0.02517,0.01158,-0.55091,0.12275,0.00018,0.5325,0.38,0.065,0.015,0.0725,0.45825785497224963,0.7052631578947368,0.5402298850574713,0.5,0.5454545454545454,0.3194444444444444
301,2617344,2531.8,243,0.0783642828464508,0.8276123046874999,1.0,0.18391774594783783,-0.01869,0.59276,0.0,0.0285,0.01628,-0.55202,0.16973,8e-05,0.5325,0.3825,0.0675,0.015,0.0725,0.4599810149500317,0.6881720430107527,0.5357142857142857,0.4878048780487805,0.5633802816901409,0.34285714285714286
302,2619392,2539.0,244,0.01468006893992424,0.8250488281249999,1.0,0.18392984569072723,-0.01639,0.56999,0.0,0.02498,0.01113,-0.55267,0.12178,0.00018,0.5225,0.3925,0.0675,0.015,0.0725,0.4518205287321881,0.6739130434782609,0.5348837209302325,0.4936708860759494,0.547945205479452,0.3142857142857143
303,2621440,2546.3,244,0.02927306294441223,0.8129638671874999,1.0,0.18386618793010712,-0.01933,0.30188,0.0,0.0224,0.01874,-0.55276,0.19727,8e-05,0.5175,0.3925,0.0625,0.0175,0.075,0.4456472860560731,0.6774193548387096,0.5176470588235295,0.5,0.5352112676056338,0.3150684931506849
304,2623488,2553.5,244,0.0604064017534256,0.8138427734374999,0.9649999999999977,0.18397969007492065,-0.0143,0.50825,0.0,0.02635,0.0071,-0.55315,0.08652,0.00012,0.5125,0.3975,0.06,0.0175,0.075,0.4450144449374149,0.6739130434782609,0.5,0.4875,0.547945205479452,0.32
305,2625536,2562.4,244,0.0748666375875473,0.8166503906249999,1.0,0.18417048454284668,-0.01662,0.59678,0.0,0.02815,0.00959,-0.55111,0.10117,0.00018,0.515,0.3975,0.0575,0.025,0.0675,0.446749945308608,0.6888888888888889,0.5060240963855421,0.4878048780487805,0.5342465753424658,0.3194444444444444
306,2627584,2570.0,244,0.1035880371928215,0.8137451171874999,1.0,0.18425339460372925,-0.01961,0.60128,0.0,0.02813,0.01363,-0.54958,0.15059,0.00012,0.52,0.39,0.055,0.025,0.07,0.4547842441087952,0.6781609195402298,0.5512820512820513,0.47674418604651164,0.5333333333333333,0.33783783783783783
307,2629632,2578.2,244,0.13420076668262482,0.8175048828124999,1.0,0.18401429057121277,-0.01716,0.47317,0.0,0.0241,0.01097,-0.55029,0.1207,0.00018,0.525,0.3925,0.0525,0.02,0.0675,0.4625235851503545,0.6853932584269663,0.5526315789473685,0.4578313253012048,0.5375,0.3611111111111111
308,2631680,2586.0,244,0.07052822411060333,0.8236328124999999,1.0,0.18364304304122925,-0.0218,0.3147,0.0,0.02506,0.01591,-0.55382,0.17627,0.00012,0.5225,0.3975,0.0475,0.02,0.065,0.46187909537819904,0.7011494252873564,0.5405405405405406,0.45348837209302323,0.5256410256410257,0.37333333333333335
309,2633728,2593.1,244,0.07427676767110825,0.8218505859374999,1.0,0.18346408009529114,-0.02009,0.51502,0.0,0.03036,0.01249,-0.55686,0.14775,0.00012,0.525,0.3925,0.0525,0.0225,0.065,0.46428381858885714,0.7093023255813954,0.5454545454545454,0.4578313253012048,0.5333333333333333,0.3670886075949367
310,2635776,2600.3,244,0.07514700293540955,0.8207031249999999,1.0,0.1833348125219345,-0.01855,0.52211,0.0,0.02689,0.00911,-0.55856,0.10596,0.00018,0.5325,0.3875,0.055,0.02,0.065,0.4699281777054366,0.7303370786516854,0.5189873417721519,0.47560975609756095,0.5342465753424658,0.37662337662337664
311,2637824,2607.9,244,0.060275085270404816,0.8157958984374999,1.0,0.18341654539108276,-0.02122,0.57516,0.0,0.02758,0.01589,-0.55905,0.1666,0.00012,0.53,0.385,0.055,0.02,0.07,0.4691456236907801,0.7078651685393258,0.5342465753424658,0.4827586206896552,0.5277777777777778,0.379746835443038
312,2639872,2615.4,244,0.037133511155843735,0.8122802734374999,1.0,0.1837041825056076,-0.0159,0.63987,0.0,0.03201,0.01046,-0.55751,0.11934,0.00018,0.52,0.4,0.06,0.025,0.06,0.46004439190167373,0.6896551724137931,0.5512820512820513,0.4827586206896552,0.5,0.35526315789473684
313,2641920,2623.2,244,0.08675643801689148,0.8073242187499998,1.0,0.18402443826198578,-0.02292,0.45113,0.0,0.02819,0.01785,-0.55342,0.16416,0.00012,0.54,0.3825,0.0575,0.0275,0.055,0.4752266343640369,0.7096774193548387,0.5540540540540541,0.5176470588235295,0.527027027027027,0.35135135135135137
314,2643968,2630.5,244,0.040746837854385376,0.8131347656249999,1.0,0.18403823673725128,-0.02053,0.44972,0.0,0.03098,0.01259,-0.55183,0.13379,0.00018,0.5475,0.375,0.05,0.0275,0.055,0.48142100433838114,0.7446808510638298,0.5555555555555556,0.5176470588235295,0.5205479452054794,0.35526315789473684
315,2646016,2638.2,245,0.07490454614162445,0.8133300781249999,1.0,0.1839621663093567,-0.01859,0.65605,0.0,0.02758,0.01625,-0.55211,0.16123,0.00012,0.5525,0.3725,0.0475,0.0275,0.0525,0.48605484392180587,0.75,0.5492957746478874,0.5238095238095238,0.5066666666666667,0.3974358974358974
316,2648064,2646.0,245,0.07050963491201401,0.8145996093749999,1.0,0.18402525782585144,-0.01703,0.61321,0.0,0.02797,0.01128,-0.55235,0.13721,0.00018,0.545,0.38,0.05,0.0275,0.0525,0.4812856760157652,0.7419354838709677,0.5294117647058824,0.5125,0.5061728395061729,0.3974358974358974
317,2650112,2656.5,244,0.03880305215716362,0.8090332031249998,1.0,0.18404507637023926,-0.01967,0.58722,0.0,0.02804,0.01546,-0.55161,0.15459,0.00012,0.545,0.38,0.0525,0.03,0.05,0.484284589692528,0.7157894736842105,0.5211267605633803,0.5125,0.5125,0.4189189189189189
318,2652160,2664.5,244,0.0831483006477356,0.8078369140624998,1.0,0.18392743170261383,-0.02082,0.62878,0.0,0.02477,0.01293,-0.5518,0.1374,0.00012,0.5425,0.38,0.05,0.03,0.0525,0.4819919181813532,0.717391304347826,0.4857142857142857,0.525,0.524390243902439,0.42105263157894735
319,2654208,2671.8,245,0.06775078177452087,0.8087158203124998,1.0,0.18394820392131805,-0.01788,0.52953,0.0,0.02271,0.01323,-0.55291,0.11963,0.00012,0.54,0.3825,0.045,0.03,0.0525,0.4824922885842751,0.7127659574468085,0.4794520547945205,0.5,0.5365853658536586,0.42857142857142855
320,2656256,2679.9,245,0.07829800248146057,0.8099365234374998,1.0,0.18401949107646942,-0.01913,0.54576,0.0,0.0258,0.01283,-0.5519,0.13848,0.00012,0.53,0.395,0.05,0.03,0.05,0.47327776613420697,0.7,0.4657534246575342,0.48,0.5357142857142857,0.4358974358974359
321,2658304,2688.4,245,0.04673280566930771,0.8144042968749998,1.0,0.1839699149131775,-0.0176,0.64036,0.0,0.02576,0.00967,-0.55152,0.10742,0.00018,0.5275,0.3925,0.0475,0.03,0.055,0.46612953663489515,0.7191011235955056,0.43661971830985913,0.49295774647887325,0.5529411764705883,0.40476190476190477
322,2660352,2696.2,245,0.07785418629646301,0.8117431640624999,1.0,0.18380963802337646,-0.01803,0.63339,0.0,0.02484,0.0145,-0.55255,0.13955,0.00018,0.5225,0.395,0.045,0.03,0.055,0.4613095386151336,0.7142857142857143,0.4084507042253521,0.5138888888888888,0.5555555555555556,0.38823529411764707
323,2662400,2705.8,244,0.05634520947933197,0.809326171875,1.0,0.18369656801223755,-0.02167,0.61487,0.0,0.02762,0.01505,-0.55425,0.13965,0.00012,0.53,0.3925,0.0475,0.0275,0.0525,0.4703345853944309,0.723404255319149,0.3918918918918919,0.5138888888888888,0.5844155844155844,0.39759036144578314
324,2664448,2714.7,244,0.06321023404598236,0.8060302734374999,1.0,0.1836968958377838,-0.02023,0.42553,0.0,0.0263,0.01124,-0.55483,0.125,0.00018,0.535,0.385,0.045,0.03,0.0525,0.4758915795638377,0.71875,0.39436619718309857,0.5285714285714286,0.5844155844155844,0.4069767441860465
325,2666496,2723.0,244,0.12573999166488647,0.8073730468749999,1.0,0.18391676247119904,-0.02279,0.46851,0.0,0.02891,0.01534,-0.55351,0.16484,0.00012,0.5375,0.3875,0.05,0.025,0.05,0.47839938880367405,0.7052631578947368,0.39436619718309857,0.5492957746478874,0.5822784810126582,0.4166666666666667
326,2668544,2731.1,244,0.10004447400569916,0.8131591796874997,0.95,0.18379807472229004,-0.0229,0.64186,0.0,0.02866,0.01228,-0.55259,0.13711,0.00018,0.5325,0.3925,0.05,0.025,0.0525,0.4717113658941925,0.7010309278350515,0.410958904109589,0.5373134328358209,0.5897435897435898,0.38823529411764707
327,2670592,2738.4,245,0.09989164769649506,0.8115722656249998,0.95,0.18368715047836304,-0.02422,0.5267,0.0,0.02547,0.01675,-0.55392,0.17451,0.00012,0.5375,0.3825,0.0525,0.0275,0.055,0.4775577418112473,0.6893203883495146,0.40540540540540543,0.5538461538461539,0.5921052631578947,0.4024390243902439
328,2672640,2748.0,244,0.08539491891860962,0.8162353515624998,0.95,0.1836307942867279,-0.01764,0.7783,0.0,0.02943,0.01014,-0.55476,0.1165,0.00018,0.5275,0.395,0.055,0.0225,0.0575,0.46722626133747236,0.6767676767676768,0.42857142857142855,0.5625,0.5394736842105263,0.40476190476190477
329,2674688,2757.0,244,0.10854886472225189,0.8148925781249999,0.95,0.18379244208335876,-0.01697,0.97101,0.0,0.0296,0.01334,-0.55454,0.13838,0.00027,0.5325,0.395,0.0475,0.0225,0.0525,0.47219510742150894,0.6597938144329897,0.45454545454545453,0.5522388059701493,0.5454545454545454,0.4268292682926829
330,2676736,2764.6,244,0.09148430824279785,0.8186035156249998,0.95,0.18395262956619263,-0.02501,0.3533,0.0,0.02996,0.02189,-0.55194,0.21494,0.00012,0.535,0.3925,0.05,0.0225,0.0525,0.47217624181963047,0.66,0.4691358024691358,0.5396825396825397,0.547945205479452,0.43373493975903615
331,2678784,2772.8,244,0.026697468012571335,0.8212402343749998,1.0,0.18378755450248718,-0.01937,0.72992,0.0,0.02924,0.00922,-0.55228,0.11533,0.00018,0.5375,0.3925,0.045,0.02,0.0525,0.4741882808417583,0.6601941747572816,0.45,0.55,0.5616438356164384,0.44047619047619047
332,2680832,2781.3,244,0.03373139724135399,0.8163818359374998,1.0,0.1838272660970688,-0.02171,0.48508,0.0,0.03009,0.02033,-0.5535,0.16494,8e-05,0.5375,0.3975,0.0425,0.015,0.0525,0.4756177174288756,0.6699029126213593,0.4457831325301205,0.55,0.5352112676056338,0.4578313253012048
333,2682880,2789.1,245,0.0954049751162529,0.8164306640624999,1.0,0.18376466631889343,-0.01766,0.37331,0.0,0.02885,0.01163,-0.55312,0.13008,8e-05,0.54,0.3975,0.0425,0.015,0.05,0.47326485804194085,0.6391752577319587,0.4523809523809524,0.5555555555555556,0.5833333333333334,0.4642857142857143
334,2684928,2797.4,245,0.06392690539360046,0.8139892578124999,1.0,0.18381017446517944,-0.01506,0.68878,0.0,0.02964,0.00992,-0.55373,0.1166,0.00018,0.535,0.3975,0.045,0.0175,0.0525,0.4706002411883958,0.63,0.44047619047619047,0.5454545454545454,0.6111111111111112,0.4358974358974359
335,2686976,2806.2,244,0.09834343940019608,0.8196289062499997,1.0,0.1838558167219162,-0.01902,0.39189,0.0,0.02593,0.02019,-0.55288,0.19014,8e-05,0.5425,0.39,0.0425,0.0175,0.0525,0.47995077483090076,0.64,0.4659090909090909,0.5692307692307692,0.6231884057971014,0.41025641025641024
336,2689024,2813.8,245,-0.0006470275111496449,0.8188720703124999,1.0,0.18407924473285675,-0.01643,0.47451,0.0,0.02641,0.00873,-0.55232,0.09209,0.00018,0.5375,0.3975,0.0375,0.0175,0.05,0.4752931673715399,0.6494845360824743,0.45454545454545453,0.578125,0.6,0.4074074074074074
337,2691072,2822.5,245,0.0632844865322113,0.8171386718749998,1.0,0.18453896045684814,-0.01708,0.72711,0.0,0.02696,0.01434,-0.54795,0.14463,0.00012,0.5375,0.4,0.04,0.0125,0.0525,0.4751691709227508,0.6597938144329897,0.4827586206896552,0.5671641791044776,0.5753424657534246,0.3815789473684211
338,2693120,2831.2,244,0.035700246691703796,0.8076904296874998,0.95,0.18445312976837158,-0.01515,0.48154,0.0,0.02677,0.01108,-0.54559,0.12285,0.00018,0.535,0.4025,0.04,0.01,0.055,0.4734556730208927,0.6701030927835051,0.4939759036144578,0.5555555555555556,0.5405405405405406,0.3783783783783784
339,2695168,2839.2,245,0.10003010183572769,0.8058349609375,0.95,0.18408392369747162,-0.02102,0.28419,0.0,0.02212,0.01487,-0.54818,0.15098,0.00018,0.535,0.3975,0.0375,0.01,0.06,0.47394173988426785,0.6666666666666666,0.4772727272727273,0.5633802816901409,0.5416666666666666,0.3972602739726027
340,2697216,2847.2,245,0.07207882404327393,0.8133300781249999,0.95,0.1840009093284607,-0.02471,0.37818,0.0,0.02651,0.01651,-0.5509,0.16709,0.00012,0.54,0.3975,0.0375,0.01,0.055,0.48143927824352917,0.6701030927835051,0.5054945054945055,0.5633802816901409,0.5416666666666666,0.37681159420289856
341,2699264,2855.6,245,0.02922222390770912,0.8181884765624998,1.0,0.18379254639148712,-0.01837,0.37922,0.0,0.02135,0.01341,-0.55203,0.14746,0.00012,0.5375,0.3975,0.035,0.01,0.0575,0.47943615820254715,0.6666666666666666,0.5,0.5633802816901409,0.5277777777777778,0.3880597014925373
342,2701312,2864.7,245,0.026214126497507095,0.8125732421874998,1.0,0.1836262047290802,-0.01971,0.57271,0.0,0.02702,0.01253,-0.55426,0.13906,0.00018,0.53,0.4025,0.035,0.01,0.06,0.4698119298441166,0.6494845360824743,0.5053763440860215,0.5285714285714286,0.5352112676056338,0.391304347826087
343,2703360,2872.5,245,0.14715725183486938,0.8099853515624997,1.0,0.1834023892879486,-0.01495,0.33101,0.0,0.02483,0.01768,-0.55615,0.17148,8e-05,0.5475,0.3825,0.0325,0.01,0.0625,0.48396280203947056,0.6701030927835051,0.5444444444444444,0.5138888888888888,0.5466666666666666,0.4090909090909091
344,2705408,2880.4,245,0.0036757225170731544,0.8067382812499998,0.95,0.1833832859992981,-0.01795,0.64149,0.0,0.02774,0.01121,-0.55771,0.11143,8e-05,0.53,0.4,0.035,0.01,0.0625,0.4686293390618722,0.6702127659574468,0.5368421052631579,0.4861111111111111,0.5135135135135135,0.38461538461538464
345,2707456,2888.4,245,0.0698418989777565,0.8039306640624998,0.95,0.18344047665596008,-0.01904,0.40741,0.0,0.02345,0.00989,-0.55707,0.11123,0.00012,0.5325,0.4025,0.0325,0.01,0.0575,0.4708282456032278,0.6736842105263158,0.532608695652174,0.4857142857142857,0.5394736842105263,0.373134328358209
346,2709504,2896.9,245,0.03793872892856598,0.8005859374999998,0.95,0.1833820939064026,-0.02216,0.46548,0.0,0.02197,0.00889,-0.55728,0.09668,0.00018,0.525,0.4075,0.035,0.0075,0.06,0.4675060491115522,0.6736842105263158,0.5111111111111111,0.49295774647887325,0.5064935064935064,0.3880597014925373
347,2711552,2905.4,245,0.11203593015670776,0.8029785156249998,0.95,0.18315473198890686,-0.02263,0.36163,0.0,0.02362,0.01554,-0.55865,0.15068,0.00012,0.535,0.3975,0.0325,0.005,0.0625,0.4777005044261726,0.717391304347826,0.4942528735632184,0.49295774647887325,0.5365853658536586,0.38235294117647056
348,2713600,2913.7,245,0.11648764461278915,0.8117187499999998,1.0,0.18293508887290955,-0.01885,0.48997,0.0,0.02202,0.0104,-0.56143,0.10801,0.00018,0.54,0.395,0.03,0.005,0.06,0.4822741684405616,0.717391304347826,0.5,0.5072463768115942,0.55,0.3835616438356164
349,2715648,2922.6,245,0.04406674951314926,0.8112060546874998,1.0,0.1828179657459259,-0.01937,0.46912,0.0,0.02321,0.01516,-0.56299,0.14658,0.00012,0.54,0.3925,0.03,0.005,0.065,0.48235152713576374,0.7078651685393258,0.5,0.5068493150684932,0.569620253164557,0.3835616438356164
350,2717696,2932.2,244,0.0370466448366642,0.7992431640624998,1.0,0.1826673448085785,-0.02027,0.70348,0.0,0.02491,0.00931,-0.56444,0.1125,0.00018,0.5275,0.4025,0.0325,0.005,0.0675,0.47126971192279443,0.7078651685393258,0.46987951807228917,0.4868421052631579,0.573170731707317,0.35714285714285715
351,2719744,2940.6,244,0.059451762586832047,0.7933593749999998,1.0,0.1825820505619049,-0.01915,0.51386,0.0,0.0222,0.01212,-0.56608,0.11953,0.00018,0.525,0.4025,0.0325,0.005,0.07,0.4677167373479297,0.7011494252873564,0.4634146341463415,0.4935064935064935,0.5783132530120482,0.352112676056338
352,2721792,2949.8,244,0.04801196604967117,0.7905029296874998,0.95,0.18259060382843018,-0.02093,0.50178,0.0,0.02631,0.01763,-0.56623,0.16885,8e-05,0.5225,0.4075,0.03,0.005,0.0675,0.46614723414915404,0.6976744186046512,0.45,0.5135135135135135,0.5795454545454546,0.3333333333333333
353,2723840,2958.8,244,0.04638279229402542,0.7897460937499998,0.95,0.1825062483549118,-0.0154,0.57705,0.0,0.02194,0.00844,-0.56678,0.08574,0.00018,0.525,0.3975,0.0275,0.0075,0.0725,0.46788051879178455,0.7142857142857143,0.4805194805194805,0.48717948717948717,0.5730337078651685,0.3333333333333333
354,2725888,2968.3,244,0.05634332820773125,0.7887695312499998,0.95,0.18237987160682678,-0.01759,0.63595,0.0,0.02349,0.01226,-0.56793,0.14648,0.00018,0.52,0.395,0.025,0.01,0.0775,0.4650801768734077,0.7011494252873564,0.48717948717948717,0.4805194805194805,0.5529411764705883,0.3424657534246575
355,2727936,2977.4,244,0.09794546663761139,0.7939697265624999,0.95,0.18222230672836304,-0.02098,0.52216,0.0,0.02272,0.01603,-0.56941,0.15596,0.00012,0.5225,0.395,0.025,0.01,0.075,0.4707664835627021,0.7093023255813954,0.4875,0.4868421052631579,0.5421686746987951,0.36
356,2729984,2986.1,244,0.06404118239879608,0.7949707031249998,0.95,0.1819738745689392,-0.01641,0.43833,0.0,0.02293,0.01027,-0.5716,0.12275,0.00018,0.52,0.4,0.03,0.0075,0.075,0.4673598652328775,0.7176470588235294,0.4810126582278481,0.49333333333333335,0.524390243902439,0.3670886075949367
357,2732032,2994.2,244,0.03413837403059006,0.7948486328124997,0.95,0.18183428049087524,-0.02082,0.37764,0.0,0.02294,0.01412,-0.57426,0.1501,0.00012,0.5125,0.405,0.03,0.0075,0.0775,0.4596297561692974,0.7283950617283951,0.44871794871794873,0.4935064935064935,0.5176470588235295,0.3670886075949367
358,2734080,3001.9,244,0.07557032257318497,0.7930175781249997,0.95,0.18158623576164246,-0.01877,0.3329,0.0,0.02361,0.01294,-0.57579,0.14248,0.00018,0.52,0.395,0.03,0.01,0.0775,0.4652037536404745,0.7176470588235294,0.44594594594594594,0.5066666666666667,0.5340909090909091,0.3717948717948718
359,2736128,3010.3,244,0.0544801726937294,0.7997802734374999,0.95,0.18121185898780823,-0.02196,0.37799,0.0,0.02315,0.01481,-0.5793,0.15693,0.00018,0.52,0.395,0.0275,0.01,0.0775,0.46848918434542336,0.7228915662650602,0.4358974358974359,0.5,0.5348837209302325,0.3924050632911392
360,2738176,3019.2,244,0.06519632786512375,0.8029296874999998,0.95,0.18079322576522827,-0.01712,0.44826,0.0,0.02377,0.01324,-0.58393,0.129,0.00018,0.5275,0.39,0.0275,0.01,0.075,0.47317409634805147,0.7317073170731707,0.45454545454545453,0.5,0.5294117647058824,0.41025641025641024
361,2740224,3027.8,244,0.07239210605621338,0.8053955078124999,0.95,0.1805676519870758,-0.01803,0.35069,0.0,0.02172,0.01323,-0.58758,0.13437,0.00018,0.535,0.38,0.0275,0.01,0.0775,0.4753585536027931,0.7341772151898734,0.4691358024691358,0.5066666666666667,0.5411764705882353,0.425
362,2742272,3035.8,244,0.08715610206127167,0.8155517578124998,1.0,0.18052630126476288,-0.01781,0.34455,0.0,0.02053,0.01573,-0.5895,0.15518,0.00018,0.54,0.3775,0.025,0.0125,0.0725,0.481083831079915,0.7469879518072289,0.4935064935064935,0.49333333333333335,0.5172413793103449,0.4358974358974359
363,2744320,3044.6,244,0.04737526550889015,0.8133300781249998,1.0,0.1806272268295288,-0.01691,0.42516,0.0,0.02348,0.01441,-0.58912,0.14404,0.00012,0.5325,0.3875,0.025,0.015,0.0675,0.4745783827838334,0.7317073170731707,0.5,0.46153846153846156,0.5287356321839081,0.43209876543209874
364,2746368,3052.6,244,0.03942844271659851,0.8112060546874997,1.0,0.1806228905916214,-0.01798,0.44711,0.0,0.02241,0.01176,-0.58873,0.11191,0.00018,0.5325,0.39,0.025,0.015,0.065,0.47797005175151874,0.7560975609756098,0.49295774647887325,0.45,0.5227272727272727,0.43037974683544306
365,2748416,3061.1,244,0.04226215183734894,0.8083007812499998,0.95,0.18046166002750397,-0.02092,0.40413,0.0,0.02138,0.0122,-0.58918,0.12822,0.00018,0.5325,0.385,0.0225,0.015,0.07,0.4807221855984673,0.7469879518072289,0.5070422535211268,0.4675324675324675,0.4943820224719101,0.4375
366,2750464,3070.4,244,0.078224316239357,0.8100341796874998,0.95,0.1801389455795288,-0.01957,0.3611,0.0,0.02238,0.0185,-0.59206,0.18242,8e-05,0.5325,0.3825,0.0175,0.015,0.0725,0.4774940425065867,0.725,0.47297297297297297,0.5,0.5168539325842697,0.4430379746835443
367,2752512,3079.3,244,0.05031023174524307,0.8101318359374998,0.95,0.18024379014968872,-0.0142,0.36853,0.0,0.02082,0.00908,-0.59358,0.10898,0.00012,0.5375,0.375,0.025,0.0125,0.0775,0.48106080651086325,0.7215189873417721,0.4788732394366197,0.5128205128205128,0.5111111111111111,0.4634146341463415
368,2754560,3087.9,244,0.12456277757883072,0.8087402343749999,0.95,0.18050000071525574,-0.02066,0.48328,0.0,0.02545,0.01065,-0.59119,0.12012,0.00018,0.5425,0.3675,0.025,0.0125,0.08,0.4873825352387891,0.7195121951219512,0.4864864864864865,0.5,0.5116279069767442,0.4875
369,2756608,3096.0,244,0.11315784603357315,0.8165039062499999,0.95,0.18038702011108398,-0.02142,0.40874,0.0,0.02389,0.01513,-0.59,0.15869,0.00012,0.5475,0.3625,0.0275,0.015,0.0775,0.4870431540625048,0.7195121951219512,0.49333333333333335,0.5128205128205128,0.5172413793103449,0.48717948717948717
370,2758656,3104.8,244,0.08671963214874268,0.8202392578124998,1.0,0.1804121434688568,-0.01939,0.6397,0.0,0.02619,0.00957,-0.59133,0.11777,0.00018,0.54,0.37,0.025,0.015,0.0775,0.4785534385840474,0.7073170731707317,0.4936708860759494,0.5,0.5,0.4935064935064935
371,2760704,3113.4,244,0.06635884940624237,0.8166259765624998,0.95,0.1803930252790451,-0.02452,0.59722,0.0,0.02978,0.01815,-0.59073,0.17939,8e-05,0.535,0.3775,0.025,0.015,0.0725,0.47062104713638564,0.6904761904761905,0.4594594594594595,0.5128205128205128,0.5172413793103449,0.4805194805194805
372,2762752,3123.3,244,0.051578108221292496,0.8180664062499999,0.95,0.18018534779548645,-0.01398,0.5662,0.0,0.02687,0.00703,-0.59197,0.0832,0.00018,0.5425,0.37,0.0225,0.015,0.0725,0.48120628919864245,0.691358024691358,0.4810126582278481,0.5131578947368421,0.5116279069767442,0.5128205128205128
373,2764800,3133.5,244,0.06329202651977539,0.8134277343749998,0.95,0.17994025349617004,-0.01999,0.60746,0.0,0.0299,0.01355,-0.5946,0.15078,0.00018,0.54,0.3725,0.025,0.015,0.0725,0.4822841742138273,0.6951219512195121,0.5061728395061729,0.4666666666666667,0.5238095238095238,0.5
374,2766848,3142.6,244,0.12365177273750305,0.8126953124999998,0.95,0.17978394031524658,-0.01903,0.47829,0.0,0.02077,0.01396,-0.59688,0.15791,0.00018,0.55,0.3625,0.025,0.02,0.0675,0.4895657124672094,0.6976744186046512,0.5121951219512195,0.48,0.5365853658536586,0.5066666666666667
375,2768896,3151.3,244,0.052431974560022354,0.8170166015624998,1.0,0.17968368530273438,-0.02143,0.30709,0.0,0.02025,0.01415,-0.59817,0.14648,0.00018,0.5575,0.36,0.025,0.015,0.0675,0.49640879942667226,0.7093023255813954,0.4878048780487805,0.5068493150684932,0.5476190476190477,0.52
376,2770944,3159.6,244,0.039287690073251724,0.8216064453124998,0.95,0.1796501874923706,-0.01979,0.30029,0.0,0.01973,0.01787,-0.59868,0.17227,8e-05,0.555,0.365,0.0275,0.015,0.065,0.49584703512299383,0.7209302325581395,0.4819277108433735,0.4722222222222222,0.5632183908045977,0.5138888888888888
377,2772992,3169.0,244,0.1020536720752716,0.8246582031249998,0.95,0.1796008050441742,-0.01659,0.29852,0.0,0.01854,0.00835,-0.5994,0.09941,0.00012,0.5625,0.355,0.0275,0.015,0.0675,0.5023270926767736,0.7142857142857143,0.48717948717948717,0.4788732394366197,0.5764705882352941,0.52
378,2775040,3177.7,244,0.10497672110795975,0.8329101562499999,1.0,0.17947888374328613,-0.01874,0.36713,0.0,0.02091,0.01421,-0.60057,0.16221,8e-05,0.5675,0.35,0.0225,0.015,0.0675,0.5091674402197226,0.723404255319149,0.49333333333333335,0.4864864864864865,0.5662650602409639,0.527027027027027
379,2777088,3186.7,244,0.099587082862854,0.8398925781249998,1.0,0.1792515218257904,-0.01676,0.37086,0.0,0.0196,0.01097,-0.60243,0.13066,0.00012,0.58,0.34,0.0225,0.015,0.065,0.5185469382280427,0.7216494845360825,0.5194805194805194,0.4864864864864865,0.5897435897435898,0.5405405405405406
380,2779136,3196.5,243,0.07994890213012695,0.8427978515624999,1.0,0.17923270165920258,-0.01601,0.51352,0.0,0.02035,0.01244,-0.60487,0.14053,0.00018,0.575,0.3475,0.03,0.015,0.0625,0.5141787586824413,0.723404255319149,0.5316455696202531,0.4666666666666667,0.5921052631578947,0.5263157894736842
381,2781184,3205.1,243,0.08070699870586395,0.8426269531249999,1.0,0.17921069264411926,-0.01625,0.44401,0.0,0.01859,0.01425,-0.60439,0.14531,0.00018,0.57,0.3475,0.03,0.015,0.0675,0.5108814294319317,0.7291666666666666,0.5205479452054794,0.4358974358974359,0.6266666666666667,0.5
382,2783232,3214.4,243,0.07924526929855347,0.8514648437499999,1.0,0.1791052222251892,-0.01687,0.57603,0.0,0.01993,0.01314,-0.6054,0.14443,0.00018,0.5675,0.3475,0.0325,0.015,0.07,0.5113384547197934,0.7448979591836735,0.5217391304347826,0.4473684210526316,0.5921052631578947,0.48148148148148145
383,2785280,3223.3,243,0.09217283129692078,0.8509521484374999,1.0,0.17911654710769653,-0.02346,0.47502,0.0,0.02015,0.01594,-0.60594,0.16797,8e-05,0.5675,0.345,0.0325,0.0125,0.075,0.5111121685860492,0.7395833333333334,0.5263157894736842,0.4666666666666667,0.6164383561643836,0.45
384,2787328,3231.4,243,0.15506325662136078,0.8613281249999998,1.0,0.17922045290470123,-0.01375,0.49558,0.0,0.01994,0.00707,-0.60542,0.08818,0.00012,0.575,0.3375,0.035,0.01,0.0775,0.5182130528744685,0.7395833333333334,0.525,0.49333333333333335,0.6164383561643836,0.4605263157894737
385,2789376,3239.3,243,0.0374859981238842,0.8612548828124998,1.0,0.179458349943161,-0.01807,0.70504,0.0,0.02311,0.00944,-0.6037,0.11074,0.00018,0.5775,0.34,0.0375,0.0175,0.0675,0.5205401853599906,0.7346938775510204,0.5,0.5,0.6338028169014085,0.4805194805194805
386,2791424,3246.9,243,0.03549247235059738,0.8522949218749998,1.0,0.17978030443191528,-0.01835,0.54979,0.0,0.02287,0.01495,-0.60017,0.15342,0.00012,0.565,0.3525,0.0375,0.0175,0.0675,0.512769324570762,0.7244897959183674,0.5189873417721519,0.4657534246575342,0.6086956521739131,0.4691358024691358
387,2793472,3255.1,243,0.061724402010440826,0.8462890624999998,1.0,0.17965221405029297,-0.02115,0.41138,0.0,0.02347,0.01125,-0.59866,0.11572,0.00018,0.57,0.355,0.035,0.0175,0.06,0.5164915435958329,0.7422680412371134,0.5,0.4666666666666667,0.6216216216216216,0.47368421052631576
388,2795520,3263.8,243,0.12421353161334991,0.8546630859374998,1.0,0.17935532331466675,-0.02113,0.33422,0.0,0.02112,0.01558,-0.6014,0.16543,0.00012,0.58,0.3475,0.035,0.0175,0.0575,0.5223834396489526,0.7525773195876289,0.52,0.4794520547945205,0.618421052631579,0.4810126582278481
389,2797568,3271.9,243,0.08954176306724548,0.8596679687499998,1.0,0.179083913564682,-0.01921,0.43997,0.0,0.02291,0.0117,-0.60453,0.13047,0.00012,0.575,0.3525,0.0325,0.015,0.06,0.5198261473185832,0.7676767676767676,0.4935064935064935,0.45714285714285713,0.6081081081081081,0.4875
390,2799616,3281.7,243,0.12511557340621948,0.8602539062499999,1.0,0.17902199923992157,-0.01922,0.66809,0.0,0.02493,0.01151,-0.60645,0.12979,0.00018,0.5775,0.3525,0.0325,0.015,0.0575,0.5215800666795286,0.7653061224489796,0.5,0.4666666666666667,0.6351351351351351,0.46835443037974683
391,2801664,3291.0,243,0.13523612916469574,0.8614990234375,1.0,0.17885977029800415,-0.01877,0.62538,0.0,0.02751,0.01205,-0.6071,0.14268,0.00027,0.5875,0.34,0.0325,0.0175,0.0575,0.5346827937781317,0.7766990291262136,0.5211267605633803,0.4935064935064935,0.6197183098591549,0.46153846153846156
392,2803712,3300.7,243,0.08027221262454987,0.8669433593749999,1.0,0.17860665917396545,-0.02432,0.43007,0.0,0.03146,0.01842,-0.60999,0.20527,5e-05,0.595,0.335,0.03,0.02,0.0525,0.5422341999932501,0.801980198019802,0.5,0.5063291139240507,0.6285714285714286,0.47435897435897434
393,2805760,3309.4,243,0.09606485068798065,0.8601074218749999,1.0,0.17853277921676636,-0.0142,0.73274,0.0,0.02687,0.00822,-0.6116,0.10146,0.00012,0.59,0.34,0.03,0.0225,0.05,0.5346410474039428,0.8,0.4722222222222222,0.5256410256410257,0.6027397260273972,0.4805194805194805
394,2807808,3318.8,243,0.1846824586391449,0.8630371093749998,1.0,0.17818212509155273,-0.01954,0.43052,0.0,0.02571,0.0106,-0.61334,0.12012,0.00018,0.6075,0.325,0.0325,0.0175,0.0525,0.550226346354522,0.8155339805825242,0.4714285714285714,0.5466666666666666,0.6081081081081081,0.5128205128205128
395,2809856,3327.5,243,0.09214182198047638,0.8721679687499999,1.0,0.1778479814529419,-0.01832,0.67435,0.0,0.02658,0.01685,-0.61846,0.17734,8e-05,0.605,0.33,0.03,0.0175,0.05,0.5483558886528341,0.7980769230769231,0.4857142857142857,0.5733333333333334,0.6086956521739131,0.4878048780487805
396,2811904,3337.3,243,0.1059943363070488,0.8660156249999998,1.0,0.17782342433929443,-0.01687,0.69813,0.0,0.02531,0.00947,-0.61998,0.10625,0.00012,0.5975,0.34,0.0275,0.0175,0.0475,0.539977121397418,0.8041237113402062,0.4861111111111111,0.5897435897435898,0.5945945945945946,0.45569620253164556
397,2813952,3346.9,243,0.10500916838645935,0.8678222656249999,1.0,0.1776522845029831,-0.02002,0.54394,0.0,0.02697,0.01815,-0.62096,0.16699,0.00012,0.585,0.35,0.0325,0.02,0.0475,0.5247123942815515,0.7741935483870968,0.4931506849315068,0.5733333333333334,0.5897435897435898,0.4567901234567901
398,2816000,3355.4,243,0.07527017593383789,0.8666259765625,1.0,0.17759767174720764,-0.01906,0.5334,0.0,0.02188,0.00923,-0.62211,0.11787,0.00018,0.5875,0.3475,0.0325,0.0175,0.05,0.5331685516698208,0.7849462365591398,0.4794520547945205,0.5974025974025974,0.569620253164557,0.46153846153846156
399,2818048,3364.1,243,0.11744075268507004,0.866455078125,1.0,0.17758136987686157,-0.0239,0.65983,0.0,0.02535,0.01641,-0.62253,0.17881,8e-05,0.5875,0.3525,0.0325,0.0175,0.045,0.5308197800988645,0.7684210526315789,0.5128205128205128,0.581081081081081,0.5625,0.4657534246575342
400,2820096,3372.4,243,0.12372348457574844,0.8695312499999999,1.0,0.17757365107536316,-0.01762,0.54186,0.0,0.0239,0.0106,-0.62262,0.11738,0.00012,0.6,0.35,0.0325,0.0175,0.035,0.5439172862370465,0.7575757575757576,0.5308641975308642,0.6027397260273972,0.6,0.4583333333333333
401,2822144,3381.1,243,0.08367777615785599,0.8626708984374999,1.0,0.177528515458107,-0.01628,0.58615,0.0,0.02405,0.01013,-0.6228,0.121,0.00018,0.59,0.36,0.0375,0.02,0.0325,0.5348255458240344,0.7450980392156863,0.4931506849315068,0.6216216216216216,0.5657894736842105,0.4666666666666667
402,2824192,3389.2,243,0.09198065102100372,0.8593994140624999,1.0,0.17720019817352295,-0.02125,0.75639,0.0,0.02506,0.01199,-0.62478,0.13535,0.00018,0.5825,0.37,0.0375,0.02,0.03,0.5270929769011516,0.7373737373737373,0.5072463768115942,0.6025641025641025,0.5584415584415584,0.45454545454545453
403,2826240,3396.8,243,0.029172781854867935,0.8465332031249999,0.95,0.17719146609306335,-0.0177,0.70503,0.0,0.02529,0.01378,-0.62745,0.14668,0.00018,0.575,0.38,0.0425,0.015,0.03,0.5178034972794963,0.7474747474747475,0.5070422535211268,0.5769230769230769,0.5540540540540541,0.4358974358974359
404,2828288,3405.1,243,0.06364601850509644,0.839892578125,0.95,0.17729932069778442,-0.0223,0.61898,0.0,0.02594,0.01419,-0.62623,0.14951,0.00012,0.5775,0.375,0.0375,0.015,0.0325,0.5203414698824551,0.73,0.5066666666666667,0.6,0.5540540540540541,0.4473684210526316
405,2830336,3413.1,243,0.07798641920089722,0.8407226562499999,0.95,0.17723897099494934,-0.01842,0.61733,0.0,0.02378,0.01229,-0.62618,0.12227,0.00012,0.5725,0.3775,0.0375,0.02,0.03,0.5182939315135903,0.7272727272727273,0.4935064935064935,0.5875,0.5633802816901409,0.4383561643835616
406,2832384,3421.1,243,0.046945005655288696,0.8411865234374998,0.95,0.17708095908164978,-0.01845,0.25092,0.0,0.02276,0.01172,-0.62699,0.1249,0.00018,0.57,0.38,0.035,0.02,0.03,0.5163114156794216,0.7227722772277227,0.49333333333333335,0.5679012345679012,0.5797101449275363,0.43243243243243246
407,2834432,3428.9,243,0.0791546031832695,0.8390380859374998,0.95,0.176638662815094,-0.02137,0.48228,0.0,0.02362,0.0123,-0.6302,0.13613,0.00018,0.565,0.3875,0.0375,0.02,0.0275,0.509445941214787,0.7128712871287128,0.5135135135135135,0.5714285714285714,0.5428571428571428,0.4358974358974359
408,2836480,3436.9,243,0.047663625329732895,0.8381103515624999,0.95,0.17621679604053497,-0.0195,0.47818,0.0,0.02466,0.0172,-0.63547,0.17529,0.00012,0.56,0.39,0.0375,0.0225,0.0275,0.5041390634284675,0.696969696969697,0.5324675324675324,0.5584415584415584,0.5362318840579711,0.4358974358974359
409,2838528,3445.1,243,0.08518196642398834,0.8368652343749998,0.95,0.17612716555595398,-0.01729,0.5821,0.0,0.02189,0.01153,-0.63831,0.12021,0.00012,0.56,0.3925,0.0425,0.02,0.0275,0.5021755918366797,0.6914893617021277,0.5421686746987951,0.5526315789473685,0.5416666666666666,0.44
410,2840576,3453.1,243,0.09797514975070953,0.8401611328124999,0.95,0.17615656554698944,-0.021,0.40858,0.0,0.02412,0.01288,-0.63847,0.1501,0.00012,0.56,0.3925,0.045,0.02,0.0275,0.49943103267922256,0.6979166666666666,0.5555555555555556,0.5342465753424658,0.5466666666666666,0.4266666666666667
411,2842624,3461.5,243,0.06897959113121033,0.8435791015624999,1.0,0.17642907798290253,-0.01858,0.43393,0.0,0.02272,0.01141,-0.63711,0.13535,0.00018,0.5575,0.395,0.0425,0.0175,0.03,0.4929837886474591,0.68,0.5569620253164557,0.5416666666666666,0.5405405405405406,0.4266666666666667
412,2844672,3469.0,243,0.08887553215026855,0.8441894531249998,1.0,0.17677852511405945,-0.0175,0.47153,0.0,0.02395,0.01658,-0.63312,0.17559,0.00012,0.5625,0.39,0.045,0.015,0.0325,0.497906034158738,0.6868686868686869,0.5769230769230769,0.5540540540540541,0.5416666666666666,0.4155844155844156
413,2846720,3477.2,243,0.04106207191944122,0.8447021484374999,1.0,0.1770223081111908,-0.02021,0.51202,0.0,0.02708,0.01131,-0.62995,0.12236,0.00012,0.5475,0.4025,0.0425,0.0175,0.0325,0.48567977229852355,0.6836734693877551,0.5365853658536586,0.527027027027027,0.5352112676056338,0.41333333333333333
414,2848768,3485.1,243,0.12356334924697876,0.8469238281249999,1.0,0.17682158946990967,-0.01813,0.64198,0.0,0.02523,0.0136,-0.62912,0.14355,0.00012,0.545,0.405,0.0425,0.0175,0.0325,0.47949769811078885,0.68,0.5316455696202531,0.5333333333333333,0.5211267605633803,0.41333333333333333
415,2850816,3492.6,243,0.04291582107543945,0.8493164062499998,1.0,0.17656674981117249,-0.01716,0.39532,0.0,0.02371,0.01188,-0.6322,0.13174,0.00018,0.5475,0.4,0.05,0.0175,0.035,0.48293758266655673,0.696969696969697,0.5421686746987951,0.5064935064935064,0.5217391304347826,0.4166666666666667
416,2852864,3500.1,243,0.0854061096906662,0.84404296875,1.0,0.17660440504550934,-0.01865,0.35009,0.0,0.02174,0.01981,-0.63366,0.18418,8e-05,0.55,0.395,0.05,0.02,0.035,0.4835496408540353,0.7070707070707071,0.5432098765432098,0.5,0.5217391304347826,0.4246575342465753
417,2854912,3507.8,243,0.10527346283197403,0.8487304687499999,1.0,0.17670966684818268,-0.01475,0.31455,0.0,0.02186,0.00892,-0.63321,0.10674,0.00018,0.55,0.395,0.05,0.02,0.035,0.4869778372910795,0.7244897959183674,0.5185185185185185,0.5,0.5342465753424658,0.4117647058823529
418,2856960,3516.0,243,0.06298783421516418,0.8587646484374999,1.0,0.1767258644104004,-0.01944,0.4389,0.0,0.01988,0.01677,-0.63226,0.13828,8e-05,0.55,0.395,0.0475,0.0175,0.0375,0.48579856587349723,0.7272727272727273,0.5180722891566265,0.48717948717948717,0.5285714285714286,0.42857142857142855
419,2859008,3524.6,243,0.02350251004099846,0.8504150390624998,0.95,0.17674481868743896,-0.01689,0.57229,0.0,0.02014,0.00845,-0.63226,0.08799,0.00012,0.5425,0.4,0.0425,0.0175,0.04,0.478010011686499,0.7156862745098039,0.4939759036144578,0.48717948717948717,0.5223880597014925,0.42857142857142855
420,2861056,3533.6,243,0.03431127965450287,0.8474365234374999,0.9649999999999977,0.17708644270896912,-0.01547,0.68417,0.0,0.02103,0.00936,-0.63095,0.0999,0.00018,0.5325,0.405,0.045,0.02,0.0425,0.4700043902958322,0.7,0.475,0.46835443037974683,0.5362318840579711,0.4305555555555556
421,2863104,3543.3,243,0.08672907948493958,0.8437988281249998,0.95,0.1772800087928772,-0.01783,0.41759,0.0,0.0227,0.01437,-0.62738,0.15215,0.00018,0.5275,0.41,0.0475,0.02,0.0425,0.46600690761948244,0.7040816326530612,0.45121951219512196,0.47297297297297297,0.5205479452054794,0.4383561643835616
422,2865152,3551.6,243,0.018611622974276543,0.8419921874999998,1.0,0.17714637517929077,-0.02294,0.51004,0.0,0.02005,0.01489,-0.62723,0.1457,0.00012,0.5175,0.415,0.0475,0.02,0.0475,0.45636520411313314,0.7052631578947368,0.4444444444444444,0.44155844155844154,0.5131578947368421,0.43661971830985913
423,2867200,3559.4,243,0.09029722213745117,0.8411376953124998,0.95,0.17710503935813904,-0.01875,0.30151,0.0,0.02082,0.01092,-0.6282,0.12949,0.00018,0.525,0.405,0.0475,0.0175,0.0525,0.46146334828961555,0.7096774193548387,0.45121951219512196,0.4625,0.5135135135135135,0.4507042253521127
424,2869248,3567.0,243,0.14054888486862183,0.8511962890624998,1.0,0.17708060145378113,-0.01679,0.47658,0.0,0.02308,0.01617,-0.62878,0.17783,0.00012,0.5375,0.39,0.05,0.0175,0.055,0.47362943457180023,0.7272727272727273,0.4578313253012048,0.44,0.5394736842105263,0.4626865671641791
425,2871296,3574.2,244,0.0650658905506134,0.8584228515624999,1.0,0.17691785097122192,-0.02149,0.6122,0.0,0.02343,0.01467,-0.62967,0.15322,0.00012,0.54,0.3825,0.05,0.0175,0.06,0.47670479173523617,0.7216494845360825,0.4691358024691358,0.47435897435897434,0.5316455696202531,0.4461538461538462
426,2873344,3582.7,244,0.07086297869682312,0.8511718749999999,1.0,0.17670372128486633,-0.02017,0.3843,0.0,0.02237,0.01185,-0.63184,0.12939,0.00012,0.5425,0.38,0.0475,0.0175,0.06,0.48308778292737614,0.7272727272727273,0.47435897435897434,0.4936708860759494,0.5256410256410257,0.42424242424242425
427,2875392,3591.1,244,0.06316453963518143,0.846240234375,1.0,0.1765373945236206,-0.01973,0.52969,0.0,0.02495,0.00991,-0.6341,0.1084,0.00018,0.54,0.385,0.05,0.0175,0.0575,0.4788923366114919,0.7419354838709677,0.48717948717948717,0.475,0.525,0.42028985507246375
428,2877440,3599.0,244,0.11982319504022598,0.8479736328124999,1.0,0.1764892339706421,-0.02176,0.4374,0.0,0.0237,0.01779,-0.63554,0.17256,8e-05,0.545,0.385,0.0525,0.0125,0.0575,0.48212308860252906,0.7204301075268817,0.5,0.5,0.5301204819277109,0.42424242424242425
429,2879488,3606.9,244,0.09751372039318085,0.8507812499999998,1.0,0.1763751208782196,-0.02025,0.35437,0.0,0.02449,0.01454,-0.63609,0.17285,5e-05,0.5475,0.3775,0.055,0.015,0.06,0.4887292548383682,0.723404255319149,0.4936708860759494,0.4875,0.5432098765432098,0.4393939393939394
430,2881536,3615.7,244,0.13291531801223755,0.8561767578124998,1.0,0.17617087066173553,-0.01238,0.52817,0.0,0.02258,0.00704,-0.63779,0.08887,0.00012,0.5625,0.3575,0.0525,0.015,0.065,0.50479667608005,0.7362637362637363,0.5119047619047619,0.5238095238095238,0.5542168674698795,0.43103448275862066
431,2883584,3624.3,244,0.11769545823335648,0.8629150390624998,1.0,0.1758573353290558,-0.01632,0.49356,0.0,0.0208,0.01106,-0.641,0.12119,0.00018,0.5675,0.3575,0.0525,0.0125,0.0625,0.5114264925509305,0.7422680412371134,0.5064935064935064,0.5308641975308642,0.5529411764705883,0.43333333333333335
432,2885632,3632.2,244,0.11189821362495422,0.8641357421874998,1.0,0.17567628622055054,-0.02005,0.32743,0.0,0.01896,0.02059,-0.64413,0.1834,8e-05,0.57,0.355,0.0475,0.0125,0.0625,0.517138034664835,0.75,0.5194805194805194,0.5238095238095238,0.5662650602409639,0.4166666666666667
433,2887680,3642.0,243,0.14387476444244385,0.8662597656249998,1.0,0.17581358551979065,-0.02028,0.52683,0.0,0.01975,0.01047,-0.64448,0.11104,0.00012,0.58,0.35,0.045,0.0125,0.0575,0.5300695695157331,0.7604166666666666,0.5194805194805194,0.5421686746987951,0.5813953488372093,0.41379310344827586
434,2889728,3651.2,243,0.09769093990325928,0.8669921875,1.0,0.17586879432201385,-0.01758,0.5664,0.0,0.01913,0.01215,-0.64338,0.13105,0.00012,0.5775,0.355,0.05,0.01,0.0575,0.5244320184780007,0.7444444444444445,0.5185185185185185,0.5365853658536586,0.5842696629213483,0.4482758620689655
435,2891776,3659.3,243,0.1413884460926056,0.8629394531249999,1.0,0.17570456862449646,-0.01506,0.57518,0.0,0.01907,0.01025,-0.64389,0.10312,0.00018,0.5775,0.355,0.0475,0.0125,0.055,0.5286775388537692,0.7555555555555555,0.524390243902439,0.5308641975308642,0.5647058823529412,0.46774193548387094
436,2893824,3668.8,243,0.10570494085550308,0.8621826171874998,1.0,0.17573775351047516,-0.01973,0.56882,0.0,0.0186,0.0144,-0.64519,0.16475,0.00018,0.5825,0.35,0.045,0.0125,0.055,0.5347720382829924,0.7526881720430108,0.5,0.5517241379310345,0.575,0.48333333333333334
437,2895872,3678.7,243,0.0330936461687088,0.8598876953124999,1.0,0.1755141168832779,-0.02065,0.65056,0.0,0.02333,0.01289,-0.64571,0.14453,0.00018,0.565,0.37,0.0425,0.0125,0.0525,0.5187669222639792,0.7204301075268817,0.5060240963855421,0.5180722891566265,0.5569620253164557,0.4838709677419355
438,2897920,3687.2,243,0.11388062685728073,0.8549316406249999,1.0,0.17555329203605652,-0.0159,0.60269,0.0,0.02187,0.01511,-0.6476,0.16299,0.00018,0.5725,0.36,0.045,0.015,0.0525,0.5253314756446079,0.7222222222222222,0.5421686746987951,0.5060240963855421,0.5802469135802469,0.47619047619047616
439,2899968,3695.1,243,0.11070302128791809,0.8621582031249998,1.0,0.17535966634750366,-0.02038,0.47487,0.0,0.02142,0.01325,-0.64748,0.14619,0.00018,0.5825,0.355,0.0425,0.0125,0.05,0.5323090019928759,0.7333333333333333,0.5783132530120482,0.5301204819277109,0.5769230769230769,0.45454545454545453
440,2902016,3703.3,243,0.061799339950084686,0.8658203124999998,1.0,0.17554086446762085,-0.01777,0.61905,0.0,0.02349,0.01194,-0.64906,0.129,0.00018,0.5825,0.3575,0.05,0.0125,0.0475,0.5321300269450606,0.7222222222222222,0.5930232558139535,0.5301204819277109,0.5866666666666667,0.4393939393939394
441,2904064,3711.7,243,0.06088222190737724,0.8520019531249998,1.0,0.17580360174179077,-0.01828,0.45277,0.0,0.02002,0.01609,-0.6456,0.1668,0.00012,0.585,0.3575,0.0425,0.015,0.0425,0.5350739111130776,0.6836734693877551,0.5813953488372093,0.5679012345679012,0.6376811594202898,0.4090909090909091
442,2906112,3719.8,243,0.14854779839515686,0.8596191406249998,1.0,0.17600280046463013,-0.01962,0.31648,0.0,0.01982,0.01257,-0.64306,0.13965,0.00012,0.5925,0.355,0.0425,0.015,0.0375,0.5440197714626721,0.7040816326530612,0.5813953488372093,0.575,0.6285714285714286,0.42424242424242425
443,2908160,3727.8,243,0.11822085827589035,0.8745361328124999,1.0,0.17607802152633667,-0.0206,0.30921,0.0,0.02135,0.01315,-0.64121,0.14639,0.00018,0.5925,0.3575,0.04,0.0125,0.0375,0.5419222332221787,0.6989247311827957,0.5764705882352941,0.5925925925925926,0.6164383561643836,0.4411764705882353
444,2910208,3735.4,243,0.13855311274528503,0.8767089843749999,1.0,0.17590555548667908,-0.02051,0.6034,0.0,0.01942,0.01415,-0.64152,0.15723,0.00012,0.6,0.355,0.04,0.0125,0.0325,0.546243130594356,0.711340206185567,0.5697674418604651,0.5769230769230769,0.6376811594202898,0.4714285714285714
445,2912256,3744.3,243,0.11206608265638351,0.8753662109374999,1.0,0.17576077580451965,-0.01785,0.63474,0.0,0.02109,0.00982,-0.64377,0.10596,0.00018,0.6025,0.3475,0.0375,0.015,0.035,0.5473241995983819,0.711340206185567,0.5581395348837209,0.6052631578947368,0.6428571428571429,0.4647887323943662
446,2914304,3752.2,243,0.12796244025230408,0.87529296875,1.0,0.175725057721138,-0.01635,0.69002,0.0,0.02282,0.01365,-0.64503,0.14766,0.00027,0.595,0.35,0.0375,0.015,0.04,0.5435033050343369,0.7070707070707071,0.5542168674698795,0.5733333333333334,0.6571428571428571,0.4520547945205479
447,2916352,3760.7,243,0.12179453670978546,0.8692626953124999,1.0,0.17562884092330933,-0.02144,0.67874,0.0,0.02233,0.01851,-0.64495,0.19365,0.00012,0.5975,0.35,0.035,0.0125,0.04,0.5431532212937369,0.7070707070707071,0.5595238095238095,0.6351351351351351,0.6323529411764706,0.4266666666666667
448,2918400,3768.9,243,0.10930447280406952,0.8739013671874999,1.0,0.17540760338306427,-0.01617,0.41423,0.0,0.02324,0.00917,-0.64687,0.1042,0.00018,0.6025,0.355,0.0375,0.0125,0.03,0.5480772404482466,0.73,0.573170731707317,0.6111111111111112,0.6338028169014085,0.4266666666666667
449,2920448,3776.9,243,0.06848151981830597,0.8858642578125,1.0,0.17512765526771545,-0.02284,0.27846,0.0,0.02423,0.01456,-0.65013,0.15918,0.00012,0.6025,0.3575,0.0375,0.015,0.0275,0.5473521743341304,0.7326732673267327,0.5421686746987951,0.6164383561643836,0.6470588235294118,0.44
450,2922496,3784.8,243,0.07381421327590942,0.8893798828124999,1.0,0.17506428062915802,-0.01952,0.41017,0.0,0.02469,0.01563,-0.65237,0.1375,0.00012,0.595,0.3625,0.04,0.015,0.03,0.5373521165445119,0.71875,0.5529411764705883,0.618421052631579,0.6376811594202898,0.4189189189189189
451,2924544,3793.1,244,0.050986453890800476,0.8829345703124999,1.0,0.1748565435409546,-0.01777,0.42812,0.0,0.02562,0.00876,-0.65337,0.09688,0.00018,0.59,0.3675,0.045,0.015,0.03,0.5330484691277914,0.7216494845360825,0.5465116279069767,0.6081081081081081,0.6231884057971014,0.4189189189189189
452,2926592,3800.7,244,0.11710201948881149,0.8825683593749999,1.0,0.17459745705127716,-0.01994,0.29252,0.0,0.02583,0.0172,-0.65679,0.17158,8e-05,0.59,0.3675,0.0475,0.015,0.03,0.5322928494177545,0.7127659574468085,0.5747126436781609,0.5833333333333334,0.625,0.4266666666666667
453,2928640,3809.1,244,0.08629117906093597,0.8872802734374998,1.0,0.1745469868183136,-0.0166,0.56628,0.0,0.02129,0.00929,-0.65829,0.10684,0.00018,0.59,0.3675,0.05,0.0175,0.0275,0.5341080800583685,0.71875,0.5955056179775281,0.5694444444444444,0.6231884057971014,0.40540540540540543
454,2930688,3816.8,244,0.06490429490804672,0.88671875,1.0,0.17414134740829468,-0.0241,0.30334,0.0,0.02335,0.0152,-0.66055,0.16279,0.00012,0.595,0.3575,0.0475,0.02,0.03,0.5406360574622241,0.7070707070707071,0.6190476190476191,0.5833333333333334,0.6197183098591549,0.40540540540540543
455,2932736,3825.3,244,0.049658387899398804,0.8819824218749999,1.0,0.17423929274082184,-0.01544,0.65483,0.0,0.02207,0.00862,-0.66334,0.10176,0.00018,0.5875,0.365,0.0525,0.015,0.035,0.5284786717624492,0.7244897959183674,0.6144578313253012,0.5735294117647058,0.5974025974025974,0.3783783783783784
456,2934784,3832.9,244,0.13107693195343018,0.8825439453124999,1.0,0.17432734370231628,-0.02004,0.4045,0.0,0.02172,0.01741,-0.66152,0.17031,0.00012,0.59,0.3625,0.05,0.015,0.035,0.5312257263867369,0.7244897959183674,0.6341463414634146,0.5735294117647058,0.5844155844155844,0.38666666666666666
457,2936832,3840.7,244,0.0954417884349823,0.8797363281249999,1.0,0.17425751686096191,-0.01648,0.59008,0.0,0.02218,0.01129,-0.66171,0.14209,0.00018,0.5925,0.3525,0.0525,0.015,0.0425,0.5324140677354893,0.7171717171717171,0.625,0.6029411764705882,0.5897435897435898,0.38666666666666666
458,2938880,3848.5,244,0.10958638787269592,0.8766845703124999,1.0,0.1741248369216919,-0.01707,0.59918,0.0,0.02282,0.0138,-0.66323,0.15781,0.00027,0.5925,0.36,0.05,0.0125,0.0375,0.5340233721523042,0.7216494845360825,0.6024096385542169,0.6119402985074627,0.575,0.410958904109589
459,2940928,3856.6,244,0.06850030273199081,0.8731933593749999,1.0,0.17435160279273987,-0.01842,0.66665,0.0,0.02614,0.02313,-0.66294,0.21055,0.00012,0.5825,0.365,0.0475,0.0175,0.0375,0.5251858343798037,0.7340425531914894,0.5925925925925926,0.5735294117647058,0.5465116279069767,0.4225352112676056
460,2942976,3863.9,244,0.08193027973175049,0.8653808593749999,1.0,0.17455649375915527,-0.0147,0.81299,0.0,0.02527,0.00795,-0.6605,0.09932,0.00018,0.595,0.3525,0.04,0.015,0.04,0.5364259804942797,0.7717391304347826,0.5853658536585366,0.582089552238806,0.5444444444444444,0.4492753623188406
461,2945024,3871.7,244,0.13211248815059662,0.8598876953124999,1.0,0.17455466091632843,-0.0202,0.58696,0.0,0.02735,0.01309,-0.65873,0.14971,0.00018,0.585,0.365,0.04,0.015,0.0375,0.5283123119279176,0.7717391304347826,0.575,0.5633802816901409,0.5444444444444444,0.417910447761194
462,2947072,3879.4,244,0.032130345702171326,0.859619140625,1.0,0.17437496781349182,-0.01425,0.54909,0.0,0.024,0.01431,-0.66015,0.14414,0.00012,0.5725,0.38,0.0375,0.015,0.035,0.5177542441782046,0.7582417582417582,0.5833333333333334,0.5362318840579711,0.5454545454545454,0.38235294117647056
463,2949120,3887.5,244,0.11613759398460388,0.8531982421874998,1.0,0.17434920370578766,-0.01631,0.4353,0.0,0.02723,0.0101,-0.66125,0.11797,0.00018,0.5675,0.38,0.035,0.015,0.04,0.5124776789094737,0.7471264367816092,0.5813953488372093,0.5428571428571428,0.550561797752809,0.36764705882352944
464,2951168,3895.5,244,0.07887353003025055,0.8547363281249998,1.0,0.17423832416534424,-0.02044,0.6319,0.0,0.02454,0.01432,-0.66201,0.16289,0.00018,0.565,0.3825,0.0375,0.015,0.04,0.5079902775548578,0.7111111111111111,0.6,0.5277777777777778,0.5517241379310345,0.3787878787878788
465,2953216,3903.3,244,0.15282250940799713,0.8619628906249999,1.0,0.17398059368133545,-0.01759,0.58574,0.0,0.02268,0.01569,-0.66409,0.1666,8e-05,0.5775,0.3775,0.0375,0.0125,0.035,0.5175698471371266,0.7045454545454546,0.6222222222222222,0.5147058823529411,0.5795454545454546,0.4090909090909091
466,2955264,3911.4,244,0.09350185841321945,0.8611328124999998,1.0,0.17392385005950928,-0.01715,0.65645,0.0,0.02425,0.00723,-0.66599,0.08555,0.00012,0.575,0.375,0.0425,0.015,0.0375,0.5153629152067093,0.7078651685393258,0.5934065934065934,0.5076923076923077,0.5714285714285714,0.4375
467,2957312,3919.4,244,0.12096504867076874,0.8578369140624997,1.0,0.17382921278476715,-0.01652,0.65196,0.0,0.02338,0.00848,-0.66669,0.09473,0.00018,0.5675,0.375,0.0425,0.015,0.045,0.509845341488636,0.7111111111111111,0.5909090909090909,0.47692307692307695,0.5666666666666667,0.43283582089552236
468,2959360,3927.6,244,0.08483074605464935,0.8544677734374999,1.0,0.17345364391803741,-0.02052,0.74512,0.0,0.02814,0.01532,-0.66899,0.1498,0.00018,0.555,0.385,0.0425,0.015,0.045,0.5001109805677842,0.6923076923076923,0.6,0.45,0.5483870967741935,0.4225352112676056
469,2961408,3935.4,244,0.07153455913066864,0.8558837890624998,1.0,0.17331722378730774,-0.02121,0.48393,0.0,0.02722,0.0157,-0.6727,0.16377,0.00018,0.565,0.375,0.035,0.015,0.045,0.5076962011423035,0.7127659574468085,0.5975609756097561,0.45901639344262296,0.5795454545454546,0.41333333333333333
470,2963456,3943.7,244,0.08921235799789429,0.8580078124999999,1.0,0.17318129539489746,-0.02052,0.51922,0.0,0.0288,0.01536,-0.67382,0.15361,0.00012,0.555,0.38,0.035,0.0175,0.05,0.49670627047943255,0.6956521739130435,0.5822784810126582,0.47692307692307695,0.5581395348837209,0.4230769230769231
471,2965504,3951.4,244,0.05931878089904785,0.8477539062499998,1.0,0.1731335073709488,-0.01707,0.73068,0.0,0.02474,0.00961,-0.67502,0.10898,0.00018,0.54,0.395,0.0325,0.0175,0.05,0.4810499285976418,0.7,0.5394736842105263,0.47761194029850745,0.5617977528089888,0.38461538461538464
472,2967552,3959.0,244,0.1357046365737915,0.8427001953124998,1.0,0.17296722531318665,-0.02251,0.40398,0.0,0.02186,0.01763,-0.67602,0.18447,0.00012,0.5475,0.3875,0.03,0.015,0.0525,0.4882657438910229,0.7159090909090909,0.55,0.46875,0.5617977528089888,0.4050632911392405
473,2969600,3967.1,244,0.12950748205184937,0.8489746093749999,1.0,0.17279355227947235,-0.01897,0.48899,0.0,0.02343,0.00962,-0.67831,0.10859,0.00018,0.5525,0.39,0.0325,0.015,0.045,0.4946657899423596,0.7045454545454546,0.5555555555555556,0.5074626865671642,0.5517241379310345,0.4155844155844156
474,2971648,3975.8,244,0.1381182074546814,0.8568847656249999,1.0,0.1726769655942917,-0.02028,0.49531,0.0,0.02464,0.01396,-0.67967,0.14736,0.00018,0.56,0.3825,0.035,0.015,0.045,0.5004306638244134,0.6931818181818182,0.5769230769230769,0.49206349206349204,0.5869565217391305,0.4177215189873418
475,2973696,3984.4,244,0.08471217006444931,0.86015625,1.0,0.17259186506271362,-0.01998,0.59557,0.0,0.02059,0.01485,-0.6809,0.14434,0.00012,0.56,0.385,0.035,0.0175,0.04,0.4999707759830255,0.7023809523809523,0.5921052631578947,0.463768115942029,0.6021505376344086,0.41025641025641024
476,2975744,3992.1,244,0.12599965929985046,0.8539306640624998,1.0,0.17251642048358917,-0.01962,0.67636,0.0,0.02696,0.01209,-0.68141,0.13779,0.00012,0.5625,0.3875,0.0375,0.015,0.0375,0.5024819016138664,0.7126436781609196,0.5733333333333334,0.47058823529411764,0.6404494382022472,0.38271604938271603
477,2977792,4000.8,244,0.10552241653203964,0.8573486328124998,0.95,0.17249855399131775,-0.01825,0.78087,0.0,0.02679,0.01068,-0.68215,0.11982,0.00018,0.56,0.3825,0.0425,0.0175,0.0425,0.5016045879228369,0.7093023255813954,0.5753424657534246,0.45714285714285713,0.6477272727272727,0.3855421686746988
478,2979840,4009.8,244,0.13131052255630493,0.855517578125,0.95,0.1722903847694397,-0.02175,0.42835,0.0,0.02956,0.01574,-0.683,0.17783,0.00012,0.5725,0.3725,0.0425,0.0175,0.04,0.5113552431489538,0.7241379310344828,0.5945945945945946,0.4626865671641791,0.6521739130434783,0.3875
479,2981888,4019.3,244,0.09453139454126358,0.8599853515624999,1.0,0.17213353514671326,-0.01768,0.50572,0.0,0.02221,0.01383,-0.68539,0.14727,0.00018,0.57,0.375,0.0475,0.0175,0.04,0.5029730349103723,0.7093023255813954,0.6027397260273972,0.45454545454545453,0.6630434782608695,0.3855421686746988
480,2983936,4028.4,244,0.10029931366443634,0.8644042968749999,0.95,0.17209254205226898,-0.02524,0.55473,0.0,0.02348,0.01782,-0.68692,0.18418,8e-05,0.58,0.3625,0.0475,0.02,0.04,0.5152891562637402,0.7209302325581395,0.6338028169014085,0.4722222222222222,0.6526315789473685,0.3815789473684211
481,2985984,4037.7,244,0.050237104296684265,0.862841796875,0.95,0.17216438055038452,-0.01546,0.5903,0.0,0.02466,0.0087,-0.68697,0.09355,0.00018,0.57,0.37,0.045,0.02,0.0425,0.5058258521858597,0.7159090909090909,0.6086956521739131,0.4657534246575342,0.6521739130434783,0.3717948717948718
482,2988032,4045.8,244,0.11487016826868057,0.8654541015625,0.95,0.17227962613105774,-0.02405,0.46254,0.0,0.02435,0.0132,-0.68562,0.16133,0.00018,0.575,0.365,0.0475,0.0225,0.04,0.5105390356429166,0.75,0.5915492957746479,0.47297297297297297,0.6521739130434783,0.379746835443038
483,2990080,4053.9,244,0.05268169194459915,0.8603515624999999,0.95,0.17225384712219238,-0.0242,0.72023,0.0,0.02478,0.01509,-0.6855,0.16523,0.00012,0.5525,0.3875,0.0575,0.0225,0.04,0.48957704609006186,0.7159090909090909,0.5857142857142857,0.4605263157894737,0.6179775280898876,0.35064935064935066
484,2992128,4062.1,244,0.05701197683811188,0.8512207031249999,0.95,0.17237766087055206,-0.01687,0.46901,0.0,0.02565,0.00908,-0.68476,0.11377,0.00018,0.5525,0.39,0.0575,0.02,0.04,0.48872059498110715,0.7011494252873564,0.6176470588235294,0.4358974358974359,0.6111111111111112,0.37662337662337664
485,2994176,4070.4,244,0.07069072127342224,0.8548828124999999,0.95,0.1722346991300583,-0.01828,0.45727,0.0,0.02545,0.01762,-0.68427,0.18457,8e-05,0.5525,0.3925,0.055,0.02,0.0375,0.4855305694131213,0.6976744186046512,0.6119402985074627,0.45,0.6136363636363636,0.379746835443038
486,2996224,4078.9,244,0.10369044542312622,0.8595214843749999,0.95,0.17204776406288147,-0.014,0.33131,0.0,0.02554,0.0093,-0.68644,0.10479,0.00012,0.5575,0.385,0.0525,0.02,0.04,0.49178886022135443,0.7023809523809523,0.6363636363636364,0.45569620253164556,0.6021505376344086,0.38461538461538464
487,2998272,4087.1,244,0.04434257373213768,0.8619384765625,0.95,0.17194677889347076,-0.01576,0.4198,0.0,0.02428,0.01065,-0.68817,0.1209,0.00018,0.555,0.385,0.0525,0.02,0.0425,0.48940825732928445,0.6941176470588235,0.6307692307692307,0.4691358024691358,0.5934065934065934,0.38461538461538464
488,3000320,4095.4,244,0.10326322168111801,0.86279296875,1.0,0.17180918157100677,-0.01798,0.30699,0.0,0.02113,0.01833,-0.68918,0.17979,8e-05,0.5575,0.3825,0.0525,0.02,0.0425,0.49147328131280077,0.6875,0.6376811594202898,0.49382716049382713,0.6063829787234043,0.35526315789473684
489,3002368,4104.1,244,0.08584674447774887,0.8645507812499998,1.0,0.17175130546092987,-0.01505,0.39117,0.0,0.01996,0.01136,-0.69059,0.13857,0.00012,0.56,0.3825,0.0525,0.0175,0.04,0.495268924142259,0.7037037037037037,0.6323529411764706,0.48148148148148145,0.625,0.33783783783783783
490,3004416,4112.2,244,0.049079641699790955,0.8617187499999999,1.0,0.17191863059997559,-0.01838,0.74774,0.0,0.02559,0.01485,-0.69037,0.1543,0.00012,0.56,0.3825,0.05,0.015,0.0425,0.49158845489699393,0.7,0.6142857142857143,0.49382716049382713,0.631578947368421,0.33783783783783783
491,3006464,4120.8,244,0.09480021148920059,0.8519287109374999,0.95,0.1720118373632431,-0.01818,0.66407,0.0,0.0227,0.00893,-0.68844,0.10635,0.00018,0.5575,0.3875,0.055,0.015,0.04,0.48828464679322603,0.6746987951807228,0.6231884057971014,0.4878048780487805,0.6304347826086957,0.35135135135135137
492,3008512,4130.2,244,0.0869828537106514,0.8486572265624999,0.95,0.17187882959842682,-0.02161,0.55451,0.0,0.02399,0.01765,-0.68833,0.17979,0.00012,0.54,0.3975,0.055,0.02,0.0425,0.4711137738893163,0.6506024096385542,0.581081081081081,0.4430379746835443,0.6483516483516484,0.3424657534246575
493,3010560,4138.4,244,0.11268686503171921,0.8513916015624998,0.95,0.17170721292495728,-0.01858,0.3728,0.0,0.02257,0.01179,-0.69022,0.13652,0.00012,0.5375,0.4025,0.0575,0.02,0.04,0.4673510219968926,0.6707317073170732,0.5844155844155844,0.4444444444444444,0.632183908045977,0.3287671232876712
494,3012608,4146.9,244,0.10222772508859634,0.8515136718749998,1.0,0.17152807116508484,-0.02206,0.48242,0.0,0.02404,0.0125,-0.69217,0.12959,0.00012,0.5425,0.3975,0.06,0.0175,0.0425,0.469042090491167,0.6785714285714286,0.6025641025641025,0.45121951219512196,0.6046511627906976,0.34285714285714286
495,3014656,4155.3,244,0.11319739371538162,0.8441894531249998,0.95,0.17151102423667908,-0.02169,0.58618,0.0,0.02538,0.00953,-0.69348,0.11338,0.00018,0.54,0.3975,0.0575,0.0175,0.045,0.46482065760573077,0.6823529411764706,0.6052631578947368,0.47560975609756095,0.5795454545454546,0.3188405797101449
496,3016704,4163.8,244,0.16938678920269012,0.8487792968749999,0.95,0.17148202657699585,-0.02074,0.34969,0.0,0.02119,0.01435,-0.69363,0.14688,0.00018,0.5575,0.3825,0.055,0.015,0.045,0.48160327017674814,0.6853932584269663,0.6388888888888888,0.5061728395061729,0.5795454545454546,0.34285714285714286
497,3018752,4171.6,244,0.12976109981536865,0.8558593749999999,1.0,0.17122259736061096,-0.01974,0.35544,0.0,0.02242,0.01382,-0.69507,0.1582,0.00012,0.55,0.39,0.0575,0.015,0.045,0.4722434518143909,0.6704545454545454,0.625,0.49382716049382713,0.5730337078651685,0.35714285714285715
498,3020800,4178.9,244,0.10851110517978668,0.8622802734374998,0.95,0.17109070718288422,-0.01935,0.33929,0.0,0.02329,0.00985,-0.69789,0.11641,0.00018,0.5525,0.385,0.0525,0.015,0.0475,0.4763807300389887,0.6781609195402298,0.6133333333333333,0.5058823529411764,0.5517241379310345,0.3787878787878788
499,3022848,4186.9,244,0.11665217578411102,0.8719238281249998,0.95,0.17101845145225525,-0.01943,0.38812,0.0,0.02131,0.01429,-0.69881,0.16484,0.00018,0.5625,0.3825,0.0525,0.0125,0.0425,0.48362920030393836,0.6956521739130435,0.6216216216216216,0.5121951219512195,0.5662650602409639,0.37681159420289856
500,3024896,4194.1,244,0.11928729712963104,0.8826904296874999,1.0,0.17050805687904358,-0.01772,0.5458,0.0,0.02335,0.01422,-0.70147,0.14404,0.00018,0.5725,0.37,0.0525,0.015,0.0425,0.49351347795308415,0.6989247311827957,0.6351351351351351,0.5063291139240507,0.5697674418604651,0.4117647058823529
501,3026944,4202.4,244,0.1338314563035965,0.8858886718749999,1.0,0.17026521265506744,-0.01782,0.62304,0.0,0.02424,0.01602,-0.70767,0.15225,0.00012,0.5775,0.37,0.05,0.0125,0.04,0.49924858315551085,0.7,0.6338028169014085,0.5180722891566265,0.5813953488372093,0.42857142857142855
502,3028992,4210.8,244,0.13204464316368103,0.8886718749999999,1.0,0.17018970847129822,-0.01882,0.66688,0.0,0.02538,0.01059,-0.70885,0.12119,0.00018,0.5975,0.3475,0.035,0.0125,0.0425,0.5155129719073851,0.7362637362637363,0.6351351351351351,0.5365853658536586,0.6071428571428571,0.43478260869565216
503,3031040,4220.0,244,0.08119304478168488,0.8917236328124999,1.0,0.1699870526790619,-0.02089,0.56387,0.0,0.02432,0.0151,-0.71051,0.16885,8e-05,0.5925,0.35,0.0375,0.0125,0.045,0.512776480533849,0.7391304347826086,0.6266666666666667,0.5375,0.6046511627906976,0.40298507462686567
504,3033088,4228.6,244,0.06900893896818161,0.8882812499999999,1.0,0.16981050372123718,-0.01655,0.67883,0.0,0.02186,0.01059,-0.71284,0.12285,0.00018,0.5875,0.3575,0.0375,0.015,0.04,0.5075796032786257,0.75,0.5822784810126582,0.5443037974683544,0.6190476190476191,0.3787878787878788
505,3035136,4237.0,244,0.0985308289527893,0.8895751953124998,1.0,0.16977332532405853,-0.02172,0.54432,0.0,0.02235,0.01343,-0.71421,0.1541,0.00018,0.59,0.3575,0.04,0.0125,0.04,0.507981711165652,0.7692307692307693,0.5783132530120482,0.5256410256410257,0.6341463414634146,0.3787878787878788
506,3037184,4246.3,244,0.08521382510662079,0.8857421874999998,1.0,0.16960029304027557,-0.02023,0.60111,0.0,0.02432,0.01727,-0.71526,0.17793,8e-05,0.5875,0.3625,0.0375,0.0125,0.0375,0.5062460925226229,0.75,0.5609756097560976,0.5526315789473685,0.6097560975609756,0.4117647058823529
507,3039232,4255.8,244,0.10081002116203308,0.8808593749999999,1.0,0.16958317160606384,-0.01412,0.8537,0.0,0.02327,0.00824,-0.71644,0.0999,0.00018,0.5825,0.3675,0.0375,0.0125,0.0375,0.4975444473872329,0.7391304347826086,0.573170731707317,0.5540540540540541,0.5662650602409639,0.43478260869565216
508,3041280,4263.9,244,0.11420825123786926,0.8758056640624998,1.0,0.16953134536743164,-0.02497,0.59026,0.0,0.02607,0.01549,-0.71639,0.16904,8e-05,0.5925,0.35,0.0325,0.02,0.0375,0.5096166361368814,0.7613636363636364,0.5783132530120482,0.5822784810126582,0.5853658536585366,0.4117647058823529
509,3043328,4273.5,244,0.09727488458156586,0.8736328124999999,1.0,0.16964919865131378,-0.01891,0.70388,0.0,0.0244,0.01159,-0.71645,0.12686,0.00018,0.5925,0.355,0.0375,0.02,0.0325,0.5089073126812181,0.7640449438202247,0.5975609756097561,0.5789473684210527,0.5813953488372093,0.3880597014925373
510,3045376,4281.0,244,0.08752311766147614,0.8729980468749998,1.0,0.16979852318763733,-0.01728,0.76201,0.0,0.02408,0.01307,-0.71438,0.14082,0.00012,0.5925,0.3575,0.0375,0.0175,0.0325,0.5090062426802512,0.7777777777777778,0.6,0.5714285714285714,0.5647058823529412,0.39705882352941174
511,3047424,4288.5,244,0.09685008227825165,0.8734619140625,1.0,0.1696668565273285,-0.0176,0.64801,0.0,0.02172,0.00741,-0.71448,0.09141,0.00018,0.5925,0.3575,0.0325,0.0175,0.0325,0.5119868743274982,0.7666666666666667,0.6144578313253012,0.5657894736842105,0.5542168674698795,0.4117647058823529
512,3049472,4296.7,244,0.04308793321251869,0.8658447265624999,1.0,0.16963669657707214,-0.0214,0.70044,0.0,0.02049,0.01155,-0.71607,0.13008,0.00018,0.5825,0.365,0.03,0.0225,0.03,0.5047214516137128,0.7640449438202247,0.5802469135802469,0.5675675675675675,0.5595238095238095,0.4027777777777778
513,3051520,4304.6,244,0.018566858023405075,0.8576171874999998,1.0,0.16990739107131958,-0.01987,0.45223,0.0,0.02183,0.01457,-0.71487,0.15996,0.00018,0.5775,0.3675,0.0325,0.025,0.03,0.5030773289802777,0.7701149425287356,0.5802469135802469,0.5694444444444444,0.5542168674698795,0.38961038961038963
514,3053568,4312.6,244,0.08244791626930237,0.8550537109374998,1.0,0.16992390155792236,-0.01909,0.54336,0.0,0.02229,0.01365,-0.71252,0.13926,0.00012,0.565,0.3775,0.035,0.025,0.0325,0.49062839486066495,0.7590361445783133,0.5595238095238095,0.5285714285714286,0.6024096385542169,0.3625
515,3055616,4320.2,244,0.10875867307186127,0.8489501953124998,0.95,0.16990536451339722,-0.01928,0.65414,0.0,0.02372,0.01068,-0.71323,0.12939,0.00018,0.5575,0.3875,0.0325,0.025,0.03,0.4875742854625797,0.7530864197530864,0.5568181818181818,0.5362318840579711,0.5897435897435898,0.35714285714285715
516,3057664,4328.3,244,0.09469333291053772,0.8545166015624999,0.95,0.16964930295944214,-0.01906,0.71697,0.0,0.02387,0.01399,-0.71431,0.15547,0.00012,0.5525,0.39,0.0325,0.025,0.0325,0.4827478570556502,0.7560975609756098,0.5421686746987951,0.5507246376811594,0.5822784810126582,0.3448275862068966
517,3059712,4336.6,244,0.10727614909410477,0.8584960937499999,0.95,0.16951751708984375,-0.01641,0.58573,0.0,0.02314,0.01457,-0.71718,0.16367,0.00012,0.5525,0.39,0.035,0.025,0.0325,0.4809963185926577,0.7530864197530864,0.5180722891566265,0.5441176470588235,0.6024096385542169,0.35294117647058826
518,3061760,4344.9,244,0.09354408085346222,0.8666015624999999,1.0,0.16937962174415588,-0.01971,0.57239,0.0,0.0225,0.01171,-0.71847,0.13301,0.00012,0.5425,0.4,0.0425,0.0225,0.035,0.47301502354402003,0.7435897435897436,0.5172413793103449,0.5285714285714286,0.5853658536585366,0.3493975903614458
519,3063808,4353.7,244,0.09402364492416382,0.8587646484374999,1.0,0.16925403475761414,-0.01538,0.55703,0.0,0.02498,0.0119,-0.72059,0.12793,0.00018,0.535,0.4075,0.045,0.0225,0.035,0.4679400666724951,0.7407407407407407,0.5057471264367817,0.5217391304347826,0.5802469135802469,0.32926829268292684
520,3065856,4361.9,244,0.11468479037284851,0.8644287109374997,1.0,0.16903182864189148,-0.01513,0.5649,0.0,0.02207,0.01232,-0.72201,0.13779,0.00027,0.5375,0.405,0.0475,0.025,0.0325,0.47237436905973285,0.717948717948718,0.5180722891566265,0.5294117647058824,0.5882352941176471,0.3488372093023256
521,3067904,4370.3,244,0.10963872075080872,0.8693359374999998,1.0,0.1688118577003479,-0.02411,0.4804,0.0,0.02166,0.01903,-0.72542,0.18926,0.00018,0.54,0.4025,0.045,0.025,0.0325,0.476883351780002,0.7368421052631579,0.5176470588235295,0.5352112676056338,0.5609756097560976,0.37209302325581395
522,3069952,4379.9,244,0.03663190081715584,0.8642333984374998,1.0,0.16887842118740082,-0.01931,0.41574,0.0,0.02597,0.01532,-0.72627,0.15078,0.00012,0.535,0.41,0.0525,0.0225,0.0325,0.4722254144172412,0.7368421052631579,0.5301204819277109,0.5205479452054794,0.5584415584415584,0.3626373626373626
523,3072000,4388.0,244,0.08611571788787842,0.8557128906249998,0.95,0.16878005862236023,-0.01774,0.46094,0.0,0.02224,0.01217,-0.72595,0.15205,0.00018,0.5325,0.415,0.055,0.0225,0.03,0.47084807777193183,0.7027027027027027,0.5625,0.5263157894736842,0.55,0.35555555555555557
524,3074048,4396.6,244,0.10535180568695068,0.8574707031249998,0.95,0.16856440901756287,-0.01759,0.55997,0.0,0.02611,0.01855,-0.72811,0.18975,8e-05,0.54,0.4025,0.0525,0.025,0.0325,0.48015248914123343,0.7333333333333333,0.5529411764705883,0.49382716049382713,0.5641025641025641,0.37037037037037035
525,3076096,4405.5,244,0.09029944986104965,0.8547119140624998,1.0,0.16861718893051147,-0.01649,0.55659,0.0,0.024,0.00799,-0.72919,0.08506,0.00018,0.5375,0.405,0.0575,0.0275,0.03,0.4805131084259211,0.75,0.5465116279069767,0.4936708860759494,0.5584415584415584,0.35365853658536583
526,3078144,4415.1,244,0.08008704334497452,0.8584228515624999,1.0,0.16874125599861145,-0.02029,0.62307,0.0,0.02431,0.01353,-0.72804,0.14512,0.00018,0.54,0.4075,0.0625,0.02,0.0325,0.4847024212620316,0.75,0.5444444444444444,0.46835443037974683,0.5616438356164384,0.3717948717948718
527,3080192,4423.2,244,0.09433171153068542,0.8539550781249998,1.0,0.1688762605190277,-0.02274,0.46334,0.0,0.02529,0.01466,-0.72631,0.17236,0.00018,0.54,0.4075,0.06,0.02,0.0325,0.4868211104634533,0.7325581395348837,0.5632183908045977,0.4473684210526316,0.5571428571428572,0.38271604938271603
528,3082240,4430.8,244,0.1162032037973404,0.8497314453124999,1.0,0.16890572011470795,-0.02149,0.52096,0.0,0.02736,0.0146,-0.72541,0.16387,0.00012,0.54,0.405,0.0575,0.0175,0.0375,0.4840929604489095,0.7380952380952381,0.5529411764705883,0.44155844155844154,0.5405405405405406,0.4125
529,3084288,4439.1,244,0.07995553314685822,0.8518798828124998,1.0,0.1690116971731186,-0.01855,0.88296,0.0,0.02687,0.0093,-0.72506,0.09746,0.00027,0.5375,0.4075,0.06,0.0175,0.0375,0.48260101283133006,0.7176470588235294,0.5411764705882353,0.4805194805194805,0.5405405405405406,0.3924050632911392
530,3086336,4447.0,244,0.06407608091831207,0.8457763671874998,1.0,0.16905707120895386,-0.01886,0.47979,0.0,0.0289,0.0191,-0.72368,0.20645,0.00018,0.535,0.4075,0.06,0.015,0.0425,0.4782038341362508,0.7303370786516854,0.5357142857142857,0.45569620253164556,0.5277777777777778,0.39473684210526316
531,3088384,4455.7,244,0.07366818934679031,0.8424560546875,1.0,0.16890323162078857,-0.02121,0.49957,0.0,0.02743,0.01579,-0.7241,0.16475,0.00018,0.5375,0.405,0.0575,0.01,0.0475,0.4786983150177113,0.7045454545454546,0.5348837209302325,0.4691358024691358,0.527027027027027,0.4225352112676056
532,3090432,4464.2,244,0.14005355536937714,0.845751953125,1.0,0.16879916191101074,-0.02134,0.52255,0.0,0.02781,0.01526,-0.72608,0.16006,0.00018,0.5525,0.395,0.0525,0.01,0.0425,0.4923650851560018,0.7446808510638298,0.5529411764705883,0.4691358024691358,0.5138888888888888,0.4264705882352941
533,3092480,4472.4,244,0.10650666058063507,0.84892578125,1.0,0.16876637935638428,-0.02034,0.57708,0.0,0.02537,0.01306,-0.72701,0.13506,0.00018,0.5575,0.39,0.0525,0.01,0.0425,0.49475388733385545,0.7473684210526316,0.5340909090909091,0.4625,0.527027027027027,0.4603174603174603
534,3094528,4481.0,244,0.05361931025981903,0.8484374999999998,1.0,0.1686754822731018,-0.02144,0.51806,0.0,0.0254,0.01642,-0.72733,0.17734,8e-05,0.555,0.39,0.05,0.0125,0.0425,0.4935849983703826,0.7422680412371134,0.5172413793103449,0.4691358024691358,0.5142857142857142,0.47692307692307695
535,3096576,4489.1,244,0.0706012174487114,0.8521240234374998,1.0,0.1688578724861145,-0.01572,0.38243,0.0,0.02317,0.00816,-0.72723,0.09912,0.00012,0.5525,0.3925,0.05,0.0125,0.0425,0.4887507740399509,0.7346938775510204,0.5280898876404494,0.43209876543209874,0.5294117647058824,0.484375
536,3098624,4496.6,244,0.052995119243860245,0.8576904296874999,1.0,0.16890183091163635,-0.02111,0.39843,0.0,0.0219,0.01274,-0.72517,0.14209,0.00012,0.5525,0.3925,0.05,0.0125,0.0425,0.4912933693113463,0.7422680412371134,0.5444444444444444,0.45,0.5070422535211268,0.45161290322580644
537,3100672,4504.5,244,0.06502439081668854,0.8520507812499998,1.0,0.16882827877998352,-0.01993,0.562,0.0,0.02502,0.01354,-0.72593,0.1498,0.00012,0.5475,0.39,0.045,0.015,0.0475,0.48623951300761914,0.7326732673267327,0.5227272727272727,0.45454545454545453,0.4931506849315068,0.45901639344262296
538,3102720,4513.1,244,0.09539984166622162,0.8552246093749998,1.0,0.1687350571155548,-0.01811,0.57242,0.0,0.02275,0.01264,-0.72669,0.1291,0.00018,0.555,0.385,0.04,0.015,0.045,0.49073486112724507,0.7373737373737373,0.5393258426966292,0.4675324675324675,0.5135135135135135,0.4426229508196721
539,3104768,4521.3,244,0.0639631599187851,0.8599609374999999,1.0,0.1690041869878769,-0.01908,0.42046,0.0,0.02321,0.01374,-0.72662,0.14854,0.00018,0.55,0.3875,0.04,0.015,0.0475,0.4828445900116837,0.7575757575757576,0.5168539325842697,0.48148148148148145,0.5138888888888888,0.3898305084745763
540,3106816,4528.9,244,0.13098590075969696,0.8629394531249999,1.0,0.16901955008506775,-0.01891,0.29928,0.0,0.02435,0.0161,-0.72371,0.14414,0.00012,0.55,0.3875,0.04,0.015,0.0475,0.48436767160368943,0.75,0.532608695652174,0.48717948717948717,0.5,0.38333333333333336
541,3108864,4537.0,244,0.10262158513069153,0.8650634765624998,1.0,0.16883954405784607,-0.01993,0.53235,0.0,0.02766,0.01059,-0.72509,0.11357,0.00018,0.55,0.3875,0.0375,0.0175,0.045,0.4831250663465513,0.7307692307692307,0.5274725274725275,0.4805194805194805,0.5285714285714286,0.3793103448275862
542,3110912,4545.9,244,0.05283331125974655,0.8585937499999998,1.0,0.16859500110149384,-0.02164,0.4864,0.0,0.02345,0.01457,-0.72763,0.15361,0.00012,0.5525,0.38,0.0325,0.02,0.0475,0.48359121723488,0.7281553398058253,0.5161290322580645,0.5,0.5362318840579711,0.38181818181818183
543,3112960,4555.0,244,0.06972330063581467,0.8610351562499998,0.95,0.16866528987884521,-0.02123,0.49492,0.0,0.0262,0.01076,-0.72947,0.12197,0.00018,0.5475,0.375,0.0375,0.02,0.0575,0.4793523232413873,0.7373737373737373,0.4945054945054945,0.4875,0.5492957746478874,0.3898305084745763
544,3115008,4563.3,244,0.06740830838680267,0.8570068359374999,0.95,0.16869157552719116,-0.02142,0.87717,0.0,0.02508,0.013,-0.72832,0.13975,0.00018,0.5475,0.3825,0.04,0.0175,0.0525,0.4787014371449402,0.7211538461538461,0.4880952380952381,0.5061728395061729,0.5352112676056338,0.4
545,3117056,4572.1,244,0.10401047766208649,0.8508056640624999,1.0,0.1683979630470276,-0.01935,0.52132,0.0,0.02263,0.01099,-0.73005,0.12354,0.00027,0.545,0.3875,0.035,0.0175,0.05,0.4764058490434405,0.7156862745098039,0.47560975609756095,0.5060240963855421,0.5342465753424658,0.4166666666666667
546,3119104,4581.2,244,0.07038722932338715,0.8515380859374999,1.0,0.16850656270980835,-0.02287,0.67047,0.0,0.02554,0.02323,-0.73171,0.2124,8e-05,0.54,0.39,0.0325,0.02,0.05,0.4735923438980679,0.7171717171717171,0.4642857142857143,0.48148148148148145,0.5466666666666666,0.4262295081967213
547,3121152,4588.7,244,0.07731929421424866,0.8374511718749998,1.0,0.16865092515945435,-0.01767,0.5102,0.0,0.02299,0.00863,-0.72999,0.11475,0.00012,0.535,0.3925,0.0275,0.0225,0.05,0.47086844988862653,0.7291666666666666,0.43209876543209874,0.4819277108433735,0.5584415584415584,0.4126984126984127
548,3123200,4595.8,244,0.06165137514472008,0.8404052734374998,1.0,0.1685599386692047,-0.02047,0.2907,0.0,0.02162,0.00937,-0.72915,0.1168,0.00018,0.54,0.3875,0.03,0.0225,0.05,0.4749900153279521,0.7368421052631579,0.43037974683544306,0.4939759036144578,0.5949367088607594,0.375
549,3125248,4604.4,244,0.030608367174863815,0.8400634765624999,0.95,0.16827064752578735,-0.02323,0.47413,0.0,0.02316,0.01617,-0.73229,0.15898,0.00012,0.535,0.395,0.03,0.0225,0.0475,0.4683865669780921,0.7419354838709677,0.42857142857142855,0.4691358024691358,0.6125,0.3548387096774194
550,3127296,4613.0,244,0.06880935281515121,0.8385742187499998,0.95,0.16817203164100647,-0.02128,0.51933,0.0,0.02381,0.01234,-0.73394,0.15137,0.00018,0.5475,0.385,0.03,0.0225,0.045,0.4807158592958889,0.7666666666666667,0.43373493975903615,0.5128205128205128,0.6071428571428571,0.35384615384615387
551,3129344,4622.5,244,0.10323309898376465,0.8425781249999998,1.0,0.16822344064712524,-0.01966,0.44249,0.0,0.02103,0.01513,-0.7348,0.15996,0.00012,0.55,0.3825,0.03,0.0225,0.045,0.4838990669123877,0.7582417582417582,0.4125,0.5131578947368421,0.6235294117647059,0.38235294117647056
552,3131392,4631.3,244,0.012876424007117748,0.8335937499999999,0.95,0.16836658120155334,-0.01878,0.72472,0.0,0.02287,0.01045,-0.73307,0.1207,0.00027,0.525,0.4025,0.0375,0.0225,0.05,0.4628453874711738,0.7111111111111111,0.3902439024390244,0.5138888888888888,0.6046511627906976,0.35714285714285715
553,3133440,4639.6,244,0.0833405926823616,0.8261474609374999,0.95,0.16837705671787262,-0.02425,0.63662,0.0,0.02379,0.02051,-0.73167,0.2125,8e-05,0.5175,0.41,0.0425,0.02,0.0525,0.45685039680386735,0.6923076923076923,0.3717948717948718,0.5277777777777778,0.5882352941176471,0.36486486486486486
554,3135488,4647.8,244,0.0990428701043129,0.8296386718749998,0.95,0.1683880090713501,-0.01697,0.50561,0.0,0.02182,0.0071,-0.73174,0.08477,0.00018,0.5125,0.415,0.0425,0.02,0.0525,0.45513633982562646,0.6739130434782609,0.3815789473684211,0.5072463768115942,0.5955056179775281,0.35135135135135137
555,3137536,4656.8,244,0.06985989958047867,0.8250976562499999,0.95,0.1685226559638977,-0.01946,0.53836,0.0,0.02209,0.01414,-0.73105,0.13623,0.00018,0.51,0.4125,0.045,0.0275,0.05,0.4531252067444025,0.6770833333333334,0.36486486486486486,0.4857142857142857,0.5764705882352941,0.38666666666666666
556,3139584,4665.3,244,0.06477970629930496,0.8221191406249999,0.95,0.16854247450828552,-0.01955,0.51493,0.0,0.01961,0.01099,-0.72998,0.13037,0.00027,0.515,0.4125,0.0425,0.025,0.0475,0.46022663461522567,0.6956521739130435,0.38961038961038963,0.4657534246575342,0.5853658536585366,0.39473684210526316
557,3141632,4672.9,244,0.05168936774134636,0.8213623046874999,1.0,0.168429896235466,-0.01836,0.37082,0.0,0.01973,0.01635,-0.73096,0.16934,0.00018,0.51,0.4175,0.0425,0.025,0.0475,0.45722445166663617,0.6914893617021277,0.3684210526315789,0.4714285714285714,0.575,0.4
558,3143680,4680.7,244,0.05307457596063614,0.8201904296874999,1.0,0.16819602251052856,-0.01844,0.50162,0.0,0.01876,0.01309,-0.73291,0.1377,0.00018,0.505,0.4225,0.0425,0.025,0.0475,0.45165909697329426,0.6774193548387096,0.34615384615384615,0.4647887323943662,0.5875,0.41025641025641024
559,3145728,4688.1,244,0.052183590829372406,0.8182861328124997,1.0,0.16808554530143738,-0.01905,0.55034,0.0,0.0185,0.01574,-0.73523,0.15801,0.00018,0.5,0.4275,0.045,0.025,0.0475,0.4456856105243308,0.6736842105263158,0.34210526315789475,0.4626865671641791,0.5679012345679012,0.4074074074074074
560,3147776,4695.7,244,0.08947259187698364,0.8165039062499998,1.0,0.16785451769828796,-0.02344,0.4586,0.0,0.02228,0.01641,-0.73722,0.17402,8e-05,0.495,0.425,0.045,0.025,0.055,0.44259264480122423,0.6989247311827957,0.32432432432432434,0.4492753623188406,0.5487804878048781,0.4024390243902439
561,3149824,4703.2,244,0.13550540804862976,0.8158691406249998,0.95,0.16788899898529053,-0.01662,0.38733,0.0,0.0205,0.00697,-0.73834,0.07588,0.00018,0.5075,0.4175,0.045,0.02,0.055,0.4531988847568056,0.7083333333333334,0.3333333333333333,0.4461538461538462,0.5833333333333334,0.39759036144578314
562,3151872,4710.7,244,0.11722610890865326,0.8260986328124997,0.95,0.16816550493240356,-0.021,0.48287,0.0,0.02038,0.01794,-0.7365,0.17686,0.00012,0.5125,0.4175,0.045,0.02,0.05,0.4589687676410032,0.711340206185567,0.3698630136986301,0.43548387096774194,0.5903614457831325,0.38823529411764707
563,3153920,4718.3,244,0.11419439315795898,0.8307617187499998,0.95,0.16839763522148132,-0.02029,0.62075,0.0,0.02165,0.0115,-0.73354,0.12842,0.00018,0.525,0.4075,0.0425,0.0175,0.05,0.46934960296713774,0.6938775510204082,0.40789473684210525,0.4666666666666667,0.6024096385542169,0.39759036144578314
564,3155968,4726.0,244,0.009195903316140175,0.8336914062499998,0.95,0.16844937205314636,-0.02054,0.49711,0.0,0.02497,0.01137,-0.73182,0.12949,0.00027,0.515,0.4125,0.045,0.0175,0.055,0.46061788006283666,0.6767676767676768,0.4189189189189189,0.45161290322580644,0.6125,0.36470588235294116
565,3158016,4733.0,244,0.0036509830970317125,0.8252197265624999,0.95,0.16858530044555664,-0.02336,0.49533,0.0,0.02867,0.02139,-0.73077,0.20098,0.00012,0.5,0.4225,0.05,0.0175,0.06,0.446320109975201,0.6666666666666666,0.40540540540540543,0.46774193548387094,0.5569620253164557,0.36046511627906974
566,3160064,4740.9,245,0.08572055399417877,0.8273681640624999,0.95,0.16824308037757874,-0.01747,0.4201,0.0,0.03075,0.01062,-0.73151,0.12061,0.00018,0.52,0.405,0.0475,0.015,0.06,0.4636940803818396,0.6634615384615384,0.4225352112676056,0.5,0.5802469135802469,0.375
567,3162112,4749.0,245,0.06837160885334015,0.8318603515624998,0.95,0.16814181208610535,-0.0163,0.62749,0.0,0.03275,0.01364,-0.73516,0.14629,0.00018,0.5225,0.4075,0.0525,0.0125,0.0575,0.4640569129504259,0.6534653465346535,0.43243243243243246,0.5230769230769231,0.5769230769230769,0.3902439024390244
568,3164160,4757.0,245,0.05409001559019089,0.8255371093749999,0.95,0.16809050738811493,-0.02683,0.38438,0.0,0.0267,0.01387,-0.73511,0.15498,0.00018,0.5125,0.4175,0.0475,0.0125,0.0575,0.45609941849232327,0.6435643564356436,0.39473684210526316,0.5076923076923077,0.5657894736842105,0.4146341463414634
569,3166208,4765.1,245,0.07463139295578003,0.8248046874999999,0.95,0.16795065999031067,-0.01829,0.47136,0.0,0.02294,0.01578,-0.73632,0.16738,0.00018,0.5175,0.4075,0.0475,0.0125,0.0625,0.46237675914793697,0.6568627450980392,0.3974358974358974,0.515625,0.56,0.41975308641975306
570,3168256,4772.7,245,0.07984255999326706,0.8313720703124998,1.0,0.16788321733474731,-0.01433,0.28597,0.0,0.02095,0.01895,-0.73758,0.17881,8e-05,0.525,0.4,0.0425,0.0125,0.0625,0.46813363828525745,0.6571428571428571,0.4,0.5230769230769231,0.5466666666666666,0.45
571,3170304,4780.7,245,0.06382051855325699,0.8409912109375,1.0,0.16777557134628296,-0.01391,0.32218,0.0,0.02305,0.00795,-0.73864,0.09229,0.00012,0.525,0.3975,0.0425,0.0125,0.065,0.46900550090873794,0.6388888888888888,0.41333333333333333,0.5373134328358209,0.5555555555555556,0.4358974358974359
572,3172352,4788.4,245,0.0009521269239485264,0.8351562499999999,1.0,0.16790825128555298,-0.01837,0.46175,0.0,0.02432,0.01228,-0.73872,0.11572,0.00012,0.515,0.4075,0.0425,0.0125,0.065,0.46181313736464125,0.6346153846153846,0.42857142857142855,0.5142857142857142,0.5135135135135135,0.44
573,3174400,4795.8,245,0.07984563708305359,0.8314208984374999,1.0,0.16804569959640503,-0.01978,0.31037,0.0,0.02524,0.01112,-0.73675,0.12041,0.00012,0.5225,0.3925,0.0375,0.01,0.075,0.4662717785132539,0.66,0.4430379746835443,0.5142857142857142,0.5194805194805194,0.43243243243243246
574,3176448,4803.3,245,0.07724898308515549,0.8308105468749999,1.0,0.1682632863521576,-0.02094,0.57856,0.0,0.02887,0.0127,-0.73503,0.13145,0.00012,0.5275,0.3825,0.0375,0.0125,0.0775,0.47184194828015,0.6666666666666666,0.4430379746835443,0.5,0.5263157894736842,0.45714285714285713
575,3178496,4811.0,245,0.0876992791891098,0.8329345703124998,1.0,0.16818146407604218,-0.02207,0.33138,0.0,0.02478,0.01096,-0.73371,0.12061,0.00018,0.5325,0.3775,0.035,0.0125,0.0775,0.4763439032007783,0.6767676767676768,0.475,0.4805194805194805,0.5394736842105263,0.4411764705882353
576,3180544,4819.6,245,0.07313546538352966,0.8345214843749998,1.0,0.16808366775512695,-0.02325,0.42565,0.0,0.02401,0.02083,-0.73543,0.19736,8e-05,0.525,0.3825,0.035,0.0125,0.08,0.4698674921460871,0.673469387755102,0.46153846153846156,0.47435897435897434,0.5256410256410257,0.4411764705882353
577,3182592,4828.4,245,0.12346944212913513,0.8394287109374998,1.0,0.16805267333984375,-0.01638,0.41561,0.0,0.02274,0.00701,-0.73592,0.08418,0.00018,0.535,0.3725,0.035,0.01,0.0825,0.4771360587336688,0.6836734693877551,0.46987951807228917,0.5063291139240507,0.5342465753424658,0.43283582089552236
578,3184640,4835.9,245,0.09620029479265213,0.8440673828124998,1.0,0.16806435585021973,-0.02027,0.37452,0.0,0.0252,0.01484,-0.73578,0.15029,0.00018,0.545,0.3675,0.03,0.005,0.0825,0.487297881124785,0.6938775510204082,0.47560975609756095,0.5384615384615384,0.5540540540540541,0.4117647058823529
579,3186688,4843.3,245,0.09134171903133392,0.8503173828124998,1.0,0.16813424229621887,-0.0198,0.35102,0.0,0.02202,0.01584,-0.7355,0.16064,0.00012,0.545,0.3675,0.03,0.005,0.0825,0.48693971842645595,0.7040816326530612,0.5,0.5121951219512195,0.547945205479452,0.4
580,3188736,4852.1,245,0.06432798504829407,0.8442382812499998,1.0,0.1682298481464386,-0.01301,0.88646,0.0,0.02719,0.00776,-0.73447,0.08545,0.00018,0.5375,0.365,0.035,0.0075,0.09,0.4829832533247421,0.6947368421052632,0.49382716049382713,0.5116279069767442,0.5285714285714286,0.4117647058823529
581,3190784,4860.2,245,0.06890863180160522,0.8389404296874998,1.0,0.16816474497318268,-0.01708,0.38198,0.0,0.02539,0.01919,-0.73365,0.17363,0.00012,0.535,0.375,0.035,0.005,0.085,0.48273044952086186,0.7010309278350515,0.4880952380952381,0.4942528735632184,0.5223880597014925,0.4153846153846154
582,3192832,4868.9,245,0.09619884192943573,0.8336425781249998,1.0,0.1680852174758911,-0.01423,0.72955,0.0,0.03109,0.01089,-0.73533,0.12949,0.00018,0.53,0.38,0.035,0.01,0.08,0.47294705015867355,0.673469387755102,0.5,0.4883720930232558,0.5,0.4375
583,3194880,4876.8,245,0.1540098637342453,0.8312744140624998,1.0,0.16795122623443604,-0.02157,0.51489,0.0,0.02686,0.01655,-0.7365,0.16758,8e-05,0.5375,0.3775,0.03,0.01,0.075,0.4782488164256272,0.6836734693877551,0.47674418604651164,0.5057471264367817,0.5,0.4745762711864407
584,3196928,4884.9,245,0.09485675394535065,0.8384033203124999,1.0,0.1678687036037445,-0.01778,0.60374,0.0,0.0252,0.01074,-0.73774,0.11836,0.00012,0.535,0.3825,0.0275,0.01,0.0725,0.47525069972583833,0.7040816326530612,0.45348837209302323,0.4942528735632184,0.4857142857142857,0.4915254237288136
585,3198976,4892.0,245,0.11689846217632294,0.8380126953124998,0.95,0.1675327718257904,-0.02112,0.32624,0.0,0.0225,0.00957,-0.73961,0.12002,0.00018,0.5475,0.37,0.025,0.0125,0.07,0.48562379492311186,0.71875,0.4482758620689655,0.5057471264367817,0.4931506849315068,0.543859649122807
586,3201024,4899.8,245,0.126092791557312,0.8470214843749999,1.0,0.16734471917152405,-0.01738,0.55977,0.0,0.02651,0.01324,-0.74368,0.14258,0.00018,0.5575,0.365,0.0225,0.0125,0.065,0.4912421827469487,0.75,0.4588235294117647,0.5058823529411764,0.5070422535211268,0.5084745762711864
587,3203072,4908.9,245,0.06403546035289764,0.8415771484374999,1.0,0.16745175421237946,-0.02107,0.89048,0.0,0.02665,0.01393,-0.74381,0.15898,0.00012,0.54,0.3775,0.025,0.015,0.0675,0.47500579137596566,0.7551020408163265,0.4470588235294118,0.47674418604651164,0.4583333333333333,0.5084745762711864
588,3205120,4916.7,245,0.12106132507324219,0.8365722656249999,1.0,0.1674642562866211,-0.01933,0.65895,0.0,0.02736,0.01064,-0.74325,0.13486,0.00018,0.545,0.3725,0.0275,0.015,0.0675,0.4792450137984249,0.75,0.5,0.4827586206896552,0.43243243243243246,0.49122807017543857
589,3207168,4925.0,245,0.06676483154296875,0.8292968749999999,0.95,0.1675582379102707,-0.02228,0.42842,0.0,0.02284,0.01566,-0.74296,0.16973,0.00012,0.54,0.3825,0.0275,0.015,0.0625,0.4764110110741019,0.7450980392156863,0.4878048780487805,0.47191011235955055,0.43283582089552236,0.48333333333333334
590,3209216,4933.8,245,0.05844540148973465,0.8252929687499998,0.95,0.16772696375846863,-0.01658,0.50783,0.0,0.02163,0.00933,-0.74162,0.10908,0.00018,0.53,0.3975,0.0275,0.015,0.0575,0.46451294155550343,0.7448979591836735,0.47674418604651164,0.43529411764705883,0.4492753623188406,0.4838709677419355
591,3211264,4942.4,245,0.11774605512619019,0.8244873046874999,0.95,0.1678639054298401,-0.02386,0.53484,0.0,0.02275,0.01705,-0.73958,0.17344,0.00012,0.54,0.39,0.035,0.02,0.05,0.47433019858933306,0.7604166666666666,0.48314606741573035,0.4457831325301205,0.47058823529411764,0.484375
592,3213312,4949.7,245,0.07734081149101257,0.8222656249999998,0.95,0.16789406538009644,-0.01564,0.51757,0.0,0.02379,0.01115,-0.73863,0.12334,0.00018,0.54,0.395,0.0375,0.02,0.045,0.47404087086054303,0.7474747474747475,0.5,0.475,0.45588235294117646,0.44776119402985076
593,3215360,4957.9,245,0.12759198248386383,0.8252441406249998,1.0,0.16769303381443024,-0.02382,0.4932,0.0,0.02604,0.01774,-0.73911,0.16855,0.00012,0.55,0.3875,0.035,0.02,0.0425,0.4839107530720331,0.7551020408163265,0.47560975609756095,0.5357142857142857,0.4461538461538462,0.4647887323943662
594,3217408,4967.2,245,0.12664860486984253,0.8279785156249999,1.0,0.1675158143043518,-0.01925,0.6361,0.0,0.02559,0.00995,-0.74197,0.11768,0.00018,0.555,0.39,0.04,0.02,0.035,0.4892962187801003,0.7553191489361702,0.47619047619047616,0.5238095238095238,0.49230769230769234,0.4794520547945205
595,3219456,4975.2,245,0.08911262452602386,0.8292724609374998,0.9649999999999977,0.16755548119544983,-0.02205,0.55787,0.0,0.02807,0.01674,-0.74276,0.16475,8e-05,0.5525,0.385,0.04,0.025,0.0375,0.4856207335372072,0.75,0.4880952380952381,0.5238095238095238,0.4925373134328358,0.4657534246575342
596,3221504,4982.7,245,0.04517436772584915,0.8234863281249998,1.0,0.16761618852615356,-0.01572,0.62517,0.0,0.02321,0.00993,-0.74219,0.10547,0.00012,0.5425,0.3925,0.0425,0.025,0.04,0.47451882258224987,0.7204301075268817,0.48148148148148145,0.524390243902439,0.4925373134328358,0.45454545454545453
597,3223552,4989.8,245,0.07566003501415253,0.8244873046874999,1.0,0.16754448413848877,-0.01843,0.2923,0.0,0.02168,0.01028,-0.74193,0.12031,0.00012,0.545,0.3875,0.0425,0.025,0.0425,0.47502981203528977,0.7157894736842105,0.4625,0.5432098765432098,0.5072463768115942,0.4533333333333333
598,3225600,4997.3,245,0.061652734875679016,0.8260009765624998,1.0,0.1674790382385254,-0.01897,0.37511,0.0,0.02474,0.01334,-0.7434,0.14082,0.00018,0.5475,0.3875,0.0375,0.025,0.04,0.4774842552436526,0.723404255319149,0.46835443037974683,0.5308641975308642,0.52,0.4507042253521127
599,3227648,5005.1,245,0.02350251004099846,0.8263916015624999,0.95,0.16724243760108948,-0.02237,0.45355,0.0,0.02136,0.01499,-0.74466,0.17754,0.00018,0.545,0.3925,0.0375,0.025,0.0375,0.46897155482429276,0.7021276595744681,0.43902439024390244,0.5324675324675324,0.5584415584415584,0.45714285714285713
600,3229696,5012.6,245,0.06671469658613205,0.8259033203124998,1.0,0.167120099067688,-0.01968,0.52449,0.0,0.02424,0.01348,-0.74735,0.14131,0.00018,0.5425,0.39,0.035,0.0275,0.04,0.4683912175623184,0.7065217391304348,0.4523809523809524,0.5061728395061729,0.5733333333333334,0.4411764705882353
601,3231744,5020.2,245,0.06966745108366013,0.8226074218749999,1.0,0.16709263622760773,-0.02169,0.50265,0.0,0.02401,0.01482,-0.74803,0.15937,0.00012,0.55,0.3875,0.035,0.0225,0.04,0.4784645427078107,0.7204301075268817,0.4457831325301205,0.4878048780487805,0.5945945945945946,0.47058823529411764
602,3233792,5028.7,245,0.09617768973112106,0.8175292968749999,1.0,0.16714832186698914,-0.02133,0.4881,0.0,0.02626,0.00928,-0.74789,0.11035,0.00018,0.5325,0.395,0.0375,0.0275,0.045,0.4611577598424127,0.7171717171717171,0.4358974358974359,0.45454545454545453,0.5526315789473685,0.44285714285714284
603,3235840,5036.1,245,0.07056127488613129,0.8176757812499998,0.95,0.16716891527175903,-0.02198,0.55602,0.0,0.02736,0.01754,-0.74705,0.17158,8e-05,0.5325,0.3925,0.04,0.03,0.045,0.4634912063064198,0.7263157894736842,0.4430379746835443,0.4625,0.5333333333333333,0.4507042253521127
604,3237888,5044.6,245,0.059846941381692886,0.8137207031249998,0.95,0.16711321473121643,-0.01776,0.6221,0.0,0.02667,0.00892,-0.74752,0.10166,0.00018,0.52,0.4075,0.04,0.0275,0.045,0.4565078505367907,0.7291666666666666,0.4177215189873418,0.4444444444444444,0.547945205479452,0.4084507042253521
605,3239936,5052.8,245,0.07861606776714325,0.8095703124999998,0.95,0.16717389225959778,-0.02158,0.47891,0.0,0.02824,0.0164,-0.74762,0.15752,8e-05,0.5225,0.4,0.035,0.0275,0.05,0.4630943220798172,0.7319587628865979,0.42857142857142855,0.44155844155844154,0.5416666666666666,0.4142857142857143
606,3241984,5060.3,245,0.10571852326393127,0.8127441406249999,0.95,0.1671457439661026,-0.01816,0.36717,0.0,0.02661,0.00762,-0.74696,0.09639,0.00012,0.5275,0.395,0.0375,0.0275,0.05,0.46858946704687354,0.7373737373737373,0.4074074074074074,0.4567901234567901,0.5652173913043478,0.4142857142857143
607,3244032,5069.1,245,0.054685018956661224,0.8118164062499998,0.95,0.16709406673908234,-0.01654,0.93679,0.0,0.02807,0.01183,-0.7478,0.13242,0.00018,0.5275,0.39,0.0375,0.0325,0.05,0.46582740511999643,0.73,0.37349397590361444,0.475,0.5942028985507246,0.4117647058823529
608,3246080,5077.2,245,0.07549318671226501,0.8004150390624998,0.8999999999999999,0.16714605689048767,-0.01972,0.49744,0.0,0.02575,0.01577,-0.74767,0.1708,0.00012,0.5225,0.39,0.0375,0.035,0.0525,0.462974692167126,0.7395833333333334,0.375,0.46987951807228917,0.5774647887323944,0.4
609,3248128,5085.9,245,0.09725891053676605,0.8019042968749999,0.8999999999999999,0.16697581112384796,-0.0162,0.55578,0.0,0.02333,0.00984,-0.74813,0.11904,0.00018,0.5275,0.39,0.0325,0.03,0.0525,0.4663187767328557,0.7373737373737373,0.36363636363636365,0.47674418604651164,0.5915492957746479,0.40298507462686567
610,3250176,5093.9,245,0.06668829917907715,0.7984130859374998,0.8999999999999999,0.16665105521678925,-0.02322,0.5877,0.0,0.02518,0.01651,-0.75111,0.16758,0.00012,0.53,0.4,0.03,0.0275,0.0425,0.46822636803503526,0.7524752475247525,0.3333333333333333,0.47560975609756095,0.5972222222222222,0.417910447761194
611,3252224,5101.7,245,0.07721767574548721,0.7966308593749998,0.8999999999999999,0.16652023792266846,-0.01397,0.5669,0.0,0.02279,0.01204,-0.75404,0.15381,0.00018,0.5175,0.41,0.0325,0.0275,0.045,0.45716299350183925,0.7474747474747475,0.358974358974359,0.43902439024390244,0.581081081081081,0.3880597014925373
612,3254272,5109.2,245,0.10577306896448135,0.7989990234374997,0.8999999999999999,0.16620640456676483,-0.02244,0.38349,0.0,0.02129,0.01302,-0.75614,0.14805,0.00018,0.5125,0.41,0.035,0.03,0.0475,0.45045594966189656,0.7474747474747475,0.3670886075949367,0.4050632911392405,0.5897435897435898,0.36923076923076925
613,3256320,5116.9,245,0.15252485871315002,0.8117675781249999,0.95,0.1658785343170166,-0.02231,0.34647,0.0,0.02284,0.01372,-0.76013,0.1458,0.00018,0.5225,0.4025,0.03,0.025,0.05,0.4599875223843464,0.7523809523809524,0.3684210526315789,0.4358974358974359,0.5875,0.3442622950819672
614,3258368,5124.5,245,0.14697617292404175,0.8212890624999998,0.95,0.16573086380958557,-0.01946,0.46261,0.0,0.02789,0.01336,-0.76319,0.15479,0.00018,0.54,0.3925,0.03,0.025,0.0425,0.47893885207980136,0.7641509433962265,0.38461538461538464,0.4533333333333333,0.5925925925925926,0.38333333333333336
615,3260416,5131.6,245,0.1334662139415741,0.8334716796874999,0.95,0.16521304845809937,-0.02335,0.49773,0.0,0.02173,0.01411,-0.76625,0.14883,0.00018,0.5425,0.39,0.035,0.025,0.0425,0.4841084684984891,0.7706422018348624,0.3902439024390244,0.45714285714285713,0.5925925925925926,0.3620689655172414
616,3262464,5138.8,245,0.12841829657554626,0.8400878906249998,1.0,0.1650390326976776,-0.02372,0.31502,0.0,0.01995,0.01693,-0.77183,0.18262,0.00012,0.5475,0.38,0.0375,0.0275,0.045,0.4924224648050242,0.7876106194690266,0.4050632911392405,0.4714285714285714,0.5569620253164557,0.3559322033898305
617,3264512,5148.2,245,0.16244494915008545,0.8539794921874998,1.0,0.16486507654190063,-0.01695,0.48617,0.0,0.02239,0.01243,-0.77305,0.13535,0.00012,0.5675,0.3675,0.04,0.025,0.04,0.5120005470061199,0.8070175438596491,0.41333333333333333,0.5076923076923077,0.5764705882352941,0.36065573770491804
618,3266560,5156.4,245,0.11087372899055481,0.8561279296874997,1.0,0.16465912759304047,-0.01602,0.65856,0.0,0.02382,0.0124,-0.77566,0.14248,0.00018,0.57,0.36,0.04,0.025,0.045,0.5144012756838794,0.8103448275862069,0.4533333333333333,0.5076923076923077,0.5609756097560976,0.3387096774193548
619,3268608,5165.0,245,0.11977042257785797,0.8532958984374999,1.0,0.164541095495224,-0.02308,0.54796,0.0,0.02612,0.01608,-0.77798,0.17422,0.00012,0.5825,0.3575,0.0375,0.02,0.04,0.526815422317793,0.8165137614678899,0.47435897435897434,0.5285714285714286,0.5925925925925926,0.3548387096774194
620,3270656,5173.2,245,0.09588529169559479,0.8594726562499999,1.0,0.16432854533195496,-0.0214,0.25537,0.0,0.02219,0.01172,-0.77934,0.13184,0.00018,0.585,0.355,0.04,0.02,0.04,0.5257057325208921,0.8207547169811321,0.4810126582278481,0.5352112676056338,0.6103896103896104,0.3582089552238806
621,3272704,5181.5,245,0.07627706229686737,0.8631103515624998,1.0,0.16384166479110718,-0.02091,0.62523,0.0,0.02319,0.0148,-0.78397,0.16514,0.00018,0.595,0.345,0.04,0.02,0.04,0.5341219416400641,0.822429906542056,0.5,0.5571428571428572,0.6075949367088608,0.36363636363636365
622,3274752,5189.2,245,0.039640795439481735,0.8555419921874998,1.0,0.1635587513446808,-0.01779,0.776,0.0,0.02425,0.01484,-0.78894,0.16777,0.00018,0.59,0.35,0.0425,0.02,0.04,0.5262665678975221,0.8155339805825242,0.4936708860759494,0.5735294117647058,0.6,0.37142857142857144
623,3276800,5196.6,246,0.077769435942173,0.8514648437499999,1.0,0.16347111761569977,-0.02151,0.42202,0.0,0.02404,0.01775,-0.79167,0.16885,0.00012,0.595,0.3575,0.0425,0.0175,0.03,0.528772270039934,0.8217821782178217,0.48717948717948717,0.5571428571428572,0.6309523809523809,0.373134328358209
624,3278848,5204.6,246,0.08962488919496536,0.8540039062499999,1.0,0.16345082223415375,-0.01905,0.43987,0.0,0.02377,0.00952,-0.79219,0.11475,0.00018,0.595,0.355,0.0425,0.0175,0.0325,0.5263701661768885,0.8163265306122449,0.5,0.5555555555555556,0.6451612903225806,0.35294117647058826
625,3280896,5211.3,246,0.08713900297880173,0.8566162109375,1.0,0.1634155660867691,-0.02109,0.39326,0.0,0.02557,0.01766,-0.79254,0.16787,8e-05,0.6,0.35,0.04,0.0175,0.0325,0.5292113434844364,0.8210526315789474,0.5263157894736842,0.5692307692307692,0.6413043478260869,0.3611111111111111
626,3282944,5219.0,246,0.09346626698970795,0.8604492187499999,1.0,0.1634402871131897,-0.01589,0.68301,0.0,0.02406,0.00889,-0.79291,0.10742,0.00018,0.6175,0.335,0.04,0.0125,0.035,0.5437884665528315,0.8210526315789474,0.5584415584415584,0.6065573770491803,0.631578947368421,0.4027777777777778
627,3284992,5227.3,246,0.011359329335391521,0.8528076171874999,1.0,0.1635684072971344,-0.02039,0.78958,0.0,0.02647,0.01321,-0.79211,0.14678,0.00018,0.5975,0.3525,0.0425,0.0125,0.0375,0.5280984827751535,0.8131868131868132,0.5443037974683544,0.546875,0.6382978723404256,0.375
628,3287040,5235.0,246,0.08992168307304382,0.8408691406249998,1.0,0.16362443566322327,-0.02333,0.46275,0.0,0.02226,0.01571,-0.79073,0.17295,0.00012,0.605,0.345,0.0425,0.0125,0.0375,0.5373603874779073,0.8260869565217391,0.5365853658536586,0.5555555555555556,0.6521739130434783,0.38028169014084506
629,3289088,5243.2,246,0.08334677666425705,0.8366943359374999,1.0,0.16363948583602905,-0.0205,0.93105,0.0,0.02464,0.01113,-0.79033,0.11436,0.00018,0.6,0.35,0.04,0.0125,0.0375,0.5319253154462128,0.7912087912087912,0.5476190476190477,0.5396825396825397,0.6703296703296703,0.38028169014084506
630,3291136,5250.9,246,0.1250767707824707,0.8309326171874999,1.0,0.16350780427455902,-0.01915,0.65017,0.0,0.02168,0.01432,-0.79086,0.15957,0.00012,0.6075,0.3475,0.035,0.0125,0.0325,0.5379451861576746,0.8064516129032258,0.5348837209302325,0.5645161290322581,0.6818181818181818,0.38028169014084506
631,3293184,5258.6,246,0.11746395379304886,0.8404296874999998,1.0,0.1635148674249649,-0.02023,0.35249,0.0,0.02184,0.01066,-0.79193,0.11533,0.00018,0.6025,0.3525,0.035,0.0125,0.0325,0.5353993379316725,0.8043478260869565,0.5227272727272727,0.5625,0.6707317073170732,0.40540540540540543
632,3295232,5266.6,246,0.08002603054046631,0.8389404296874999,1.0,0.16351273655891418,-0.0194,0.75302,0.0,0.02813,0.01684,-0.79178,0.18076,0.00012,0.595,0.355,0.0425,0.015,0.035,0.5260148090915212,0.8043478260869565,0.5280898876404494,0.5303030303030303,0.654320987654321,0.4027777777777778
633,3297280,5274.9,246,0.09383485466241837,0.8367919921874999,1.0,0.16369277238845825,-0.01615,0.84967,0.0,0.02636,0.00959,-0.79123,0.11982,0.00018,0.5825,0.37,0.0425,0.015,0.0325,0.5123104231955206,0.8202247191011236,0.4883720930232558,0.5217391304347826,0.6419753086419753,0.4
634,3299328,5281.9,246,0.04928107187151909,0.8291015624999998,1.0,0.16382209956645966,-0.01886,1.02724,0.0,0.02358,0.0137,-0.78871,0.13584,0.00018,0.5575,0.4025,0.0425,0.0125,0.0275,0.49049748018657274,0.7901234567901234,0.4606741573033708,0.52,0.6447368421052632,0.379746835443038
635,3301376,5289.9,246,0.09647839516401291,0.8204833984374998,1.0,0.163985937833786,-0.02052,0.81679,0.0,0.02576,0.01461,-0.78752,0.16406,0.00018,0.54,0.415,0.045,0.0125,0.0325,0.4767620673055316,0.7532467532467533,0.43820224719101125,0.5512820512820513,0.5945945945945946,0.3902439024390244
636,3303424,5299.0,246,0.1402096152305603,0.8190185546874998,0.95,0.16396380960941315,-0.01883,0.73927,0.0,0.02521,0.01145,-0.78634,0.13721,0.00018,0.55,0.41,0.05,0.015,0.025,0.48643569880463583,0.76,0.43617021276595747,0.5641025641025641,0.6233766233766234,0.39473684210526316
637,3305472,5307.8,246,0.10650219023227692,0.8223632812499999,0.95,0.1641206443309784,-0.01986,0.91506,0.0,0.02944,0.01562,-0.78585,0.1541,8e-05,0.53,0.425,0.055,0.015,0.03,0.470821016727363,0.75,0.422680412371134,0.5342465753424658,0.5925925925925926,0.3698630136986301
638,3307520,5315.1,246,0.1116270124912262,0.8189453124999998,0.95,0.1641402542591095,-0.01733,0.63324,0.0,0.02493,0.00855,-0.78434,0.10449,0.00012,0.5375,0.42,0.05,0.0125,0.03,0.47596205677362186,0.7215189873417721,0.44,0.5205479452054794,0.6153846153846154,0.4
639,3309568,5322.7,246,0.0776774138212204,0.8204101562499998,0.95,0.16408807039260864,-0.01984,0.50288,0.0,0.02368,0.01585,-0.78466,0.17725,0.00012,0.5425,0.415,0.0525,0.0125,0.03,0.483570908808684,0.7349397590361446,0.4631578947368421,0.527027027027027,0.6052631578947368,0.375
640,3311616,5329.9,246,0.07294100522994995,0.8180175781249999,0.95,0.16391408443450928,-0.01551,0.6049,0.0,0.02154,0.01045,-0.78585,0.13047,0.00018,0.535,0.425,0.05,0.0125,0.0275,0.4778863709517892,0.7209302325581395,0.4639175257731959,0.5333333333333333,0.6,0.3472222222222222
641,3313664,5337.9,246,0.09878800809383392,0.8215576171874999,0.95,0.16394683718681335,-0.01729,0.4781,0.0,0.01803,0.01528,-0.78724,0.16309,0.00012,0.5375,0.4225,0.05,0.0125,0.0275,0.48217651629626046,0.7222222222222222,0.45454545454545453,0.5324675324675324,0.6060606060606061,0.35294117647058826
642,3315712,5345.3,246,0.06378733366727829,0.8185791015624999,0.95,0.1639067530632019,-0.01718,0.66288,0.0,0.02121,0.00932,-0.78709,0.10186,0.00027,0.525,0.4325,0.0525,0.0125,0.03,0.47429248522089457,0.7446808510638298,0.43434343434343436,0.5,0.5671641791044776,0.328125
643,3317760,5353.0,246,0.04941418394446373,0.8122314453124999,0.8999999999999999,0.16398140788078308,-0.01787,0.5427,0.0,0.02087,0.0149,-0.78726,0.14805,0.00018,0.5225,0.43,0.0525,0.015,0.0325,0.47275233676621015,0.7391304347826086,0.4329896907216495,0.49382716049382713,0.582089552238806,0.31746031746031744
644,3319808,5359.9,246,0.05787079036235809,0.8094238281249999,0.95,0.16429516673088074,-0.02475,0.55359,0.0,0.02174,0.01451,-0.78516,0.1542,0.00012,0.53,0.4275,0.05,0.0125,0.03,0.47742011811546303,0.7419354838709677,0.422680412371134,0.524390243902439,0.5909090909090909,0.3225806451612903
645,3321856,5367.0,246,0.10485559701919556,0.8121582031249999,0.95,0.1643528938293457,-0.01755,0.54711,0.0,0.02085,0.01105,-0.78286,0.12441,0.00012,0.535,0.42,0.05,0.0125,0.0325,0.47717419633762437,0.75,0.43157894736842106,0.5180722891566265,0.5915492957746479,0.3220338983050847
646,3323904,5374.6,246,0.11391633003950119,0.8123779296874998,0.95,0.1643553227186203,-0.01786,0.38967,0.0,0.01967,0.01068,-0.78273,0.1332,0.00018,0.54,0.4125,0.0625,0.0125,0.035,0.48314091573072504,0.7741935483870968,0.4157303370786517,0.5365853658536586,0.5694444444444444,0.34375
647,3325952,5382.9,246,0.08644452691078186,0.8162841796875,0.8999999999999999,0.1642647683620453,-0.02343,0.61705,0.0,0.02239,0.01377,-0.78342,0.13184,0.00012,0.5375,0.41,0.065,0.0125,0.04,0.4783993645170436,0.7666666666666667,0.4090909090909091,0.5294117647058824,0.56,0.3709677419354839
648,3328000,5390.5,246,0.09221012890338898,0.8155517578124999,0.95,0.16440990567207336,-0.01855,0.70816,0.0,0.02126,0.01026,-0.78332,0.11953,0.00012,0.52,0.4275,0.065,0.0125,0.04,0.4618877009860429,0.7411764705882353,0.42391304347826086,0.5060240963855421,0.5394736842105263,0.359375
649,3330048,5398.1,246,0.14823177456855774,0.8189941406249999,0.95,0.16439451277256012,-0.02198,0.39442,0.0,0.02245,0.01648,-0.78186,0.13936,8e-05,0.54,0.4125,0.0575,0.0075,0.04,0.4793179780506323,0.7441860465116279,0.4318181818181818,0.5301204819277109,0.5569620253164557,0.40625
650,3332096,5406.0,246,0.1298595368862152,0.8230224609374999,1.0,0.16443827748298645,-0.01794,0.5137,0.0,0.02261,0.00998,-0.7818,0.11455,0.00012,0.535,0.415,0.0575,0.01,0.04,0.4758023499628572,0.7058823529411765,0.449438202247191,0.5060240963855421,0.5714285714285714,0.42424242424242425
651,3334144,5414.3,246,0.08825424313545227,0.8252685546874998,1.0,0.16445976495742798,-0.02068,0.62494,0.0,0.02345,0.01151,-0.78106,0.12471,0.00012,0.5425,0.4075,0.055,0.0075,0.0425,0.4814219516560058,0.7126436781609196,0.46511627906976744,0.5061728395061729,0.5657894736842105,0.44285714285714284
652,3336192,5422.0,246,0.0790487676858902,0.8213867187499999,1.0,0.1645449846982956,-0.02076,0.48419,0.0,0.02127,0.01166,-0.78051,0.13105,0.00018,0.5475,0.4,0.055,0.01,0.0425,0.4863496046734831,0.7294117647058823,0.47126436781609193,0.5,0.5641025641025641,0.4583333333333333
653,3338240,5429.9,246,0.1372321993112564,0.8200439453124998,0.95,0.16471394896507263,-0.02201,0.3942,0.0,0.02521,0.01831,-0.77859,0.17402,8e-05,0.56,0.3825,0.0525,0.0125,0.045,0.4957538481772517,0.75,0.4888888888888889,0.4666666666666667,0.5769230769230769,0.4927536231884058
654,3340288,5437.3,246,0.07945995777845383,0.8200439453124998,0.95,0.1647546887397766,-0.01607,0.80797,0.0,0.02579,0.01041,-0.77745,0.11797,0.00012,0.5525,0.39,0.0475,0.0125,0.045,0.48808691477930183,0.7386363636363636,0.5,0.4473684210526316,0.5866666666666667,0.4657534246575342
655,3342336,5445.9,246,0.0683729276061058,0.8175292968749999,0.95,0.16476210951805115,-0.01636,0.52593,0.0,0.02528,0.01298,-0.77711,0.14756,0.00012,0.555,0.395,0.0525,0.01,0.04,0.49092480566718405,0.7419354838709677,0.4827586206896552,0.4473684210526316,0.5833333333333334,0.4861111111111111
656,3344384,5453.3,246,0.10537748038768768,0.8201660156249999,0.95,0.1647670567035675,-0.02146,0.28918,0.0,0.02365,0.01212,-0.77692,0.13057,0.00018,0.56,0.3875,0.0475,0.01,0.0425,0.4950800481256787,0.7446808510638298,0.46987951807228917,0.4430379746835443,0.6056338028169014,0.5068493150684932
657,3346432,5460.9,246,0.09178873896598816,0.8231201171874999,0.95,0.16464489698410034,-0.02442,0.35577,0.0,0.02382,0.01498,-0.77782,0.154,0.00018,0.5625,0.3825,0.0475,0.01,0.045,0.49734692619993337,0.7472527472527473,0.4691358024691358,0.4567901234567901,0.6,0.5194805194805194
658,3348480,5468.6,246,0.046019766479730606,0.8252929687499999,0.95,0.16449004411697388,-0.02138,0.37086,0.0,0.02482,0.01632,-0.77922,0.15908,0.00012,0.5625,0.3825,0.045,0.01,0.045,0.4965463152586977,0.75,0.46987951807228917,0.4430379746835443,0.6133333333333333,0.52
659,3350528,5476.5,246,0.10980556160211563,0.8246826171874999,0.95,0.16442817449569702,-0.01981,0.43901,0.0,0.02586,0.01169,-0.78065,0.12988,0.00018,0.5625,0.375,0.045,0.01,0.0525,0.49195704777596533,0.7282608695652174,0.4578313253012048,0.4533333333333333,0.6103896103896104,0.5342465753424658
660,3352576,5484.4,246,0.09842556715011597,0.8286621093749998,0.95,0.16439318656921387,-0.02375,0.64249,0.0,0.02736,0.01673,-0.7813,0.18135,0.00012,0.56,0.375,0.045,0.0125,0.0525,0.49228587423243353,0.7444444444444445,0.4588235294117647,0.4444444444444444,0.6103896103896104,0.5131578947368421
661,3354624,5492.1,246,0.02902713604271412,0.8213378906249997,0.95,0.16428646445274353,-0.02006,0.5706,0.0,0.02682,0.0087,-0.78213,0.09932,0.00018,0.555,0.3825,0.045,0.0125,0.05,0.4866580260852577,0.7241379310344828,0.4588235294117647,0.48,0.6351351351351351,0.46835443037974683
662,3356672,5500.0,247,0.08846072852611542,0.8148681640625,0.95,0.1643795520067215,-0.02175,0.57659,0.0,0.02661,0.01271,-0.78263,0.14199,0.00018,0.56,0.385,0.045,0.01,0.045,0.4896899599483469,0.7362637362637363,0.4642857142857143,0.47297297297297297,0.6388888888888888,0.46835443037974683
663,3358720,5507.8,247,0.08269984275102615,0.8211425781249999,0.95,0.16437184810638428,-0.02375,0.33718,0.0,0.0249,0.01553,-0.78167,0.16162,0.00012,0.57,0.37,0.05,0.0125,0.0475,0.4996638775904286,0.7526881720430108,0.5,0.4857142857142857,0.6301369863013698,0.4523809523809524
664,3360768,5515.0,247,0.05611511692404747,0.8234619140624999,0.95,0.16434061527252197,-0.0209,0.33385,0.0,0.02567,0.01172,-0.78204,0.1332,0.00018,0.565,0.37,0.05,0.015,0.05,0.49508434291606807,0.7473684210526316,0.5,0.4931506849315068,0.5942028985507246,0.4588235294117647
665,3362816,5522.1,247,0.08006426692008972,0.8261474609374998,0.95,0.1642775535583496,-0.0193,0.44748,0.0,0.02383,0.01858,-0.78272,0.18018,8e-05,0.57,0.37,0.045,0.015,0.045,0.49981548758715116,0.75,0.5125,0.5,0.5909090909090909,0.4642857142857143
666,3364864,5530.2,247,0.14268551766872406,0.8296630859374998,0.95,0.1641908586025238,-0.01681,0.40115,0.0,0.02306,0.00653,-0.78334,0.07783,0.00012,0.575,0.3625,0.035,0.015,0.0475,0.5043969314922291,0.7419354838709677,0.5238095238095238,0.49333333333333335,0.640625,0.4642857142857143
667,3366912,5538.8,247,0.04362841695547104,0.8328369140624998,0.95,0.16409194469451904,-0.02013,0.44692,0.0,0.02391,0.01235,-0.78436,0.13174,0.00018,0.5725,0.3675,0.035,0.015,0.045,0.5030956510150267,0.7446808510638298,0.5421686746987951,0.4722222222222222,0.640625,0.4482758620689655
668,3368960,5546.7,247,0.07832874357700348,0.8327148437499998,0.95,0.16395142674446106,-0.02411,0.48052,0.0,0.02281,0.01773,-0.78595,0.17725,8e-05,0.5725,0.365,0.0375,0.015,0.0475,0.5032731224090888,0.7708333333333334,0.5657894736842105,0.4473684210526316,0.6119402985074627,0.43529411764705883
669,3371008,5554.2,247,0.10672599077224731,0.8338623046874998,0.95,0.1637246310710907,-0.01618,0.33688,0.0,0.02624,0.00765,-0.78795,0.09453,0.00012,0.58,0.3575,0.0375,0.015,0.0475,0.507827825043702,0.7835051546391752,0.5584415584415584,0.44594594594594594,0.6338028169014085,0.43209876543209874
670,3373056,5562.1,247,0.07631789147853851,0.8426025390624998,0.95,0.16377368569374084,-0.01691,0.61818,0.0,0.02383,0.0116,-0.78984,0.11787,0.00018,0.5725,0.365,0.035,0.0125,0.05,0.5002686781966788,0.78125,0.5394736842105263,0.4605263157894737,0.6086956521739131,0.43373493975903615
671,3375104,5569.9,247,0.06803915649652481,0.8374267578124999,0.95,0.16406700015068054,-0.02223,0.42456,0.0,0.02328,0.0163,-0.78717,0.16631,0.00012,0.57,0.37,0.04,0.0125,0.0475,0.496023003860911,0.8085106382978723,0.5128205128205128,0.47368421052631576,0.5942028985507246,0.42168674698795183
672,3377152,5577.9,247,0.06131508946418762,0.8360839843749999,0.95,0.16403742134571075,-0.02172,0.62976,0.0,0.02603,0.01234,-0.78546,0.13965,0.00018,0.56,0.37,0.0425,0.0125,0.0575,0.48664964060421845,0.7978723404255319,0.5128205128205128,0.4675324675324675,0.5774647887323944,0.4
673,3379200,5585.7,247,0.06051022186875343,0.8314208984374998,0.95,0.16400504112243652,-0.02324,0.65574,0.0,0.02658,0.01543,-0.78645,0.17188,0.00012,0.55,0.38,0.0475,0.01,0.06,0.4781375610629266,0.7628865979381443,0.5131578947368421,0.47435897435897434,0.5797101449275363,0.375
674,3381248,5593.1,247,0.10082437098026276,0.8317382812499997,1.0,0.16375994682312012,-0.02092,0.27428,0.0,0.02401,0.0141,-0.78777,0.14854,8e-05,0.55,0.3825,0.045,0.01,0.0575,0.48023314693452773,0.7604166666666666,0.5263157894736842,0.47435897435897434,0.5882352941176471,0.36585365853658536
675,3383296,5600.4,247,0.09383251518011093,0.8361083984374997,1.0,0.1636705994606018,-0.01645,0.44577,0.0,0.02468,0.00954,-0.7904,0.11992,0.00012,0.56,0.375,0.0475,0.01,0.055,0.48503845888684566,0.7525773195876289,0.5324675324675324,0.4805194805194805,0.6029411764705882,0.3950617283950617
676,3385344,5607.7,247,0.10630612075328827,0.8473876953124999,1.0,0.16361168026924133,-0.01752,0.41391,0.0,0.02398,0.01302,-0.79115,0.15186,0.00018,0.5675,0.3675,0.0475,0.01,0.055,0.4906092438718174,0.7653061224489796,0.5324675324675324,0.5,0.6060606060606061,0.39759036144578314
677,3387392,5615.2,247,0.08423544466495514,0.8530517578124999,1.0,0.16323652863502502,-0.02181,0.51549,0.0,0.02529,0.01525,-0.79316,0.17764,0.00012,0.5675,0.365,0.05,0.01,0.0575,0.48797995447901243,0.75,0.525,0.5135135135135135,0.6153846153846154,0.3950617283950617
678,3389440,5623.0,247,0.0473831444978714,0.8492187499999998,1.0,0.16325616836547852,-0.01875,0.30322,0.0,0.02184,0.01073,-0.79635,0.11611,0.00012,0.565,0.37,0.05,0.01,0.055,0.48836558527657653,0.7346938775510204,0.5432098765432098,0.5333333333333333,0.6119402985074627,0.3670886075949367
679,3391488,5630.2,247,0.06599637120962143,0.8486328124999999,1.0,0.16339364647865295,-0.0178,0.42094,0.0,0.02198,0.01464,-0.79488,0.15937,8e-05,0.565,0.37,0.05,0.01,0.055,0.48830933382360664,0.7474747474747475,0.5375,0.5131578947368421,0.6212121212121212,0.3670886075949367
680,3393536,5637.2,247,0.0664367750287056,0.853515625,1.0,0.16334569454193115,-0.01742,0.52322,0.0,0.02265,0.01001,-0.7946,0.11787,0.00012,0.565,0.37,0.0475,0.01,0.055,0.48655287509237866,0.7373737373737373,0.5443037974683544,0.5454545454545454,0.59375,0.37037037037037035
681,3395584,5644.6,247,0.09695519506931305,0.8576171874999998,1.0,0.16339744627475739,-0.02036,0.55854,0.0,0.02221,0.00947,-0.79486,0.10391,0.00018,0.565,0.3725,0.045,0.01,0.0525,0.4881215107496847,0.7676767676767676,0.5454545454545454,0.5316455696202531,0.5737704918032787,0.36904761904761907
682,3397632,5653.3,247,0.10077162086963654,0.8565429687499999,1.0,0.16324108839035034,-0.02204,0.64318,0.0,0.02177,0.0135,-0.79501,0.15498,0.00018,0.5675,0.36,0.0475,0.01,0.0625,0.4887174132235029,0.7653061224489796,0.5324675324675324,0.5365853658536586,0.578125,0.379746835443038
683,3399680,5661.5,247,0.10411576181650162,0.8531249999999999,1.0,0.16306638717651367,-0.02415,0.55802,0.0,0.02339,0.01516,-0.79766,0.15459,8e-05,0.5725,0.3525,0.05,0.01,0.065,0.4949329545722587,0.7821782178217822,0.5333333333333333,0.5375,0.5806451612903226,0.3780487804878049
684,3401728,5669.2,247,0.07395479083061218,0.8503662109374999,1.0,0.16313138604164124,-0.01865,0.58502,0.0,0.02458,0.01044,-0.79826,0.12158,0.00012,0.5725,0.3575,0.045,0.01,0.06,0.4937598810284549,0.78,0.5308641975308642,0.5125,0.5932203389830508,0.4
685,3403776,5676.6,247,0.08983573317527771,0.8548339843749999,1.0,0.1633666455745697,-0.02079,0.38427,0.0,0.02188,0.0127,-0.79654,0.1415,0.00012,0.5725,0.3625,0.0425,0.005,0.06,0.49651465491259783,0.7676767676767676,0.5238095238095238,0.5189873417721519,0.6206896551724138,0.4
686,3405824,5684.1,247,0.13095733523368835,0.8583984374999999,1.0,0.16343997418880463,-0.01687,0.55778,0.0,0.02247,0.01092,-0.79422,0.12686,0.00018,0.5775,0.355,0.045,0.005,0.0625,0.4980144664235858,0.7821782178217822,0.5119047619047619,0.5316455696202531,0.6206896551724138,0.3974358974358974
687,3407872,5690.7,247,0.10996422171592712,0.8629150390625,1.0,0.16320742666721344,-0.01527,0.30787,0.0,0.0256,0.02187,-0.79495,0.22451,8e-05,0.5775,0.36,0.045,0.005,0.0575,0.49755329216748495,0.79,0.5,0.5432098765432098,0.6071428571428571,0.4050632911392405
688,3409920,5698.5,247,0.0700407326221466,0.8642822265624999,1.0,0.16318687796592712,-0.01462,0.62441,0.0,0.02527,0.00848,-0.79702,0.10713,0.00012,0.585,0.3525,0.0475,0.005,0.0575,0.501764216258093,0.7821782178217822,0.4875,0.573170731707317,0.6428571428571429,0.4074074074074074
689,3411968,5705.8,247,0.08587304502725601,0.8629150390624999,1.0,0.16313698887825012,-0.01995,0.39518,0.0,0.02057,0.01158,-0.79697,0.12539,0.00012,0.5875,0.35,0.045,0.0075,0.055,0.5021653233431688,0.7843137254901961,0.4567901234567901,0.6097560975609756,0.6545454545454545,0.4
690,3414016,5713.7,247,0.062259167432785034,0.8567138671874999,1.0,0.163078173995018,-0.0157,0.58613,0.0,0.02235,0.00754,-0.798,0.09531,0.00018,0.5775,0.3575,0.0475,0.01,0.055,0.49562025037195484,0.7745098039215687,0.4457831325301205,0.6144578313253012,0.6538461538461539,0.375
691,3416064,5721.4,247,0.07060141861438751,0.8558837890624998,1.0,0.16294699907302856,-0.02209,0.51149,0.0,0.02406,0.01518,-0.7989,0.16348,0.00012,0.5825,0.355,0.05,0.01,0.0525,0.5002783493564655,0.7714285714285715,0.45,0.6075949367088608,0.6727272727272727,0.38271604938271603
692,3418112,5729.4,247,0.10260920971632004,0.8562255859374999,1.0,0.16297362744808197,-0.01999,0.42913,0.0,0.02027,0.00895,-0.79954,0.10322,0.00018,0.585,0.3475,0.0475,0.01,0.0575,0.503928906899147,0.75,0.4691358024691358,0.5789473684210527,0.7272727272727273,0.3875
693,3420160,5737.2,247,0.07966361194849014,0.8567871093749999,1.0,0.16280564665794373,-0.0174,0.54792,0.0,0.02131,0.01779,-0.79977,0.18662,0.00012,0.5925,0.345,0.04,0.01,0.0525,0.5122130875867797,0.7614678899082569,0.4819277108433735,0.5833333333333334,0.7272727272727273,0.3950617283950617
694,3422208,5745.1,247,0.11082181334495544,0.8610351562499999,1.0,0.16261014342308044,-0.02201,0.26991,0.0,0.02093,0.0125,-0.80177,0.14268,0.00018,0.6075,0.3325,0.04,0.0125,0.0475,0.5230108242091698,0.780952380952381,0.5058823529411764,0.5866666666666667,0.7413793103448276,0.4025974025974026
695,3424256,5753.0,247,0.08685572445392609,0.8645263671874999,1.0,0.16266930103302002,-0.02184,0.39024,0.0,0.02215,0.01711,-0.80305,0.17813,8e-05,0.6025,0.335,0.0375,0.01,0.0525,0.5169363800882582,0.801980198019802,0.4880952380952381,0.5866666666666667,0.7049180327868853,0.4050632911392405
696,3426304,5762.1,247,0.08382295072078705,0.8677978515625,1.0,0.162741020321846,-0.01563,0.44483,0.0,0.02402,0.00983,-0.80198,0.11357,0.00018,0.5925,0.3425,0.04,0.01,0.055,0.5112476354053623,0.801980198019802,0.5121951219512195,0.5512820512820513,0.6557377049180327,0.3974358974358974
697,3428352,5771.3,247,0.10456287860870361,0.8722412109375,1.0,0.16278398036956787,-0.02057,0.79614,0.0,0.02219,0.01663,-0.80132,0.18564,0.00012,0.5875,0.3425,0.035,0.01,0.06,0.5048935513915254,0.8247422680412371,0.5058823529411764,0.5316455696202531,0.6229508196721312,0.41025641025641024
698,3430400,5779.6,247,0.08825499564409256,0.8653808593749999,1.0,0.16273990273475647,-0.01795,0.62215,0.0,0.02282,0.01007,-0.80119,0.12812,0.00018,0.5925,0.3375,0.0375,0.01,0.06,0.505330158347193,0.8217821782178217,0.5,0.5384615384615384,0.6229508196721312,0.4189189189189189
699,3432448,5786.6,247,0.07856021821498871,0.8644531249999998,1.0,0.16253875195980072,-0.02417,0.43049,0.0,0.02098,0.01513,-0.80257,0.15791,0.00012,0.585,0.345,0.04,0.0125,0.0575,0.5001707723572741,0.8235294117647058,0.4888888888888889,0.5205479452054794,0.6190476190476191,0.4027777777777778
700,3434496,5795.1,247,0.10211692005395889,0.8594970703124998,1.0,0.1624552607536316,-0.01991,0.54324,0.0,0.02371,0.01367,-0.80463,0.15186,0.00012,0.5825,0.3425,0.0425,0.0125,0.0625,0.49875222227098875,0.801980198019802,0.4659090909090909,0.5454545454545454,0.6451612903225806,0.4027777777777778
701,3436544,5804.2,247,0.06830143183469772,0.8599121093749997,1.0,0.16264930367469788,-0.01989,0.52491,0.0,0.02643,0.01238,-0.80392,0.14033,0.00012,0.58,0.35,0.0425,0.0125,0.0575,0.4966722935352103,0.7745098039215687,0.4606741573033708,0.5526315789473685,0.6557377049180327,0.4166666666666667
702,3438592,5812.3,247,0.07657336443662643,0.8564697265624999,1.0,0.16278022527694702,-0.01922,0.44855,0.0,0.02675,0.01052,-0.8019,0.12305,0.00018,0.58,0.355,0.0525,0.01,0.055,0.49596932395769117,0.7745098039215687,0.4666666666666667,0.5189873417721519,0.6551724137931034,0.4507042253521127
703,3440640,5821.0,247,0.08718843013048172,0.8609130859374998,1.0,0.16274839639663696,-0.02104,0.40348,0.0,0.02509,0.01319,-0.8008,0.15186,0.00027,0.585,0.35,0.05,0.0125,0.0525,0.49459461328135496,0.7628865979381443,0.4725274725274725,0.5375,0.6612903225806451,0.4714285714285714
704,3442688,5829.3,247,0.1098652333021164,0.8672607421874999,1.0,0.16253460943698883,-0.02573,0.41084,0.0,0.02235,0.02157,-0.80255,0.21006,8e-05,0.59,0.345,0.0525,0.0125,0.0525,0.4959125252364414,0.76,0.4772727272727273,0.5555555555555556,0.6507936507936508,0.47058823529411764
705,3444736,5837.5,247,0.10872900485992432,0.8703857421874999,1.0,0.16238375008106232,-0.01779,0.32995,0.0,0.021,0.00802,-0.8048,0.09531,0.00012,0.595,0.3425,0.055,0.0125,0.05,0.49944092082400765,0.7676767676767676,0.47674418604651164,0.5679012345679012,0.6666666666666666,0.45588235294117646
706,3446784,5845.8,247,0.05897882580757141,0.8697998046875,1.0,0.16214443743228912,-0.02108,0.49351,0.0,0.02161,0.01193,-0.80729,0.13447,0.00012,0.585,0.3575,0.0575,0.0125,0.045,0.4921237544947963,0.7575757575757576,0.4827586206896552,0.5454545454545454,0.6567164179104478,0.44285714285714284
707,3448832,5853.3,247,0.0809195265173912,0.8690429687499999,1.0,0.16195890307426453,-0.01977,0.4474,0.0,0.02135,0.01248,-0.8095,0.1499,0.00012,0.5775,0.36,0.0575,0.015,0.0475,0.4860966374881282,0.7473684210526316,0.4945054945054945,0.5324675324675324,0.6268656716417911,0.45714285714285713
708,3450880,5861.8,247,0.054823458194732666,0.866259765625,1.0,0.16198864579200745,-0.0196,0.54401,0.0,0.02108,0.00988,-0.81079,0.1168,0.00018,0.5625,0.37,0.0675,0.015,0.0525,0.4748005633493018,0.7156862745098039,0.4888888888888889,0.5256410256410257,0.578125,0.45454545454545453
709,3452928,5869.7,247,0.05950137972831726,0.8588623046874999,0.95,0.16197967529296875,-0.02173,0.70451,0.0,0.01955,0.01258,-0.81042,0.14717,0.00018,0.555,0.375,0.075,0.015,0.055,0.4712396131913596,0.68,0.5,0.5131578947368421,0.582089552238806,0.463768115942029
710,3454976,5877.5,247,0.0892845168709755,0.8570556640624998,0.95,0.162095308303833,-0.02168,0.47106,0.0,0.02017,0.01827,-0.80997,0.19102,8e-05,0.5575,0.375,0.07,0.0125,0.055,0.474224245627592,0.6770833333333334,0.5222222222222223,0.49333333333333335,0.5882352941176471,0.4788732394366197
711,3457024,5885.1,247,0.09543326497077942,0.8618652343749997,0.95,0.16192850470542908,-0.01767,0.32551,0.0,0.0203,0.00832,-0.80957,0.09902,0.00012,0.56,0.3675,0.0675,0.0125,0.06,0.47717234746722964,0.67,0.5434782608695652,0.4935064935064935,0.5645161290322581,0.4927536231884058
712,3459072,5893.1,247,0.0884513109922409,0.8655761718749999,1.0,0.1617046296596527,-0.02254,0.39616,0.0,0.0208,0.01137,-0.81247,0.13379,0.00018,0.57,0.3675,0.065,0.0125,0.05,0.4846849705748431,0.6907216494845361,0.532608695652174,0.5194805194805194,0.5625,0.5142857142857142
713,3461120,5901.0,247,0.05940275639295578,0.8634765624999998,1.0,0.1615401655435562,-0.02225,0.41152,0.0,0.02132,0.01506,-0.81509,0.16592,8e-05,0.5725,0.365,0.0625,0.0125,0.05,0.48435094956439245,0.6842105263157895,0.5274725274725275,0.524390243902439,0.5692307692307692,0.5373134328358209
714,3463168,5908.5,247,0.0982852503657341,0.8626464843749999,1.0,0.1614111363887787,-0.01636,0.29196,0.0,0.02115,0.00861,-0.81657,0.09541,0.00012,0.565,0.37,0.065,0.0125,0.0525,0.4783554493358669,0.6842105263157895,0.5054945054945055,0.5476190476190477,0.532258064516129,0.5294117647058824
715,3465216,5916.4,248,0.08685627579689026,0.8713623046874999,1.0,0.1612633466720581,-0.01587,0.44251,0.0,0.02063,0.00889,-0.81844,0.10791,0.00018,0.56,0.3725,0.07,0.01,0.0575,0.47518031865202615,0.673469387755102,0.4943820224719101,0.5119047619047619,0.5555555555555556,0.5454545454545454
716,3467264,5924.0,248,0.08478346467018127,0.8739257812499999,1.0,0.16112244129180908,-0.02091,0.32643,0.0,0.02131,0.01524,-0.82002,0.16172,8e-05,0.5625,0.375,0.07,0.01,0.0525,0.4766849579302829,0.673469387755102,0.48314606741573035,0.5119047619047619,0.5645161290322581,0.5671641791044776
717,3469312,5931.1,248,0.028338370844721794,0.8807373046874999,1.0,0.16103389859199524,-0.01721,0.57167,0.0,0.02201,0.01158,-0.82155,0.12285,0.00012,0.5625,0.3725,0.07,0.0125,0.0525,0.4754127400908497,0.673469387755102,0.45054945054945056,0.5316455696202531,0.5806451612903226,0.5714285714285714
718,3471360,5938.9,248,0.06415765732526779,0.8716308593749998,1.0,0.16096898913383484,-0.02197,0.21315,0.0,0.02076,0.01224,-0.8224,0.14961,0.00012,0.565,0.3725,0.07,0.015,0.0475,0.48195586772860777,0.6701030927835051,0.4574468085106383,0.5555555555555556,0.5901639344262295,0.5522388059701493
719,3473408,5945.9,248,0.05774784833192825,0.8754394531249998,1.0,0.16090306639671326,-0.02217,0.25807,0.0,0.02005,0.01356,-0.82332,0.15957,0.00018,0.5675,0.3675,0.065,0.015,0.05,0.4852335351086101,0.6770833333333334,0.4673913043478261,0.569620253164557,0.5873015873015873,0.5285714285714286
720,3475456,5953.2,248,0.09729345142841339,0.8737060546875,1.0,0.16084226965904236,-0.02048,0.31673,0.0,0.01967,0.01505,-0.82406,0.17793,0.00012,0.565,0.3675,0.0675,0.015,0.0525,0.48640119970956364,0.6842105263157895,0.46153846153846156,0.569620253164557,0.5967741935483871,0.5068493150684932
721,3477504,5960.0,248,0.08723770081996918,0.8761230468749999,1.0,0.16084465384483337,-0.01917,0.44852,0.0,0.01944,0.01145,-0.82444,0.13047,0.00012,0.565,0.3675,0.0675,0.0125,0.055,0.4875909587309175,0.6632653061224489,0.48314606741573035,0.573170731707317,0.5833333333333334,0.5070422535211268
722,3479552,5967.5,248,0.03993655741214752,0.8779785156249998,1.0,0.16064880788326263,-0.01896,0.54211,0.0,0.02093,0.01482,-0.82542,0.15977,0.00012,0.5625,0.37,0.07,0.0125,0.055,0.48614340029071557,0.65625,0.47191011235955055,0.5764705882352941,0.5833333333333334,0.5142857142857142
723,3481600,5975.5,248,0.1133769303560257,0.8782714843749999,1.0,0.16049101948738098,-0.01918,0.38949,0.0,0.02136,0.01064,-0.82775,0.11914,0.00018,0.57,0.3525,0.0675,0.015,0.0625,0.49290364985148016,0.6770833333333334,0.5113636363636364,0.5487804878048781,0.5538461538461539,0.5362318840579711
724,3483648,5983.3,248,0.04915381222963333,0.885546875,1.0,0.160305455327034,-0.01931,0.53886,0.0,0.02182,0.01719,-0.82999,0.18252,0.00012,0.5725,0.3525,0.055,0.015,0.06,0.4960910600403787,0.6907216494845361,0.5227272727272727,0.569620253164557,0.5223880597014925,0.5217391304347826
725,3485696,5990.9,248,0.05651642382144928,0.8756835937499999,1.0,0.1601838916540146,-0.0209,0.55775,0.0,0.02311,0.00944,-0.83208,0.1126,0.00018,0.5575,0.3625,0.0525,0.015,0.065,0.4870355281652894,0.6836734693877551,0.5232558139534884,0.5555555555555556,0.4925373134328358,0.4852941176470588
726,3487744,5998.5,248,0.08546546846628189,0.8748535156249999,1.0,0.1600455939769745,-0.02639,0.494,0.0,0.02183,0.01497,-0.83357,0.15322,0.00018,0.555,0.365,0.0525,0.0125,0.0675,0.4866172817958105,0.6770833333333334,0.5168539325842697,0.5595238095238095,0.484375,0.4925373134328358
727,3489792,6006.4,248,0.058488521724939346,0.8663330078124999,1.0,0.15978477895259857,-0.02417,0.62238,0.0,0.02101,0.01354,-0.83596,0.15049,0.00018,0.5375,0.38,0.0525,0.0125,0.07,0.47339919204115083,0.65625,0.4725274725274725,0.5609756097560976,0.484375,0.47761194029850745
728,3491840,6014.5,248,0.1391180455684662,0.8711425781249998,1.0,0.1597413718700409,-0.01945,0.43464,0.0,0.02412,0.02002,-0.8384,0.20703,0.00012,0.5525,0.36,0.05,0.0125,0.075,0.48564455853082356,0.673469387755102,0.4772727272727273,0.5833333333333334,0.5076923076923077,0.47692307692307695
729,3493888,6022.0,248,0.06050526350736618,0.8804687499999999,1.0,0.1596144437789917,-0.01937,0.49733,0.0,0.02208,0.01158,-0.83905,0.14551,0.00018,0.5525,0.365,0.0525,0.01,0.0725,0.48377192674092595,0.673469387755102,0.47619047619047616,0.5747126436781609,0.5151515151515151,0.47692307692307695
730,3495936,6029.8,248,0.04665081202983856,0.8718261718749999,1.0,0.15962521731853485,-0.02039,0.67208,0.0,0.02332,0.01658,-0.84025,0.18398,8e-05,0.555,0.3675,0.0425,0.01,0.0675,0.48428188335619327,0.6947368421052632,0.4772727272727273,0.5581395348837209,0.5454545454545454,0.46153846153846156
731,3497984,6038.5,248,0.07750300318002701,0.8663085937499999,1.0,0.1596868932247162,-0.01624,0.53733,0.0,0.0214,0.00962,-0.83976,0.11582,0.00012,0.5575,0.3675,0.04,0.0075,0.0675,0.4862592655297287,0.7191011235955056,0.4835164835164835,0.5632183908045977,0.5217391304347826,0.46875
732,3500032,6046.6,248,0.06028873100876808,0.8663330078125,0.95,0.15968534350395203,-0.02369,0.50272,0.0,0.02124,0.01209,-0.83907,0.13545,0.00012,0.55,0.375,0.045,0.0075,0.0675,0.47562076165158274,0.6931818181818182,0.4943820224719101,0.5730337078651685,0.5142857142857142,0.4375
733,3502080,6054.4,248,0.0568271279335022,0.8640136718749999,0.95,0.15956953167915344,-0.01905,0.37651,0.0,0.02146,0.01142,-0.84017,0.11807,0.00012,0.5425,0.38,0.045,0.0075,0.07,0.46834226953083286,0.7111111111111111,0.449438202247191,0.5795454545454546,0.5,0.42857142857142855
734,3504128,6061.6,248,0.12347547709941864,0.8684326171874999,0.95,0.1596451699733734,-0.02302,0.42115,0.0,0.02107,0.01476,-0.84037,0.17344,0.00012,0.545,0.3775,0.05,0.0075,0.07,0.47251685961727447,0.7222222222222222,0.45054945054945056,0.5955056179775281,0.5,0.4
735,3506176,6068.9,248,0.06864618510007858,0.8720214843749998,1.0,0.15973630547523499,-0.02012,0.57014,0.0,0.02004,0.0124,-0.83931,0.14697,0.00012,0.5425,0.3825,0.05,0.0075,0.0675,0.4735623701324853,0.717391304347826,0.44086021505376344,0.6046511627906976,0.5,0.3898305084745763
736,3508224,6075.6,248,0.06685049831867218,0.8677978515624999,1.0,0.15977659821510315,-0.02226,0.47756,0.0,0.02003,0.01334,-0.83843,0.14492,0.00012,0.54,0.385,0.0525,0.0075,0.0675,0.47045186806726247,0.7252747252747253,0.45054945054945056,0.5930232558139535,0.5,0.3709677419354839
737,3510272,6083.2,248,0.11652152985334396,0.8666015624999999,1.0,0.15972429513931274,-0.01883,0.43888,0.0,0.0191,0.01395,-0.8387,0.15488,0.00012,0.5375,0.39,0.0475,0.01,0.065,0.46702361113242946,0.7311827956989247,0.4482758620689655,0.6067415730337079,0.45714285714285713,0.36065573770491804
738,3512320,6091.8,248,0.14771363139152527,0.8736328124999999,1.0,0.15967625379562378,-0.02282,0.72773,0.0,0.02057,0.01082,-0.83951,0.12852,0.00018,0.5375,0.3925,0.0475,0.01,0.0625,0.4694846409644082,0.7157894736842105,0.4367816091954023,0.6344086021505376,0.4492753623188406,0.3392857142857143
739,3514368,6100.0,248,0.12044814974069595,0.8707275390624999,1.0,0.1595800518989563,-0.0206,0.46817,0.0,0.02141,0.01754,-0.84041,0.19521,8e-05,0.5475,0.3875,0.05,0.005,0.0625,0.4770141239805051,0.7216494845360825,0.45121951219512196,0.6344086021505376,0.4583333333333333,0.35714285714285715
740,3516416,6108.3,248,0.03922518715262413,0.8734374999999999,1.0,0.15964201092720032,-0.01919,0.4919,0.0,0.02109,0.00825,-0.84071,0.09541,0.00018,0.545,0.39,0.05,0.0075,0.06,0.47425261916552147,0.7171717171717171,0.4166666666666667,0.6304347826086957,0.4657534246575342,0.38461538461538464
741,3518464,6114.7,248,0.12889575958251953,0.8740478515624999,1.0,0.15950141847133636,-0.02364,0.26299,0.0,0.0195,0.01609,-0.84065,0.1708,8e-05,0.545,0.3875,0.055,0.0075,0.0625,0.47674862437833354,0.71875,0.43023255813953487,0.6276595744680851,0.4583333333333333,0.38461538461538464
742,3520512,6122.4,248,0.10061053931713104,0.8848876953124999,1.0,0.1595945507287979,-0.01845,0.49292,0.0,0.02104,0.0108,-0.84167,0.11865,0.00012,0.5475,0.385,0.0525,0.0075,0.0625,0.4775546286907709,0.723404255319149,0.42168674698795183,0.6210526315789474,0.4666666666666667,0.41509433962264153
743,3522560,6130.8,248,0.06259800493717194,0.8828857421874998,1.0,0.15961578488349915,-0.02028,0.53467,0.0,0.02368,0.01014,-0.84018,0.12051,0.00018,0.5525,0.38,0.06,0.0075,0.0625,0.4818955573923736,0.7368421052631579,0.4578313253012048,0.6063829787234043,0.4594594594594595,0.4074074074074074
744,3524608,6139.2,248,0.04005463421344757,0.8843749999999999,1.0,0.1596897840499878,-0.02321,0.66651,0.0,0.02248,0.0142,-0.84039,0.14922,0.00018,0.545,0.395,0.065,0.0075,0.055,0.4746484082631321,0.7204301075268817,0.4482758620689655,0.6195652173913043,0.4722222222222222,0.375
745,3526656,6146.6,248,0.022864356637001038,0.8797363281249999,1.0,0.159831702709198,-0.02387,0.3379,0.0,0.02108,0.01315,-0.83846,0.15244,0.00018,0.5325,0.41,0.07,0.005,0.055,0.46135758531853605,0.7065217391304348,0.42857142857142855,0.6,0.4520547945205479,0.39285714285714285
746,3528704,6154.4,248,0.10494307428598404,0.8815429687499998,1.0,0.1597839593887329,-0.02324,0.39144,0.0,0.02124,0.01565,-0.83799,0.16846,8e-05,0.545,0.395,0.075,0.005,0.0575,0.47122217082909196,0.7252747252747253,0.4418604651162791,0.5957446808510638,0.4782608695652174,0.4166666666666667
747,3530752,6162.4,248,0.0677744448184967,0.881884765625,1.0,0.1597403883934021,-0.01725,0.47128,0.0,0.02215,0.00852,-0.83879,0.1123,0.00012,0.5475,0.3925,0.075,0.0075,0.055,0.4730780753300193,0.7209302325581395,0.4431818181818182,0.6170212765957447,0.4782608695652174,0.42857142857142855
748,3532800,6169.5,248,0.08908981084823608,0.8792480468749999,1.0,0.15995970368385315,-0.01489,0.3358,0.0,0.02326,0.01116,-0.83802,0.13115,0.00018,0.56,0.3775,0.0725,0.01,0.055,0.48238461175149994,0.7472527472527473,0.4578313253012048,0.6063829787234043,0.4861111111111111,0.43333333333333335
749,3534848,6176.5,248,0.07812584191560745,0.8842285156249998,1.0,0.1601925492286682,-0.02049,0.48461,0.0,0.02236,0.01616,-0.83469,0.17832,0.00012,0.5575,0.3775,0.075,0.01,0.0575,0.4790600133188069,0.7386363636363636,0.48148148148148145,0.59,0.4714285714285714,0.4426229508196721
750,3536896,6184.3,248,0.06772366166114807,0.8881591796874999,1.0,0.16023042798042297,-0.01496,0.71292,0.0,0.02365,0.00887,-0.83289,0.11201,0.00018,0.55,0.3825,0.0775,0.01,0.06,0.47582233479947744,0.7386363636363636,0.4883720930232558,0.5789473684210527,0.44285714285714284,0.4426229508196721
751,3538944,6192.3,248,0.06537473201751709,0.8834472656249999,1.0,0.16005907952785492,-0.02028,0.43685,0.0,0.01998,0.01156,-0.83344,0.1417,0.00027,0.5475,0.3825,0.0775,0.01,0.0625,0.4723745125298724,0.7415730337078652,0.4642857142857143,0.5851063829787234,0.45714285714285713,0.42857142857142855
752,3540992,6200.0,248,0.06290274858474731,0.8806640624999998,1.0,0.15943142771720886,-0.02688,0.54555,0.0,0.02174,0.01794,-0.83925,0.19775,0.00012,0.55,0.38,0.075,0.01,0.0625,0.47298377101849626,0.7303370786516854,0.45348837209302323,0.6043956043956044,0.5,0.4090909090909091
753,3543040,6207.4,248,0.08964143693447113,0.8820312499999999,1.0,0.1594388484954834,-0.02011,0.48841,0.0,0.02156,0.01238,-0.84322,0.13096,0.00012,0.555,0.375,0.075,0.01,0.0625,0.47717435039048345,0.7553191489361702,0.4588235294117647,0.5842696629213483,0.5,0.4090909090909091
754,3545088,6214.6,248,0.04730376973748207,0.8815673828124998,1.0,0.159449502825737,-0.01769,0.55863,0.0,0.02148,0.00946,-0.84277,0.11523,0.00018,0.55,0.375,0.075,0.01,0.0675,0.4728208236358691,0.7319587628865979,0.4457831325301205,0.5747126436781609,0.5142857142857142,0.4126984126984127
755,3547136,6222.6,248,0.08987487852573395,0.8792724609374998,1.0,0.1595231592655182,-0.02218,0.42772,0.0,0.02364,0.01789,-0.84235,0.19434,8e-05,0.5525,0.3775,0.0725,0.01,0.0625,0.4730933881210821,0.7368421052631579,0.4567901234567901,0.5813953488372093,0.49295774647887325,0.43283582089552236
756,3549184,6230.1,249,0.08645947277545929,0.8809814453124998,1.0,0.1595361828804016,-0.01809,0.35187,0.0,0.02258,0.00901,-0.84193,0.11191,0.00012,0.555,0.3775,0.0675,0.01,0.06,0.4737831133998208,0.7446808510638298,0.47560975609756095,0.5747126436781609,0.5,0.417910447761194
757,3551232,6237.9,249,0.07629798352718353,0.8819580078124998,1.0,0.15956076979637146,-0.01922,0.45069,0.0,0.02491,0.0112,-0.84152,0.13027,0.00018,0.555,0.3725,0.0675,0.0125,0.0625,0.4717625712068256,0.7419354838709677,0.48148148148148145,0.5483870967741935,0.5142857142857142,0.42857142857142855
758,3553280,6245.2,249,0.09864968061447144,0.8804443359374998,1.0,0.1595749706029892,-0.02054,0.4239,0.0,0.02389,0.01834,-0.8414,0.18926,8e-05,0.5625,0.3675,0.065,0.01,0.06,0.4742380991895959,0.7444444444444445,0.4880952380952381,0.5604395604395604,0.5217391304347826,0.45454545454545453
759,3555328,6253.9,249,0.05638423562049866,0.8731933593749999,1.0,0.15956607460975647,-0.01704,0.55356,0.0,0.02527,0.01026,-0.8411,0.12432,0.00012,0.5475,0.38,0.0675,0.0125,0.06,0.46225632654166815,0.7444444444444445,0.47126436781609193,0.5168539325842697,0.5441176470588235,0.42424242424242425
760,3557376,6261.4,249,0.10087308287620544,0.8694335937499998,0.95,0.15957409143447876,-0.01546,0.67575,0.0,0.02666,0.01123,-0.84154,0.14229,0.00018,0.545,0.375,0.065,0.015,0.065,0.4588185768325991,0.7613636363636364,0.4666666666666667,0.5,0.5441176470588235,0.42857142857142855
761,3559424,6269.4,249,0.09795397520065308,0.8694335937499997,0.95,0.15953564643859863,-0.02056,0.59363,0.0,0.03059,0.01472,-0.84128,0.16084,0.00012,0.5375,0.38,0.0625,0.0175,0.065,0.4512839029332103,0.7558139534883721,0.4431818181818182,0.4883720930232558,0.5538461538461539,0.44
762,3561472,6276.9,249,0.10882903635501862,0.8739746093749998,1.0,0.15966615080833435,-0.01885,0.49673,0.0,0.02634,0.01165,-0.84126,0.13604,0.00012,0.5475,0.3725,0.0575,0.02,0.06,0.4609601718479121,0.7529411764705882,0.4523809523809524,0.5113636363636364,0.5538461538461539,0.46153846153846156
763,3563520,6285.3,249,0.125769704580307,0.8813720703124999,1.0,0.1596030294895172,-0.02198,0.35912,0.0,0.02559,0.01113,-0.84007,0.13086,0.00018,0.5425,0.3775,0.0575,0.02,0.06,0.4546171512495242,0.735632183908046,0.4578313253012048,0.5164835164835165,0.5396825396825397,0.4473684210526316
764,3565568,6292.9,249,0.05581827461719513,0.8827392578124998,1.0,0.15954552590847015,-0.02244,0.55652,0.0,0.02485,0.01571,-0.84134,0.15937,0.00012,0.5425,0.3775,0.0475,0.02,0.06,0.4560057983567038,0.7380952380952381,0.43529411764705883,0.5384615384615384,0.5555555555555556,0.44155844155844154
765,3567616,6300.2,249,0.07523568719625473,0.8904052734374999,1.0,0.1595403552055359,-0.01696,0.53363,0.0,0.0289,0.01151,-0.84161,0.13516,0.00018,0.545,0.375,0.045,0.02,0.06,0.45643411695159086,0.7529411764705882,0.4125,0.532608695652174,0.5538461538461539,0.46153846153846156
766,3569664,6307.6,249,0.08009840548038483,0.8912109374999999,1.0,0.1592675745487213,-0.01989,0.72712,0.0,0.02576,0.01573,-0.84286,0.16572,0.00012,0.5525,0.365,0.04,0.0225,0.06,0.46042356470781526,0.7558139534883721,0.3974358974358974,0.5531914893617021,0.5692307692307692,0.4675324675324675
767,3571712,6315.2,249,0.11855825781822205,0.8963134765624998,1.0,0.15905877947807312,-0.02043,0.61941,0.0,0.02669,0.01159,-0.84615,0.13281,0.00018,0.56,0.365,0.035,0.02,0.055,0.4676874090596378,0.7586206896551724,0.3815789473684211,0.5543478260869565,0.5915492957746479,0.4864864864864865
768,3573760,6322.4,249,0.058175891637802124,0.8935058593749998,1.0,0.15891405940055847,-0.02095,0.52031,0.0,0.02834,0.01417,-0.84888,0.1542,0.00018,0.5475,0.3775,0.04,0.02,0.055,0.4591452365912322,0.7419354838709677,0.37333333333333335,0.5340909090909091,0.5797101449275363,0.4666666666666667
769,3575808,6329.6,249,0.1024332344532013,0.8908935546874999,1.0,0.15882936120033264,-0.02394,0.64266,0.0,0.02607,0.01727,-0.8497,0.19932,8e-05,0.555,0.38,0.0375,0.0175,0.0475,0.46849159830861636,0.7386363636363636,0.41025641025641024,0.5280898876404494,0.6086956521739131,0.47368421052631576
770,3577856,6336.4,249,0.05491417273879051,0.8846435546874999,1.0,0.15871338546276093,-0.01604,0.70568,0.0,0.02706,0.00823,-0.85123,0.0959,0.00018,0.5425,0.39,0.04,0.0175,0.05,0.4580956115173638,0.7222222222222222,0.3950617283950617,0.5238095238095238,0.5774647887323944,0.47297297297297297
771,3579904,6343.5,249,0.07594774663448334,0.8788818359374999,1.0,0.15838958323001862,-0.0171,0.48803,0.0,0.02559,0.0127,-0.85319,0.14629,0.00018,0.555,0.38,0.0425,0.0175,0.0475,0.46673903804934125,0.7282608695652174,0.4050632911392405,0.5238095238095238,0.5972222222222222,0.4931506849315068
772,3581952,6350.5,249,0.08794426918029785,0.8823486328125001,1.0,0.15824493765830994,-0.02375,0.4498,0.0,0.02695,0.01801,-0.85678,0.16816,0.00012,0.5525,0.3775,0.0425,0.0175,0.0525,0.4655174672340494,0.7446808510638298,0.39473684210526316,0.5119047619047619,0.5675675675675675,0.5
773,3584000,6357.6,249,0.11012309789657593,0.8912109374999999,1.0,0.15823747217655182,-0.01785,0.4417,0.0,0.02594,0.0101,-0.85769,0.12402,0.00018,0.5675,0.365,0.04,0.0175,0.05,0.4810231830802381,0.7473684210526316,0.4225352112676056,0.5238095238095238,0.5641025641025641,0.5277777777777778
774,3586048,6365.5,249,0.06533689796924591,0.8916503906249998,1.0,0.15810531377792358,-0.02306,0.30923,0.0,0.02702,0.0152,-0.85832,0.16475,0.00018,0.5675,0.36,0.0425,0.0175,0.055,0.48118797208863784,0.7555555555555555,0.4225352112676056,0.5232558139534884,0.5625,0.5342465753424658
775,3588096,6373.4,249,0.025164766237139702,0.8940185546874999,1.0,0.1579248607158661,-0.02344,0.42808,0.0,0.02726,0.01474,-0.86113,0.17217,0.00012,0.56,0.3675,0.035,0.02,0.0525,0.474687413764438,0.7441860465116279,0.40789473684210525,0.5116279069767442,0.5641025641025641,0.5540540540540541
776,3590144,6380.5,249,0.035376958549022675,0.8876464843749998,1.0,0.15796540677547455,-0.02141,0.41333,0.0,0.02505,0.01176,-0.86198,0.13291,0.00018,0.565,0.365,0.035,0.02,0.05,0.47707240731708866,0.7529411764705882,0.4177215189873418,0.5180722891566265,0.5822784810126582,0.5405405405405406
777,3592192,6387.1,249,0.066182442009449,0.8839843749999998,1.0,0.15791013836860657,-0.02221,0.24263,0.0,0.02498,0.01719,-0.86169,0.17109,0.00012,0.5625,0.365,0.04,0.02,0.0525,0.47376007738792525,0.7586206896551724,0.4230769230769231,0.5176470588235295,0.5714285714285714,0.5205479452054794
778,3594240,6393.7,249,0.053564123809337616,0.8890869140625,1.0,0.15797266364097595,-0.01683,0.41142,0.0,0.02479,0.01352,-0.86178,0.15508,0.00012,0.5575,0.3675,0.04,0.0225,0.0525,0.46941708578258784,0.7529411764705882,0.4025974025974026,0.5116279069767442,0.5844155844155844,0.52
779,3596288,6401.0,249,0.07812310755252838,0.8861572265624998,1.0,0.15798185765743256,-0.01887,0.37195,0.0,0.02604,0.01277,-0.86099,0.15303,0.00012,0.56,0.365,0.04,0.02,0.055,0.472368853298469,0.7529411764705882,0.4025974025974026,0.5301204819277109,0.5769230769230769,0.5194805194805194
780,3598336,6409.0,249,0.09357665479183197,0.8847656249999998,0.95,0.15800969302654266,-0.0177,0.61717,0.0,0.02459,0.00887,-0.86088,0.11035,0.00018,0.5525,0.3675,0.04,0.0225,0.0575,0.46512618424842617,0.7471264367816092,0.3815789473684211,0.5,0.5949367088607594,0.5138888888888888
781,3600384,6416.7,249,0.061885301023721695,0.8794921874999998,0.95,0.15810315310955048,-0.02008,0.53575,0.0,0.02647,0.01585,-0.86003,0.1752,0.00018,0.5525,0.365,0.04,0.02,0.0625,0.4641905338982311,0.7252747252747253,0.3918918918918919,0.5180722891566265,0.5822784810126582,0.5068493150684932
782,3602432,6424.4,249,0.09662660956382751,0.8777587890624998,1.0,0.15822210907936096,-0.01782,0.98125,0.0,0.02735,0.01485,-0.8588,0.17627,0.00018,0.545,0.3775,0.05,0.015,0.0625,0.46281963040378976,0.6938775510204082,0.4225352112676056,0.5176470588235295,0.5641025641025641,0.47058823529411764
783,3604480,6431.8,249,0.10676261782646179,0.8638183593749997,1.0,0.1581592857837677,-0.02368,0.60859,0.0,0.02805,0.01458,-0.85791,0.15234,0.00012,0.54,0.3875,0.05,0.01,0.0625,0.45688961738797645,0.6907216494845361,0.4583333333333333,0.4880952380952381,0.5542168674698795,0.453125
784,3606528,6439.9,249,0.1458202302455902,0.8723144531249998,1.0,0.15822768211364746,-0.0196,0.5908,0.0,0.0285,0.01091,-0.85819,0.1251,0.00018,0.5425,0.3875,0.0475,0.0125,0.0575,0.4564008062288039,0.7157894736842105,0.4533333333333333,0.4880952380952381,0.5679012345679012,0.4307692307692308
785,3608576,6447.7,249,0.13745731115341187,0.8758056640624998,1.0,0.15828213095664978,-0.02014,0.81715,0.0,0.02549,0.01566,-0.85702,0.16924,0.00018,0.5475,0.3825,0.0475,0.0125,0.0575,0.4622772972880099,0.7216494845360825,0.4246575342465753,0.5,0.5783132530120482,0.4461538461538462
786,3610624,6456.5,249,0.09422004222869873,0.8737304687499998,1.0,0.15821099281311035,-0.02176,0.86444,0.0,0.02648,0.01238,-0.85687,0.13623,0.00018,0.535,0.395,0.05,0.0125,0.0575,0.4570382814295113,0.6947368421052632,0.4444444444444444,0.4625,0.5949367088607594,0.4307692307692308
787,3612672,6464.9,249,0.12101976573467255,0.8716552734374998,1.0,0.15828227996826172,-0.02329,0.46721,0.0,0.02692,0.01504,-0.85673,0.16318,0.00018,0.535,0.4,0.055,0.01,0.055,0.46015172480395816,0.7010309278350515,0.4691358024691358,0.44871794871794873,0.5875,0.40625
788,3614720,6472.9,249,0.11086194962263107,0.8761474609374998,1.0,0.15833982825279236,-0.02177,0.51807,0.0,0.02418,0.01636,-0.85556,0.1749,0.00012,0.5425,0.39,0.05,0.0125,0.055,0.46357620259368326,0.7244897959183674,0.4642857142857143,0.45454545454545453,0.5844155844155844,0.421875
789,3616768,6480.5,249,0.09321902692317963,0.8729492187499999,1.0,0.15845654904842377,-0.02118,0.6964,0.0,0.02453,0.01108,-0.85454,0.12158,0.00018,0.535,0.3975,0.0525,0.0125,0.055,0.4554583287969017,0.7010309278350515,0.4430379746835443,0.4625,0.5769230769230769,0.4393939393939394
790,3618816,6488.1,249,0.11014281958341599,0.8683593749999999,1.0,0.1583750694990158,-0.02063,0.71338,0.0,0.02423,0.01172,-0.85389,0.14248,0.00027,0.545,0.3875,0.0475,0.015,0.0525,0.46409304201194557,0.7216494845360825,0.4675324675324675,0.45569620253164556,0.5822784810126582,0.4411764705882353
791,3620864,6496.3,249,0.07600073516368866,0.8675292968749999,1.0,0.15806365013122559,-0.02128,0.79543,0.0,0.02261,0.01718,-0.85704,0.18174,0.00012,0.5375,0.395,0.0425,0.015,0.0525,0.4590847319613459,0.7216494845360825,0.45,0.4567901234567901,0.5657894736842105,0.4393939393939394
792,3622912,6503.9,249,0.09521704912185669,0.8625732421874999,1.0,0.15786762535572052,-0.02011,0.46087,0.0,0.0234,0.01109,-0.85987,0.12793,0.00018,0.5325,0.4025,0.0425,0.015,0.05,0.45849102682286896,0.711340206185567,0.44047619047619047,0.4567901234567901,0.5555555555555556,0.45454545454545453
793,3624960,6514.4,249,0.03843585401773453,0.8572265624999998,1.0,0.15779317915439606,-0.02163,0.94951,0.0,0.02481,0.01158,-0.86217,0.13477,0.00018,0.52,0.42,0.045,0.015,0.045,0.44737257919786466,0.7010309278350515,0.4166666666666667,0.4457831325301205,0.5714285714285714,0.42424242424242425
794,3627008,6523.8,249,0.08887896686792374,0.8476562499999998,1.0,0.15779539942741394,-0.02159,0.64543,0.0,0.02508,0.01318,-0.8623,0.15586,0.00018,0.525,0.4125,0.0475,0.0125,0.05,0.4500851820220531,0.72,0.4342105263157895,0.46511627906976744,0.5571428571428572,0.38235294117647056
795,3629056,6531.4,249,0.12989294528961182,0.8472412109374998,1.0,0.15766273438930511,-0.02221,0.58947,0.0,0.02578,0.01501,-0.86313,0.15928,0.00012,0.525,0.4125,0.0425,0.0125,0.05,0.4557185061733138,0.7058823529411765,0.40540540540540543,0.45348837209302323,0.5915492957746479,0.40298507462686567
796,3631104,6539.0,249,0.14437875151634216,0.8486572265624999,1.0,0.15744811296463013,-0.01915,0.47876,0.0,0.02703,0.0119,-0.8652,0.12832,0.00018,0.5425,0.4,0.045,0.01,0.0475,0.47003772100643604,0.7128712871287128,0.4473684210526316,0.45121951219512196,0.6,0.4393939393939394
797,3633152,6546.4,249,0.013344780541956425,0.8447998046874999,1.0,0.1572064757347107,-0.02009,0.89131,0.0,0.02793,0.01262,-0.86867,0.15186,0.00027,0.5275,0.42,0.0475,0.01,0.0425,0.46175517941999145,0.6836734693877551,0.4805194805194805,0.4578313253012048,0.5333333333333333,0.43283582089552236
798,3635200,6555.0,249,0.11497054994106293,0.8397949218749998,0.95,0.15712717175483704,-0.02922,0.47991,0.0,0.02335,0.02061,-0.87072,0.20088,0.00012,0.5325,0.4175,0.045,0.0125,0.0375,0.4682906475679826,0.6989247311827957,0.48,0.4444444444444444,0.5432098765432098,0.45714285714285713
799,3637248,6563.0,249,0.07714590430259705,0.8320068359374998,0.95,0.1571926772594452,-0.01628,0.83436,0.0,0.02438,0.00989,-0.87108,0.11787,0.00018,0.53,0.425,0.04,0.0125,0.0325,0.4664309327332791,0.6853932584269663,0.49382716049382713,0.4358974358974359,0.5432098765432098,0.4647887323943662
800,3639296,6570.8,249,0.12556947767734528,0.8301513671874998,1.0,0.15728166699409485,-0.01934,0.72557,0.0,0.02635,0.01311,-0.86966,0.13887,0.00012,0.54,0.4075,0.0375,0.0125,0.04,0.4760059417880055,0.7032967032967034,0.4625,0.45454545454545453,0.5662650602409639,0.4782608695652174
801,3641344,6579.4,249,0.13480888307094574,0.8343505859374998,1.0,0.15729758143424988,-0.02178,0.63072,0.0,0.0258,0.01235,-0.86863,0.14248,0.00018,0.535,0.415,0.0425,0.01,0.04,0.4699155984666589,0.7052631578947368,0.45121951219512196,0.410958904109589,0.573170731707317,0.4852941176470588
802,3643392,6587.9,249,0.08622395992279053,0.8333740234374999,1.0,0.15744861960411072,-0.02285,0.68986,0.0,0.02982,0.01791,-0.86828,0.18916,8e-05,0.5325,0.415,0.045,0.01,0.0425,0.46665858690553824,0.7021276595744681,0.45121951219512196,0.4057971014492754,0.5697674418604651,0.4782608695652174
803,3645440,6595.7,249,0.03780762478709221,0.8281005859374999,1.0,0.15754877030849457,-0.01771,0.52483,0.0,0.02981,0.00906,-0.8663,0.10996,0.00012,0.525,0.4175,0.045,0.0125,0.045,0.4601500343010734,0.7222222222222222,0.44047619047619047,0.38028169014084506,0.550561797752809,0.48484848484848486
804,3647488,6604.2,249,0.10079210996627808,0.8250976562499999,0.95,0.15747398138046265,-0.02108,0.59202,0.0,0.027,0.01059,-0.86607,0.12607,0.00012,0.5275,0.42,0.045,0.0125,0.04,0.462531934899065,0.7216494845360825,0.4166666666666667,0.40298507462686567,0.5465116279069767,0.48484848484848486
805,3649536,6612.5,249,0.12488064169883728,0.8296630859374999,1.0,0.15748976171016693,-0.0162,0.63808,0.0,0.02575,0.00938,-0.86639,0.1209,0.00018,0.5275,0.4175,0.045,0.0125,0.045,0.4572109548393333,0.711340206185567,0.4146341463414634,0.3787878787878788,0.5632183908045977,0.5
806,3651584,6621.2,249,0.11175789684057236,0.8261718749999998,1.0,0.15696504712104797,-0.02563,0.56323,0.0,0.02587,0.01853,-0.86884,0.18262,8e-05,0.5275,0.42,0.0425,0.01,0.045,0.45512381958028914,0.7204301075268817,0.44047619047619047,0.373134328358209,0.5568181818181818,0.4852941176470588
807,3653632,6629.8,249,0.12004327774047852,0.8309082031249999,1.0,0.15683314204216003,-0.01662,1.06971,0.0,0.02697,0.00937,-0.87342,0.11611,0.00012,0.535,0.415,0.0475,0.01,0.0425,0.4594705010801824,0.7204301075268817,0.4222222222222222,0.38095238095238093,0.6046511627906976,0.4852941176470588
808,3655680,6638.8,249,0.1086481362581253,0.8208740234374998,1.0,0.156800776720047,-0.02336,0.74177,0.0,0.02644,0.0137,-0.87417,0.16494,0.00012,0.535,0.4175,0.045,0.01,0.04,0.46010792186789784,0.6931818181818182,0.4367816091954023,0.390625,0.6363636363636364,0.4657534246575342
809,3657728,6647.7,249,0.15928077697753906,0.8189697265624998,0.95,0.15682697296142578,-0.01993,0.69908,0.0,0.02641,0.01449,-0.87418,0.15684,8e-05,0.5375,0.4175,0.0375,0.0125,0.035,0.4628868798253423,0.7078651685393258,0.42168674698795183,0.4090909090909091,0.6483516483516484,0.43661971830985913
810,3659776,6655.6,249,0.1572979986667633,0.8256347656249998,0.95,0.1566728949546814,-0.01989,0.6084,0.0,0.0267,0.00831,-0.87464,0.10527,0.00018,0.5525,0.4075,0.0375,0.0125,0.03,0.4790164139943801,0.7032967032967034,0.4268292682926829,0.42424242424242425,0.648936170212766,0.4925373134328358
811,3661824,6662.9,249,0.15256339311599731,0.8308837890624998,0.95,0.15634676814079285,-0.02451,0.32508,0.0,0.02893,0.01553,-0.87817,0.16572,8e-05,0.5675,0.3975,0.04,0.0125,0.025,0.4922861474918044,0.7386363636363636,0.4588235294117647,0.42028985507246375,0.6483516483516484,0.5223880597014925
812,3663872,6671.8,249,0.05397289991378784,0.8382324218749999,0.95,0.15632958710193634,-0.02088,0.61585,0.0,0.02956,0.01247,-0.88048,0.14268,8e-05,0.5625,0.405,0.0375,0.0125,0.0225,0.48808325574191797,0.7191011235955056,0.4578313253012048,0.4411764705882353,0.6404494382022472,0.5070422535211268
813,3665920,6680.2,249,0.09053047001361847,0.8350830078124998,0.9649999999999977,0.1562640219926834,-0.01854,0.65404,0.0,0.02724,0.00937,-0.88034,0.10498,0.00012,0.565,0.4,0.04,0.0125,0.025,0.48515825657400186,0.7052631578947368,0.45,0.44776119402985076,0.6705882352941176,0.4931506849315068
814,3667968,6688.3,249,0.06195630878210068,0.8251708984374999,1.0,0.15613049268722534,-0.01708,0.89047,0.0,0.0265,0.01206,-0.88182,0.1499,0.00018,0.555,0.4175,0.0425,0.0075,0.0225,0.4736856818386012,0.7263157894736842,0.4166666666666667,0.4264705882352941,0.6746987951807228,0.4714285714285714
815,3670016,6696.5,249,0.13900691270828247,0.8177490234374998,1.0,0.15617913007736206,-0.02054,0.80529,0.0,0.02408,0.0148,-0.88261,0.16533,0.00018,0.5625,0.41,0.045,0.0075,0.0225,0.4792054541821196,0.7282608695652174,0.4050632911392405,0.4142857142857143,0.7176470588235294,0.4864864864864865
816,3672064,6705.2,249,0.05628956854343414,0.8150390624999999,1.0,0.1561700701713562,-0.02187,0.69462,0.0,0.02942,0.0161,-0.88178,0.15889,8e-05,0.5625,0.415,0.0425,0.01,0.015,0.47738755890516765,0.7303370786516854,0.4125,0.4084507042253521,0.7159090909090909,0.4861111111111111
817,3674112,6713.3,249,0.16311302781105042,0.8189941406249999,1.0,0.15611335635185242,-0.01742,0.57375,0.0,0.02708,0.0077,-0.88242,0.08428,0.00012,0.5675,0.405,0.0375,0.0125,0.0175,0.48328436714598355,0.7159090909090909,0.4155844155844156,0.4342105263157895,0.7073170731707317,0.5324675324675324
818,3676160,6721.7,249,0.11051231622695923,0.8249267578124997,1.0,0.15617124736309052,-0.01991,0.77377,0.0,0.02982,0.0115,-0.88281,0.12197,0.00018,0.56,0.4125,0.04,0.0125,0.0175,0.48055676510043044,0.7176470588235294,0.41333333333333333,0.44155844155844154,0.6704545454545454,0.52
819,3678208,6729.6,249,0.12227869778871536,0.8167724609374998,1.0,0.15642109513282776,-0.02371,0.70325,0.0,0.02628,0.01863,-0.88076,0.19141,8e-05,0.57,0.4025,0.04,0.0125,0.0175,0.49007418164055516,0.7282608695652174,0.42028985507246375,0.4666666666666667,0.6823529411764706,0.4936708860759494
820,3680256,6738.1,249,0.08329792320728302,0.8210449218749998,1.0,0.15645240247249603,-0.0177,0.62509,0.0,0.02724,0.00735,-0.87893,0.09668,0.00012,0.565,0.4025,0.035,0.015,0.02,0.48473343708889033,0.7303370786516854,0.4307692307692308,0.4430379746835443,0.6704545454545454,0.4936708860759494
821,3682304,6745.8,249,0.10193031281232834,0.8174316406249998,1.0,0.15641450881958008,-0.01957,0.73457,0.0,0.02704,0.00936,-0.87901,0.12119,0.00018,0.5625,0.405,0.04,0.015,0.0175,0.48896858439877994,0.7411764705882353,0.43283582089552236,0.4470588235294118,0.6627906976744186,0.4935064935064935
822,3684352,6753.5,249,0.09877503663301468,0.8243896484374998,1.0,0.15630385279655457,-0.021,0.44337,0.0,0.02422,0.01549,-0.88013,0.16396,0.00012,0.5675,0.3975,0.04,0.015,0.02,0.49185189698127424,0.7415730337078652,0.40625,0.47560975609756095,0.6590909090909091,0.4935064935064935
823,3686400,6761.8,249,0.10104440897703171,0.8298339843749998,1.0,0.15620799362659454,-0.01994,0.50988,0.0,0.02389,0.01071,-0.881,0.13037,0.00018,0.565,0.4025,0.0375,0.0125,0.02,0.49114292413424804,0.7472527472527473,0.43333333333333335,0.47619047619047616,0.6265060240963856,0.4878048780487805
824,3688448,6769.4,249,0.10574766248464584,0.8322998046874999,1.0,0.156098872423172,-0.02627,0.62013,0.0,0.02456,0.01321,-0.88215,0.15391,0.00018,0.5725,0.395,0.0425,0.0125,0.02,0.49474020543709074,0.7419354838709677,0.4576271186440678,0.4827586206896552,0.6,0.5263157894736842
825,3690496,6776.6,249,0.13372045755386353,0.8335693359374998,1.0,0.15606603026390076,-0.02109,0.62847,0.0,0.02367,0.01556,-0.88336,0.1709,0.00012,0.5775,0.3875,0.0475,0.0125,0.0225,0.5003313588316548,0.7608695652173914,0.4827586206896552,0.47191011235955055,0.5952380952380952,0.5324675324675324
826,3692544,6784.7,249,0.08682145178318024,0.8387207031249999,1.0,0.15585610270500183,-0.01853,0.59943,0.0,0.02359,0.01479,-0.88473,0.14287,0.00012,0.5775,0.3875,0.0475,0.01,0.025,0.5001050035125911,0.7634408602150538,0.5,0.45348837209302323,0.5747126436781609,0.5555555555555556
827,3694592,6793.4,249,0.040091656148433685,0.8362548828124998,1.0,0.15594077110290527,-0.01956,0.76957,0.0,0.02453,0.01017,-0.886,0.11885,0.00018,0.56,0.4025,0.05,0.01,0.0275,0.4858564397077372,0.7291666666666666,0.5,0.43373493975903615,0.5555555555555556,0.5384615384615384
828,3696640,6801.6,249,0.04491831362247467,0.8238525390624998,1.0,0.1559406816959381,-0.02204,0.85593,0.0,0.02088,0.0127,-0.88456,0.14775,0.00018,0.5275,0.4275,0.0475,0.0125,0.0325,0.45682435850125,0.7065217391304348,0.46774193548387094,0.425,0.5180722891566265,0.4819277108433735
829,3698688,6809.8,249,0.11963511258363724,0.8163330078124998,1.0,0.15589164197444916,-0.02224,0.85643,0.0,0.0231,0.01614,-0.88499,0.16113,0.00012,0.53,0.425,0.055,0.0125,0.0325,0.45970085568202806,0.6947368421052632,0.4666666666666667,0.4444444444444444,0.5176470588235295,0.4810126582278481
830,3700736,6818.7,249,0.09398256242275238,0.8096679687499999,1.0,0.15586012601852417,-0.02143,0.60406,0.0,0.02141,0.01427,-0.88546,0.16211,0.00012,0.525,0.43,0.0525,0.0125,0.0325,0.4607593375501036,0.717391304347826,0.43333333333333335,0.43037974683544306,0.5,0.4936708860759494
831,3702784,6827.8,249,0.14764732122421265,0.8101074218749997,0.95,0.15581177175045013,-0.01946,0.62115,0.0,0.01866,0.01069,-0.88601,0.13145,0.00018,0.5425,0.4075,0.05,0.0125,0.0375,0.4771572762559954,0.7111111111111111,0.5,0.4675324675324675,0.5,0.5061728395061729
832,3704832,6835.7,249,0.1240956261754036,0.8127441406249998,0.95,0.1556067168712616,-0.02311,0.59419,0.0,0.02005,0.02082,-0.88761,0.20146,8e-05,0.5475,0.4,0.0475,0.0125,0.04,0.4820776467472821,0.7065217391304348,0.5,0.5131578947368421,0.46511627906976744,0.5256410256410257
833,3706880,6843.2,249,0.12061989307403564,0.81865234375,1.0,0.1553683578968048,-0.01803,0.5974,0.0,0.01739,0.01019,-0.89021,0.11104,0.00018,0.55,0.4075,0.05,0.0075,0.035,0.48443032355268545,0.7157894736842105,0.5072463768115942,0.5324675324675324,0.47619047619047616,0.48
834,3708928,6851.3,249,0.05723138153553009,0.8216064453124998,1.0,0.15532448887825012,-0.02187,0.86029,0.0,0.02109,0.01462,-0.89235,0.16514,0.00012,0.5375,0.4125,0.05,0.01,0.04,0.46990408385618165,0.7263157894736842,0.4788732394366197,0.5066666666666667,0.46987951807228917,0.4605263157894737
835,3710976,6858.7,249,0.0650452971458435,0.8145507812499999,0.95,0.15531384944915771,-0.01682,0.71593,0.0,0.0189,0.00747,-0.89201,0.08994,0.00018,0.5425,0.41,0.045,0.01,0.0375,0.4742001396997185,0.7204301075268817,0.5,0.5128205128205128,0.49382716049382713,0.45
836,3713024,6866.0,249,0.10409232974052429,0.8131347656249999,0.95,0.15533065795898438,-0.02095,0.43154,0.0,0.01865,0.01546,-0.89217,0.16631,0.00012,0.5425,0.415,0.045,0.0075,0.035,0.4725630986207786,0.6931818181818182,0.5142857142857142,0.5125,0.49382716049382713,0.48148148148148145
837,3715072,6872.8,249,0.1436862051486969,0.8221923828124998,1.0,0.1552131474018097,-0.01823,0.2715,0.0,0.01885,0.01202,-0.89271,0.14014,0.00018,0.5525,0.4075,0.045,0.005,0.035,0.47939780117871533,0.7011494252873564,0.5405405405405406,0.5365853658536586,0.5,0.4691358024691358
838,3717120,6880.0,249,0.08416365087032318,0.8288818359374999,1.0,0.15504607558250427,-0.02279,0.36773,0.0,0.01879,0.01668,-0.8947,0.17031,0.00012,0.5575,0.4025,0.045,0.005,0.035,0.4822329310756463,0.686046511627907,0.547945205479452,0.569620253164557,0.5125,0.4634146341463415
839,3719168,6888.2,249,0.096012182533741,0.8339843749999998,1.0,0.1550532579421997,-0.0206,0.27744,0.0,0.02062,0.01213,-0.89577,0.12266,0.00018,0.565,0.395,0.0425,0.005,0.035,0.48990356314893363,0.6705882352941176,0.5833333333333334,0.5866666666666667,0.5365853658536586,0.45348837209302323
840,3721216,6895.9,249,0.025485370308160782,0.8238037109374998,1.0,0.15494303405284882,-0.0203,0.65802,0.0,0.02241,0.01755,-0.89621,0.17324,0.00012,0.5525,0.4075,0.0425,0.005,0.035,0.48102026364491257,0.6666666666666666,0.5394736842105263,0.56,0.525,0.47058823529411764
841,3723264,6903.5,249,0.0510496124625206,0.8235351562499997,1.0,0.15478208661079407,-0.01887,0.43262,0.0,0.02182,0.01048,-0.8979,0.12988,0.00018,0.5475,0.4075,0.045,0.005,0.04,0.4739451026995107,0.6790123456790124,0.5333333333333333,0.5324675324675324,0.5365853658536586,0.4588235294117647
842,3725312,6910.8,250,0.060454197227954865,0.8236083984374998,1.0,0.1547384262084961,-0.01601,0.39683,0.0,0.02125,0.01244,-0.89946,0.15625,0.00018,0.545,0.4075,0.0475,0.005,0.0425,0.47355470206875866,0.6746987951807228,0.5194805194805194,0.547945205479452,0.5432098765432098,0.4418604651162791
843,3727360,6918.7,250,0.0598791167140007,0.8222900390624999,1.0,0.15472446382045746,-0.02204,0.43646,0.0,0.02226,0.01658,-0.89968,0.18584,0.00012,0.5475,0.405,0.0475,0.005,0.0425,0.47500850400647676,0.6931818181818182,0.49333333333333335,0.5555555555555556,0.5512820512820513,0.4367816091954023
844,3729408,6926.6,250,0.11075533926486969,0.8268554687499998,1.0,0.1546928584575653,-0.01661,0.32827,0.0,0.02188,0.01343,-0.89986,0.15742,0.00012,0.545,0.4025,0.045,0.005,0.0475,0.46891793373130214,0.6976744186046512,0.4935064935064935,0.5507246376811594,0.5625,0.42045454545454547
845,3731456,6934.1,250,0.06271077692508698,0.8216552734374998,1.0,0.15494075417518616,-0.02015,0.67269,0.0,0.02084,0.01176,-0.89923,0.13857,0.00018,0.535,0.4125,0.05,0.005,0.0475,0.4632364668111964,0.6923076923076923,0.4868421052631579,0.5492957746478874,0.527027027027027,0.4090909090909091
846,3733504,6942.2,250,0.06439528614282608,0.8180419921874997,1.0,0.15491771697998047,-0.0224,0.5821,0.0,0.02161,0.01499,-0.89673,0.15029,0.00018,0.5375,0.4075,0.0475,0.005,0.05,0.46523229633902147,0.7078651685393258,0.4868421052631579,0.5753424657534246,0.5256410256410257,0.38095238095238093
847,3735552,6949.8,250,0.07403194904327393,0.8154296874999998,1.0,0.15482494235038757,-0.0207,0.49248,0.0,0.02022,0.01746,-0.89852,0.18389,0.00012,0.55,0.4,0.045,0.0025,0.0475,0.4741694671253711,0.7252747252747253,0.5,0.5616438356164384,0.5466666666666666,0.4
848,3737600,6957.5,250,0.11130890250205994,0.8168701171874998,1.0,0.1546541452407837,-0.02101,0.34351,0.0,0.02216,0.01373,-0.8996,0.16299,0.00018,0.5625,0.39,0.04,0.0025,0.045,0.48571399193838954,0.7419354838709677,0.4868421052631579,0.547945205479452,0.5949367088607594,0.4050632911392405
849,3739648,6965.1,250,0.040946949273347855,0.8123535156249999,0.95,0.1544746458530426,-0.02185,0.36952,0.0,0.02163,0.0155,-0.90285,0.17461,0.00012,0.56,0.39,0.0375,0.0025,0.0475,0.48527481146354384,0.7444444444444445,0.5,0.5333333333333333,0.5897435897435898,0.4050632911392405
850,3741696,6973.6,250,0.10496056079864502,0.8096679687499999,0.95,0.15447354316711426,-0.02017,0.4873,0.0,0.01987,0.01353,-0.90407,0.16953,0.00012,0.565,0.375,0.0375,0.0075,0.0525,0.4887246351637039,0.7553191489361702,0.5068493150684932,0.5487804878048781,0.6,0.3684210526315789
851,3743744,6981.4,250,0.18160900473594666,0.8097900390624999,0.95,0.15423494577407837,-0.02198,0.56976,0.0,0.02393,0.01181,-0.90493,0.13662,0.00018,0.565,0.37,0.0375,0.0075,0.0575,0.49160979803490606,0.7864077669902912,0.4393939393939394,0.55,0.6081081081081081,0.35064935064935066
852,3745792,6988.9,250,0.1048775240778923,0.8201904296874999,1.0,0.15401066839694977,-0.02214,0.65462,0.0,0.02391,0.01509,-0.90912,0.15088,0.00012,0.56,0.375,0.04,0.0075,0.0575,0.48718283961406056,0.7843137254901961,0.44776119402985076,0.5301204819277109,0.589041095890411,0.36
853,3747840,6996.5,250,0.1234244778752327,0.8219726562499998,0.95,0.15399475395679474,-0.02093,0.64862,0.0,0.02445,0.01016,-0.91057,0.12402,0.00018,0.565,0.37,0.0425,0.0075,0.0575,0.4906109310720115,0.803921568627451,0.43283582089552236,0.5121951219512195,0.6133333333333333,0.36486486486486486
854,3749888,7006.2,250,0.09666122496128082,0.8212402343749998,0.95,0.1542949378490448,-0.02178,0.50777,0.0,0.02536,0.01665,-0.90889,0.17246,0.00012,0.57,0.37,0.045,0.005,0.055,0.48987293200221443,0.7843137254901961,0.4411764705882353,0.525,0.6363636363636364,0.3698630136986301
855,3751936,7015.1,250,0.0815834105014801,0.8286621093749998,0.95,0.15448686480522156,-0.02078,0.86191,0.0,0.02994,0.00945,-0.90572,0.11875,0.00018,0.5675,0.36,0.0425,0.0125,0.06,0.487402654879301,0.7904761904761904,0.4492753623188406,0.5454545454545454,0.6153846153846154,0.323943661971831
856,3753984,7024.4,250,0.17417731881141663,0.8296630859374998,0.95,0.1544499397277832,-0.02435,0.59053,0.0,0.02829,0.01753,-0.9043,0.18564,0.00012,0.56,0.365,0.0425,0.0125,0.0625,0.4835465906892166,0.8037383177570093,0.4225352112676056,0.5342465753424658,0.5875,0.3188405797101449
857,3756032,7033.7,250,0.1019071415066719,0.8311523437499999,1.0,0.15440645813941956,-0.0165,0.93881,0.0,0.02613,0.01131,-0.90523,0.1374,0.00018,0.5475,0.38,0.0425,0.015,0.0575,0.47474371578917285,0.8108108108108109,0.4,0.5,0.5657894736842105,0.3088235294117647
858,3758080,7042.4,250,0.06573552638292313,0.8244628906249998,0.95,0.1544952094554901,-0.02252,0.81616,0.0,0.02375,0.01273,-0.90496,0.14707,0.00027,0.545,0.385,0.045,0.015,0.055,0.4720093866412107,0.8198198198198198,0.4,0.5211267605633803,0.5324675324675324,0.2878787878787879
859,3760128,7050.4,250,0.10178455710411072,0.8194580078124998,0.95,0.15459226071834564,-0.02202,0.59449,0.0,0.02563,0.02439,-0.90372,0.22871,0.00012,0.5475,0.3875,0.04,0.015,0.05,0.47640869896213417,0.8125,0.39473684210526316,0.5217391304347826,0.5316455696202531,0.3125
860,3762176,7058.6,250,0.12348871678113937,0.8204101562499998,0.95,0.15483108162879944,-0.02039,0.64981,0.0,0.026,0.0098,-0.90185,0.11719,0.00018,0.55,0.39,0.035,0.015,0.045,0.4782888381874493,0.7909090909090909,0.41333333333333333,0.5285714285714286,0.5609756097560976,0.30158730158730157
861,3764224,7067.4,250,0.1320667713880539,0.8219726562499998,0.95,0.15485446155071259,-0.02423,0.58314,0.0,0.02401,0.01491,-0.89995,0.15547,0.00012,0.56,0.3775,0.035,0.015,0.0475,0.4880156993729642,0.8,0.410958904109589,0.5277777777777778,0.6071428571428571,0.3181818181818182
862,3766272,7075.3,250,0.1059257984161377,0.8206787109374998,0.95,0.1547725647687912,-0.02053,0.60658,0.0,0.02166,0.01176,-0.90078,0.13184,0.00018,0.5625,0.3775,0.035,0.015,0.045,0.4884225387109366,0.7980769230769231,0.42105263157894735,0.4927536231884058,0.6395348837209303,0.3230769230769231
863,3768320,7083.5,250,0.12295451015233994,0.8268798828124999,1.0,0.15475305914878845,-0.0202,0.67048,0.0,0.0215,0.0163,-0.90172,0.17031,0.00012,0.57,0.37,0.035,0.015,0.045,0.4941227990390754,0.7941176470588235,0.4,0.5333333333333333,0.6823529411764706,0.30158730158730157
864,3770368,7092.4,249,0.1421106904745102,0.8341064453124998,1.0,0.15482977032661438,-0.0238,0.50409,0.0,0.02351,0.01331,-0.90108,0.14492,0.00012,0.5725,0.365,0.035,0.015,0.0475,0.49527002378618434,0.797979797979798,0.4155844155844156,0.5641025641025641,0.6585365853658537,0.3125
865,3772416,7102.0,249,0.12822669744491577,0.8382080078124998,1.0,0.15482783317565918,-0.02102,0.76254,0.0,0.02647,0.01291,-0.90061,0.13643,0.00018,0.5775,0.3675,0.04,0.015,0.04,0.4962746942967053,0.8181818181818182,0.40963855421686746,0.5555555555555556,0.6835443037974683,0.3283582089552239
866,3774464,7111.0,249,0.15345075726509094,0.8392578124999999,0.95,0.15483900904655457,-0.02467,0.80687,0.0,0.02369,0.01202,-0.90056,0.13281,0.00018,0.58,0.3725,0.045,0.01,0.0375,0.4992020617824309,0.8210526315789474,0.41379310344827586,0.5571428571428572,0.691358024691358,0.34328358208955223
867,3776512,7119.4,249,0.16082806885242462,0.8416015625,0.95,0.15443789958953857,-0.02537,0.86802,0.0,0.02325,0.01402,-0.90285,0.14131,0.00012,0.575,0.38,0.0425,0.01,0.035,0.4923466051168781,0.7959183673469388,0.4318181818181818,0.5454545454545454,0.7037037037037037,0.31343283582089554
868,3778560,7127.1,249,0.07143742591142654,0.8466796874999998,0.95,0.15452399849891663,-0.02044,0.66083,0.0,0.02483,0.0119,-0.90549,0.13975,0.00018,0.5725,0.385,0.045,0.01,0.0325,0.48709687165082743,0.8061224489795918,0.42528735632183906,0.5223880597014925,0.7088607594936709,0.3188405797101449
869,3780608,7135.2,249,0.11053711920976639,0.8442626953124999,1.0,0.1546049416065216,-0.02065,0.79893,0.0,0.02357,0.01371,-0.90379,0.16846,0.00018,0.57,0.3875,0.04,0.01,0.0325,0.4871649858385706,0.8144329896907216,0.42045454545454547,0.5303030303030303,0.6875,0.3188405797101449
870,3782656,7142.8,249,0.08765347301959991,0.8417480468749998,1.0,0.1546696126461029,-0.02031,0.68638,0.0,0.02297,0.01408,-0.90321,0.16396,0.00018,0.56,0.4025,0.045,0.0075,0.03,0.4826899699566283,0.7938144329896907,0.43956043956043955,0.4925373134328358,0.684931506849315,0.3333333333333333
871,3784704,7151.4,249,0.12083737552165985,0.8314697265624998,0.95,0.154690682888031,-0.0185,0.99783,0.0,0.02188,0.01184,-0.90252,0.13496,0.00027,0.56,0.4075,0.05,0.005,0.0275,0.4778156044540581,0.7717391304347826,0.4157303370786517,0.4935064935064935,0.7083333333333334,0.38571428571428573
872,3786752,7160.1,249,0.15073418617248535,0.8361083984374998,0.95,0.15441830456256866,-0.02558,0.69623,0.0,0.02437,0.01369,-0.90388,0.15996,0.00018,0.5675,0.3975,0.05,0.005,0.03,0.48346690227628536,0.7752808988764045,0.4069767441860465,0.5,0.7333333333333333,0.39705882352941174
873,3788800,7168.5,249,0.11951757967472076,0.8432128906249998,1.0,0.15427353978157043,-0.0228,1.04152,0.0,0.02307,0.01049,-0.90725,0.12285,0.00027,0.5725,0.3925,0.045,0.005,0.03,0.48652377677573966,0.7701149425287356,0.42045454545454547,0.49382716049382713,0.7534246575342466,0.4225352112676056
874,3790848,7175.9,249,0.09617425501346588,0.8303466796874999,1.0,0.15414437651634216,-0.0215,0.67093,0.0,0.02382,0.01717,-0.90899,0.19355,0.00012,0.5675,0.3975,0.045,0.005,0.03,0.48063934677736575,0.7831325301204819,0.4186046511627907,0.47619047619047616,0.75,0.4084507042253521
875,3792896,7184.8,249,0.10040058940649033,0.8311523437499998,1.0,0.15410330891609192,-0.01788,0.74659,0.0,0.0248,0.0148,-0.9102,0.15713,0.00012,0.57,0.4,0.05,0.005,0.025,0.4803704561730845,0.7764705882352941,0.4111111111111111,0.4939759036144578,0.7368421052631579,0.42424242424242425
876,3794944,7192.7,249,0.11498259007930756,0.8291503906249998,1.0,0.154144749045372,-0.01823,0.67083,0.0,0.02414,0.01058,-0.91015,0.1332,0.00018,0.565,0.405,0.045,0.005,0.025,0.47770029719895163,0.7764705882352941,0.40860215053763443,0.5119047619047619,0.7123287671232876,0.4153846153846154
877,3796992,7200.9,249,0.14574575424194336,0.8302734374999998,1.0,0.15399542450904846,-0.02054,0.61201,0.0,0.02524,0.0169,-0.91039,0.16855,0.00012,0.565,0.4025,0.045,0.0075,0.025,0.4799214349000611,0.7674418604651163,0.41304347826086957,0.5121951219512195,0.7162162162162162,0.4090909090909091
878,3799040,7210.0,249,0.1276622712612152,0.8302490234374998,1.0,0.15405011177062988,-0.0218,0.83666,0.0,0.02269,0.01054,-0.91167,0.13115,0.00018,0.5625,0.405,0.045,0.0125,0.02,0.478439482842834,0.7816091954022989,0.40217391304347827,0.5,0.6842105263157895,0.4307692307692308
879,3801088,7217.6,249,0.16117259860038757,0.8316406249999997,1.0,0.15382075309753418,-0.0227,0.70414,0.0,0.02333,0.01574,-0.912,0.16895,0.00012,0.56,0.4075,0.045,0.0125,0.02,0.4780938254330376,0.7912087912087912,0.3870967741935484,0.5,0.6756756756756757,0.421875
880,3803136,7225.3,249,0.13147646188735962,0.8343505859374998,1.0,0.15362678468227386,-0.01887,0.87462,0.0,0.02404,0.0118,-0.91547,0.12881,0.00012,0.565,0.4025,0.0375,0.0125,0.02,0.4816807963633248,0.7802197802197802,0.4157303370786517,0.5189873417721519,0.6582278481012658,0.4032258064516129
881,3805184,7232.7,249,0.11308786273002625,0.8356201171874998,1.0,0.15363720059394836,-0.01983,0.68204,0.0,0.0218,0.00912,-0.91705,0.10957,0.00018,0.5625,0.4075,0.03,0.0125,0.0175,0.4745628309306722,0.7473684210526316,0.43023255813953487,0.5,0.6666666666666666,0.4098360655737705
882,3807232,7240.6,249,0.07641640305519104,0.8291259765624999,1.0,0.15388116240501404,-0.02296,0.63503,0.0,0.02039,0.01563,-0.91566,0.17656,0.00018,0.555,0.4125,0.03,0.015,0.0175,0.46702760194331444,0.7472527472527473,0.4166666666666667,0.4939759036144578,0.6410256410256411,0.4375
883,3809280,7250.2,249,0.10270287841558456,0.8247314453124998,1.0,0.1538606882095337,-0.02175,0.88434,0.0,0.02281,0.01307,-0.91329,0.15693,0.00018,0.55,0.415,0.0275,0.015,0.02,0.4661537173177197,0.7529411764705882,0.41379310344827586,0.5180722891566265,0.6144578313253012,0.41935483870967744
884,3811328,7258.7,249,0.17085185647010803,0.8264648437499998,1.0,0.15365135669708252,-0.02752,0.7056,0.0,0.02228,0.01507,-0.915,0.1668,0.00012,0.5625,0.4075,0.025,0.0125,0.0175,0.4810586401280347,0.7528089887640449,0.4111111111111111,0.5256410256410257,0.6585365853658537,0.4262295081967213
885,3813376,7266.5,249,0.1145484447479248,0.8319580078125,1.0,0.1535554826259613,-0.02165,0.64517,0.0,0.02427,0.01282,-0.91701,0.13232,0.00012,0.5725,0.3975,0.0225,0.0125,0.0175,0.49027289775056704,0.75,0.42857142857142855,0.5405405405405406,0.6470588235294118,0.4482758620689655
886,3815424,7274.0,249,0.11794055998325348,0.8286865234374998,1.0,0.1533033698797226,-0.02389,0.65465,0.0,0.02322,0.01344,-0.91897,0.14893,8e-05,0.5725,0.4,0.025,0.0125,0.015,0.4916317603476675,0.7789473684210526,0.4431818181818182,0.5217391304347826,0.6292134831460674,0.4067796610169492
887,3817472,7281.0,249,0.051859866827726364,0.8225341796874999,0.95,0.15311148762702942,-0.0177,0.92392,0.0,0.02104,0.0093,-0.92206,0.1085,0.00018,0.5575,0.4175,0.0225,0.01,0.015,0.4794006268919347,0.78,0.44047619047619047,0.5079365079365079,0.6136363636363636,0.3384615384615385
888,3819520,7288.2,250,0.11045259237289429,0.8122558593749998,0.95,0.1531105488538742,-0.02096,0.67387,0.0,0.02307,0.01311,-0.92374,0.14863,0.00018,0.55,0.42,0.025,0.0125,0.0175,0.47273519402669095,0.7676767676767676,0.45569620253164556,0.4696969696969697,0.6153846153846154,0.3230769230769231
889,3821568,7295.5,250,0.11141257733106613,0.8133789062499999,0.95,0.1533513367176056,-0.02051,0.83744,0.0,0.02486,0.01387,-0.92208,0.14326,0.00012,0.565,0.4025,0.0225,0.015,0.0175,0.4865470415482092,0.76,0.475,0.5245901639344263,0.6304347826086957,0.3283582089552239
890,3823616,7303.3,250,0.12093523889780045,0.8173095703125,0.95,0.15343305468559265,-0.02246,0.64485,0.0,0.02474,0.01419,-0.91955,0.14932,0.00012,0.555,0.4075,0.0275,0.015,0.0225,0.47997954201673265,0.75,0.4625,0.5,0.6235294117647059,0.3283582089552239
891,3825664,7311.5,250,0.17164993286132812,0.8297607421874997,0.95,0.1534031331539154,-0.02141,0.79349,0.0,0.0255,0.01076,-0.91905,0.12461,0.00018,0.57,0.3875,0.0225,0.0175,0.025,0.4871299991603129,0.7766990291262136,0.47435897435897434,0.5,0.6309523809523809,0.36619718309859156
892,3827712,7318.8,250,0.11825665831565857,0.8379150390624999,0.95,0.15322718024253845,-0.02397,0.79623,0.0,0.02542,0.01654,-0.92059,0.16299,0.00012,0.565,0.3925,0.025,0.015,0.0275,0.4833049664700102,0.7663551401869159,0.4457831325301205,0.5079365079365079,0.6296296296296297,0.36363636363636365
893,3829760,7326.3,250,0.12326404452323914,0.8315917968749998,0.95,0.15314367413520813,-0.02115,0.70795,0.0,0.02471,0.01121,-0.92218,0.13262,0.00018,0.565,0.395,0.0275,0.0125,0.0275,0.4817529446816911,0.7685185185185185,0.449438202247191,0.47619047619047616,0.6623376623376623,0.3492063492063492
894,3831808,7333.9,250,0.11901406943798065,0.8349853515624999,1.0,0.15301667153835297,-0.02468,0.68185,0.0,0.02569,0.01721,-0.92394,0.16973,8e-05,0.5625,0.3975,0.0275,0.0125,0.0275,0.4821838183782623,0.7798165137614679,0.4431818181818182,0.45161290322580644,0.6329113924050633,0.3709677419354839
895,3833856,7341.0,250,0.11084456741809845,0.8347656249999997,1.0,0.15298473834991455,-0.01385,0.62316,0.0,0.02674,0.00721,-0.92474,0.08975,0.00012,0.5625,0.3975,0.0275,0.0125,0.0275,0.4819872300582543,0.7909090909090909,0.46511627906976744,0.4098360655737705,0.625,0.36507936507936506
896,3835904,7348.9,250,0.12000429630279541,0.8377197265624998,1.0,0.1530447006225586,-0.02273,0.61737,0.0,0.02848,0.01369,-0.9247,0.15557,8e-05,0.5725,0.3875,0.0275,0.0125,0.0275,0.4869308028441063,0.8113207547169812,0.4318181818181818,0.4426229508196721,0.6582278481012658,0.3939393939393939
897,3837952,7356.5,250,0.08438977599143982,0.8387451171874998,1.0,0.15292988717556,-0.02001,0.74217,0.0,0.02646,0.01104,-0.92476,0.12959,0.00018,0.5675,0.3925,0.0275,0.0125,0.0275,0.48576828222527907,0.7961165048543689,0.44086021505376344,0.43859649122807015,0.6538461538461539,0.4057971014492754
898,3840000,7364.4,250,0.07714670896530151,0.8380126953124998,1.0,0.15314775705337524,-0.02177,0.6866,0.0,0.02972,0.01517,-0.92477,0.1665,0.00012,0.57,0.3875,0.0275,0.015,0.0275,0.48634755570629684,0.8173076923076923,0.4574468085106383,0.4107142857142857,0.6219512195121951,0.40625
899,3842048,7372.0,250,0.05851573497056961,0.8370117187499999,1.0,0.15321022272109985,-0.02065,0.81058,0.0,0.02635,0.00958,-0.92202,0.11348,0.00018,0.56,0.395,0.0275,0.015,0.03,0.47615079037560276,0.7961165048543689,0.4574468085106383,0.375,0.6493506493506493,0.4
900,3844096,7379.9,250,0.060800015926361084,0.8276367187499999,1.0,0.1532638967037201,-0.02365,0.67558,0.0,0.02614,0.01597,-0.92226,0.17471,0.00018,0.555,0.4,0.0275,0.0175,0.0275,0.4690434116219426,0.7864077669902912,0.45054945054945056,0.38596491228070173,0.6623376623376623,0.375
901,3846144,7386.9,250,0.11298434436321259,0.8223632812499998,1.0,0.15316246449947357,-0.02166,0.34812,0.0,0.02693,0.01968,-0.92186,0.19619,8e-05,0.555,0.4,0.025,0.0175,0.0275,0.47256462770027624,0.7961165048543689,0.4666666666666667,0.35714285714285715,0.6410256410256411,0.3835616438356164
902,3848192,7394.0,250,0.03218211978673935,0.8234863281249998,1.0,0.1531127393245697,-0.01864,0.43097,0.0,0.02397,0.00843,-0.92291,0.10488,0.00012,0.55,0.405,0.025,0.0175,0.0275,0.46680385981561157,0.8,0.45454545454545453,0.36666666666666664,0.6455696202531646,0.3698630136986301
903,3850240,7400.8,250,-0.018217679113149643,0.8176025390624998,1.0,0.15309293568134308,-0.01951,0.54443,0.0,0.02159,0.01042,-0.92332,0.11621,0.00027,0.54,0.415,0.025,0.0175,0.0275,0.4554214424297875,0.7959183673469388,0.449438202247191,0.3492063492063492,0.6578947368421053,0.35135135135135137
904,3852288,7408.2,250,0.03353312611579895,0.8165039062499998,1.0,0.15298813581466675,-0.01832,0.30068,0.0,0.02254,0.01544,-0.92405,0.17754,0.00018,0.5375,0.415,0.0225,0.0175,0.03,0.453835446888163,0.7755102040816326,0.46153846153846156,0.3492063492063492,0.6666666666666666,0.3424657534246575
905,3854336,7415.8,250,0.040042974054813385,0.8117919921874999,0.95,0.15300649404525757,-0.02122,0.32908,0.0,0.02575,0.01401,-0.92513,0.16152,0.00018,0.5425,0.4075,0.025,0.0175,0.0325,0.45532697021035273,0.7849462365591398,0.4673913043478261,0.3582089552238806,0.684931506849315,0.36
906,3856384,7423.2,250,0.07296962291002274,0.8149902343749998,1.0,0.15318584442138672,-0.0212,0.29569,0.0,0.02472,0.02027,-0.92397,0.18789,8e-05,0.55,0.4,0.0275,0.0175,0.0325,0.46064625106736884,0.7802197802197802,0.4838709677419355,0.35714285714285715,0.6933333333333334,0.38028169014084506
907,3858432,7430.7,250,0.11858060210943222,0.8241210937499999,1.0,0.15316049754619598,-0.02139,0.41551,0.0,0.02331,0.01188,-0.9228,0.12354,0.00012,0.5625,0.39,0.025,0.0175,0.03,0.47142225491003686,0.8,0.48936170212765956,0.373134328358209,0.6756756756756757,0.4
908,3860480,7438.4,250,0.1150071918964386,0.8316162109374998,1.0,0.1531301736831665,-0.02099,0.40428,0.0,0.02661,0.01388,-0.92346,0.14922,0.00012,0.5625,0.3875,0.025,0.015,0.035,0.47242213956580625,0.8105263157894737,0.4725274725274725,0.37681159420289856,0.6753246753246753,0.39705882352941174
909,3862528,7446.2,250,0.07189285755157471,0.8293701171874998,1.0,0.15307697653770447,-0.01977,0.46699,0.0,0.02474,0.01322,-0.92386,0.1498,0.00012,0.5525,0.39,0.025,0.0125,0.045,0.46238729466279216,0.7872340425531915,0.48936170212765956,0.3382352941176471,0.6710526315789473,0.39705882352941174
910,3864576,7454.0,250,0.16697022318840027,0.839404296875,1.0,0.1529298722743988,-0.01685,0.70126,0.0,0.02842,0.01027,-0.92519,0.11758,0.00018,0.555,0.3875,0.025,0.0125,0.045,0.46757892292756753,0.7894736842105263,0.4835164835164835,0.3283582089552239,0.6666666666666666,0.42028985507246375
911,3866624,7461.7,250,0.10098528116941452,0.8429931640624999,1.0,0.1527152955532074,-0.02332,0.51007,0.0,0.02748,0.01659,-0.92762,0.16855,0.00012,0.555,0.3875,0.0275,0.0125,0.045,0.4697268917121866,0.7849462365591398,0.5217391304347826,0.34328358208955223,0.6582278481012658,0.37681159420289856
912,3868672,7469.5,250,0.10038357973098755,0.8448486328124998,1.0,0.1525736153125763,-0.02166,0.52994,0.0,0.02908,0.01101,-0.92992,0.12314,0.00018,0.5625,0.38,0.025,0.0125,0.045,0.47621783952110247,0.797752808988764,0.5393258426966292,0.352112676056338,0.654320987654321,0.4
913,3870720,7477.1,250,0.06366194784641266,0.8462158203124999,1.0,0.15251001715660095,-0.02585,0.60404,0.0,0.02809,0.01705,-0.93157,0.17793,0.00012,0.56,0.385,0.0275,0.01,0.045,0.4721337124439958,0.7865168539325843,0.5168539325842697,0.36363636363636365,0.6547619047619048,0.4027777777777778
914,3872768,7484.7,250,0.08161299675703049,0.8428955078124999,1.0,0.1522912085056305,-0.01892,0.5259,0.0,0.02729,0.01138,-0.93244,0.13447,0.00018,0.55,0.3925,0.025,0.01,0.0475,0.46337467130009974,0.7738095238095238,0.4943820224719101,0.38235294117647056,0.6585365853658537,0.4025974025974026
915,3874816,7492.7,250,0.12059944868087769,0.8414550781249999,1.0,0.15223048627376556,-0.01862,0.57147,0.0,0.02389,0.01323,-0.93503,0.14609,0.00012,0.555,0.385,0.0275,0.0125,0.0475,0.4653268087546239,0.7738095238095238,0.5057471264367817,0.39705882352941174,0.6625,0.4074074074074074
916,3876864,7501.2,250,0.08281299471855164,0.8414306640624999,1.0,0.15226642787456512,-0.02283,0.51491,0.0,0.02638,0.018,-0.93481,0.17813,5e-05,0.56,0.3825,0.03,0.0125,0.045,0.47327420769861495,0.7619047619047619,0.5116279069767442,0.4305555555555556,0.6625,0.41025641025641024
917,3878912,7509.7,250,0.11918375641107559,0.8501220703124999,1.0,0.1521962285041809,-0.01789,0.61907,0.0,0.02839,0.00823,-0.93485,0.09492,0.00012,0.5575,0.385,0.03,0.01,0.0475,0.4738679027378944,0.7710843373493976,0.5274725274725275,0.42857142857142855,0.6410256410256411,0.3974358974358974
918,3880960,7517.5,250,0.07903635501861572,0.8534912109374998,1.0,0.15204310417175293,-0.02198,0.80965,0.0,0.02876,0.01196,-0.9364,0.14268,0.00012,0.555,0.385,0.0325,0.01,0.05,0.4698527610996899,0.7710843373493976,0.5054945054945055,0.4520547945205479,0.625,0.3972602739726027
919,3883008,7524.7,250,0.04845762997865677,0.8475585937499999,1.0,0.15193095803260803,-0.01989,0.57086,0.0,0.02763,0.01039,-0.9385,0.12568,0.00018,0.545,0.395,0.0425,0.0075,0.0525,0.463695540668856,0.7560975609756098,0.49411764705882355,0.48,0.6329113924050633,0.35443037974683544
920,3885056,7532.0,250,0.0798441469669342,0.8453613281249999,1.0,0.15192526578903198,-0.02004,0.51359,0.0,0.03038,0.01415,-0.93957,0.17246,0.00018,0.5575,0.385,0.04,0.0075,0.05,0.4737330926302408,0.7738095238095238,0.4939759036144578,0.47368421052631576,0.6455696202531646,0.38461538461538464
921,3887104,7539.6,250,0.07336785644292831,0.8427490234374998,0.95,0.15197467803955078,-0.02121,0.68602,0.0,0.02938,0.01719,-0.93957,0.17949,0.00012,0.5625,0.38,0.045,0.0075,0.05,0.4798481435073791,0.7764705882352941,0.525,0.45569620253164556,0.6329113924050633,0.4025974025974026
922,3889152,7548.1,250,0.07930861413478851,0.8457763671874998,1.0,0.1519426703453064,-0.02098,0.3981,0.0,0.02608,0.01423,-0.93973,0.16475,0.00012,0.555,0.38,0.0425,0.0075,0.0575,0.4689460449017656,0.7272727272727273,0.5365853658536586,0.46153846153846156,0.64,0.38961038961038963
923,3891200,7555.9,250,0.1030719131231308,0.8461181640624998,1.0,0.15209349989891052,-0.02077,0.59098,0.0,0.02934,0.0139,-0.93918,0.14512,8e-05,0.5675,0.365,0.04,0.0075,0.06,0.47942763012989564,0.7111111111111111,0.5365853658536586,0.47368421052631576,0.6842105263157895,0.40789473684210525
924,3893248,7563.1,250,0.04290289431810379,0.8433593749999998,1.0,0.15212148427963257,-0.01954,0.69672,0.0,0.02725,0.01023,-0.9377,0.11563,0.00012,0.56,0.3725,0.04,0.0075,0.06,0.4766464332156123,0.7272727272727273,0.5128205128205128,0.475,0.68,0.3924050632911392
925,3895296,7570.9,250,0.12369465827941895,0.845751953125,1.0,0.15197724103927612,-0.0229,0.51717,0.0,0.02788,0.01267,-0.93823,0.14141,8e-05,0.5625,0.3725,0.0375,0.0075,0.0575,0.48217016922264977,0.717391304347826,0.4810126582278481,0.5066666666666667,0.675,0.3918918918918919
926,3897344,7579.0,250,0.06545041501522064,0.8411621093749999,1.0,0.15176597237586975,-0.02025,0.63233,0.0,0.03125,0.01014,-0.94051,0.11123,0.00012,0.5525,0.3775,0.0375,0.0125,0.0575,0.47624499481378907,0.6956521739130435,0.46153846153846156,0.52,0.6708860759493671,0.3815789473684211
927,3899392,7587.1,250,0.08078230917453766,0.8354492187499999,1.0,0.15173016488552094,-0.02093,0.77631,0.0,0.03216,0.01088,-0.94302,0.12979,0.00018,0.545,0.385,0.04,0.0125,0.0575,0.4658367846754482,0.6956521739130435,0.45569620253164556,0.5205479452054794,0.6623376623376623,0.3670886075949367
928,3901440,7594.5,250,0.11401305347681046,0.8305175781249998,1.0,0.1517307162284851,-0.02713,0.89795,0.0,0.03043,0.01919,-0.94271,0.18701,8e-05,0.535,0.4025,0.04,0.0125,0.05,0.45915979285570513,0.6565656565656566,0.4642857142857143,0.5522388059701493,0.6486486486486487,0.32894736842105265
929,3903488,7602.0,250,0.16751793026924133,0.8310302734374998,1.0,0.15173538029193878,-0.0197,0.62464,0.0,0.03029,0.01013,-0.94302,0.13008,0.00012,0.5425,0.3975,0.04,0.0125,0.0475,0.4679247943323616,0.6534653465346535,0.4625,0.5555555555555556,0.64,0.3611111111111111
930,3905536,7609.9,250,0.133729949593544,0.8359619140624999,1.0,0.15168148279190063,-0.01936,0.50298,0.0,0.02625,0.01505,-0.94328,0.1751,0.00012,0.5425,0.4,0.04,0.0125,0.045,0.4685430708801988,0.6601941747572816,0.4675324675324675,0.5428571428571428,0.6666666666666666,0.3194444444444444
931,3907584,7617.2,250,0.10160627216100693,0.8394042968749997,1.0,0.15147198736667633,-0.01815,0.65901,0.0,0.02946,0.01172,-0.94474,0.14824,0.00018,0.5475,0.3925,0.035,0.015,0.045,0.4746529273543991,0.6435643564356436,0.5063291139240507,0.547945205479452,0.6578947368421053,0.3380281690140845
932,3909632,7624.9,250,0.07850529253482819,0.8364501953124999,0.95,0.15144331753253937,-0.02178,0.47481,0.0,0.02731,0.01518,-0.94677,0.15635,0.00018,0.55,0.3925,0.035,0.0125,0.045,0.47671958202908876,0.6372549019607843,0.5454545454545454,0.5416666666666666,0.6447368421052632,0.3424657534246575
933,3911680,7632.7,250,0.10771626234054565,0.8457031249999998,1.0,0.15132062137126923,-0.02587,0.50822,0.0,0.031,0.02296,-0.94761,0.18115,8e-05,0.55,0.3925,0.0325,0.0125,0.045,0.47816117150657106,0.6534653465346535,0.5324675324675324,0.5333333333333333,0.64,0.3472222222222222
934,3913728,7640.9,250,0.10703547298908234,0.84404296875,1.0,0.15135909616947174,-0.0155,0.56624,0.0,0.02684,0.00762,-0.94855,0.09297,0.00012,0.5525,0.395,0.0375,0.0125,0.04,0.4799563090727689,0.6635514018691588,0.5135135135135135,0.5205479452054794,0.6486486486486487,0.3611111111111111
935,3915776,7648.8,250,0.09511233121156693,0.8423583984374998,1.0,0.15149760246276855,-0.02248,0.52845,0.0,0.02717,0.01432,-0.94718,0.15332,8e-05,0.5475,0.3975,0.0375,0.0125,0.0425,0.47168293218427837,0.6728971962616822,0.5070422535211268,0.5070422535211268,0.6410256410256411,0.3424657534246575
936,3917824,7656.2,250,0.1291320025920868,0.8435546874999997,1.0,0.1515335589647293,-0.01664,0.52295,0.0,0.02768,0.0099,-0.94591,0.12588,0.00012,0.555,0.39,0.03,0.015,0.04,0.48012502147030717,0.6635514018691588,0.5352112676056338,0.5147058823529411,0.6666666666666666,0.34210526315789475
937,3919872,7663.8,250,0.09745216369628906,0.8429687499999999,1.0,0.15152904391288757,-0.02157,0.60173,0.0,0.0276,0.01426,-0.94579,0.1624,0.00012,0.555,0.39,0.03,0.015,0.04,0.4807050620894212,0.6785714285714286,0.5416666666666666,0.5,0.6578947368421053,0.3142857142857143
938,3921920,7670.9,250,0.09778314083814621,0.8453124999999999,1.0,0.1514604538679123,-0.02138,0.5706,0.0,0.02689,0.01653,-0.94635,0.18262,8e-05,0.5625,0.3825,0.025,0.015,0.04,0.4861368610084987,0.7053571428571429,0.5263157894736842,0.5142857142857142,0.6575342465753424,0.3188405797101449
939,3923968,7678.8,250,0.14896371960639954,0.8470703124999999,1.0,0.15144473314285278,-0.01916,0.43417,0.0,0.02986,0.00997,-0.94677,0.12275,0.00012,0.565,0.38,0.0275,0.015,0.04,0.490387877418439,0.7431192660550459,0.5070422535211268,0.5066666666666667,0.6447368421052632,0.3188405797101449
940,3926016,7686.8,250,0.09236346185207367,0.8514892578124998,1.0,0.15145891904830933,-0.01997,0.71411,0.0,0.02645,0.01251,-0.94686,0.14639,0.00012,0.5675,0.3775,0.03,0.015,0.04,0.49427163433460386,0.7570093457943925,0.47297297297297297,0.5324675324675324,0.64,0.3283582089552239
941,3928064,7694.5,250,0.10185731947422028,0.8534912109374998,0.95,0.15153712034225464,-0.0163,0.44563,0.0,0.0259,0.01127,-0.94628,0.13018,0.00018,0.575,0.37,0.03,0.015,0.04,0.5003597111097161,0.7685185185185185,0.4810126582278481,0.5138888888888888,0.64,0.36363636363636365
942,3930112,7701.8,250,0.10039467364549637,0.8619140624999998,1.0,0.1515178680419922,-0.0242,0.44697,0.0,0.02763,0.01714,-0.94553,0.19717,8e-05,0.58,0.365,0.0275,0.015,0.04,0.5013821934239313,0.7614678899082569,0.5063291139240507,0.5205479452054794,0.625,0.3880597014925373
943,3932160,7709.7,250,0.08586912602186203,0.8568359374999999,0.95,0.1514056921005249,-0.01899,0.58181,0.0,0.02581,0.0095,-0.94644,0.11328,0.00012,0.58,0.3625,0.0325,0.0175,0.04,0.5016292520547059,0.7663551401869159,0.5308641975308642,0.5,0.6388888888888888,0.36363636363636365
944,3934208,7716.8,251,0.11282500624656677,0.8584228515625,1.0,0.15133452415466309,-0.0222,0.61489,0.0,0.02778,0.01365,-0.9481,0.15342,8e-05,0.59,0.36,0.035,0.0125,0.0375,0.5088297922382279,0.7788461538461539,0.5375,0.52,0.6233766233766234,0.390625
945,3936256,7724.3,251,0.07950899004936218,0.8579101562499999,0.95,0.1512540876865387,-0.01772,0.51895,0.0,0.02553,0.00848,-0.94854,0.10918,0.00012,0.5925,0.3575,0.0425,0.0125,0.0375,0.5098635513772208,0.780952380952381,0.5466666666666666,0.5324675324675324,0.6075949367088608,0.390625
946,3938304,7732.0,251,0.0994458794593811,0.8612304687499999,1.0,0.15115287899971008,-0.02197,0.68659,0.0,0.02605,0.01115,-0.9498,0.12109,0.00012,0.6025,0.3475,0.04,0.0125,0.0375,0.5173622764941213,0.7904761904761904,0.5466666666666666,0.5375,0.620253164556962,0.4098360655737705
947,3940352,7740.1,251,0.0759119838476181,0.8548095703124998,1.0,0.15133675932884216,-0.01798,0.5385,0.0,0.02414,0.01264,-0.94987,0.14902,0.00012,0.5975,0.3575,0.04,0.01,0.035,0.5102935858693604,0.8118811881188119,0.52,0.5324675324675324,0.620253164556962,0.4117647058823529
948,3942400,7747.8,251,0.08875229954719543,0.8540283203124999,1.0,0.1514449119567871,-0.01755,0.69239,0.0,0.02693,0.01055,-0.94765,0.12695,0.00018,0.585,0.3675,0.0425,0.01,0.0375,0.5009371268706702,0.8,0.5394736842105263,0.5263157894736842,0.5769230769230769,0.4
949,3944448,7755.5,251,0.07537566125392914,0.8497070312499999,0.95,0.1514640599489212,-0.0205,0.70681,0.0,0.02863,0.01423,-0.94698,0.16133,0.00012,0.5825,0.37,0.045,0.01,0.0375,0.4984488873511651,0.8076923076923077,0.527027027027027,0.5194805194805194,0.5584415584415584,0.39705882352941174
950,3946496,7762.6,251,0.10564538091421127,0.8513427734374999,1.0,0.15159374475479126,-0.02153,0.50984,0.0,0.02795,0.01312,-0.94641,0.15039,0.00012,0.5825,0.3675,0.0475,0.01,0.04,0.49550050274550095,0.8207547169811321,0.4931506849315068,0.5256410256410257,0.5714285714285714,0.3787878787878788
951,3948544,7769.7,251,0.16806253790855408,0.8555664062499999,1.0,0.1517033874988556,-0.02024,0.44607,0.0,0.02675,0.01291,-0.94475,0.154,0.00012,0.59,0.365,0.0475,0.01,0.035,0.501227312834747,0.8207547169811321,0.4794520547945205,0.5384615384615384,0.6,0.38095238095238093
952,3950592,7777.2,251,0.12051244080066681,0.8604003906249998,1.0,0.15192566812038422,-0.02151,0.57567,0.0,0.02778,0.01197,-0.94279,0.14004,0.00018,0.5925,0.36,0.0475,0.01,0.0375,0.5019110812969175,0.8018867924528302,0.4852941176470588,0.5540540540540541,0.6136363636363636,0.375
953,3952640,7785.4,251,0.12919111549854279,0.8670654296874998,1.0,0.15186943113803864,-0.02775,0.51335,0.0,0.02621,0.018,-0.94083,0.18281,8e-05,0.595,0.36,0.0475,0.01,0.035,0.5062135927200551,0.7941176470588235,0.5074626865671642,0.5802469135802469,0.6022727272727273,0.3709677419354839
954,3954688,7792.8,251,0.12510016560554504,0.8743408203124998,1.0,0.1517946422100067,-0.02112,0.44812,0.0,0.02698,0.01262,-0.94211,0.13789,0.00012,0.5975,0.3525,0.0475,0.01,0.04,0.5101731066031809,0.797979797979798,0.4852941176470588,0.5833333333333334,0.6,0.421875
955,3956736,7800.1,251,0.08121033757925034,0.8777099609374998,1.0,0.15184055268764496,-0.02007,0.50587,0.0,0.02281,0.01247,-0.94242,0.14248,0.00018,0.595,0.3475,0.045,0.01,0.0475,0.5058895539151587,0.797979797979798,0.4626865671641791,0.6046511627906976,0.5813953488372093,0.41935483870967744
956,3958784,7807.7,251,0.09019783139228821,0.8801269531249998,1.0,0.15220321714878082,-0.01954,0.76864,0.0,0.02552,0.01697,-0.93974,0.19541,8e-05,0.5875,0.355,0.045,0.0075,0.05,0.4956567940591345,0.7604166666666666,0.4461538461538462,0.6206896551724138,0.5760869565217391,0.43333333333333335
957,3960832,7815.1,251,0.08274278044700623,0.8723876953124998,1.0,0.15247264504432678,-0.01643,0.6669,0.0,0.02455,0.00777,-0.93558,0.08408,0.00018,0.59,0.3525,0.0475,0.0075,0.05,0.49755473507059944,0.7551020408163265,0.4492753623188406,0.6385542168674698,0.5652173913043478,0.4482758620689655
958,3962880,7822.9,251,0.06857568025588989,0.8718994140624998,1.0,0.1526181995868683,-0.02227,0.58876,0.0,0.02602,0.0217,-0.93254,0.21787,8e-05,0.5825,0.36,0.045,0.01,0.0475,0.49056847706346796,0.71875,0.45588235294117646,0.6385542168674698,0.5833333333333334,0.42105263157894735
959,3964928,7830.5,251,0.07757709920406342,0.8685546874999999,1.0,0.15257614850997925,-0.01677,0.84519,0.0,0.02576,0.0098,-0.93181,0.12666,0.00012,0.575,0.3675,0.0425,0.015,0.045,0.48174498895227313,0.71,0.47761194029850745,0.6375,0.5638297872340425,0.3898305084745763
960,3966976,7837.7,251,0.11189565062522888,0.8649658203124999,1.0,0.15254876017570496,-0.02271,0.37801,0.0,0.02804,0.011,-0.93207,0.13057,0.00018,0.575,0.3675,0.0475,0.015,0.045,0.4848596167168397,0.7115384615384616,0.49230769230769234,0.6363636363636364,0.5638297872340425,0.36666666666666664
961,3969024,7845.5,251,0.082989402115345,0.8591552734374999,1.0,0.15246625244617462,-0.02659,0.49906,0.0,0.02579,0.01677,-0.93189,0.17705,0.00012,0.58,0.365,0.05,0.015,0.0425,0.48526692168462415,0.7307692307692307,0.47692307692307695,0.625,0.5869565217391305,0.3559322033898305
962,3971072,7852.7,251,0.0754343569278717,0.8596679687499998,1.0,0.152520552277565,-0.02028,0.79093,0.0,0.02718,0.0129,-0.93279,0.15107,0.00012,0.565,0.3825,0.0525,0.0125,0.0425,0.46971454720049904,0.7184466019417476,0.42857142857142855,0.6341463414634146,0.5862068965517241,0.3384615384615385
963,3973120,7860.6,251,0.10623582452535629,0.8580566406249999,1.0,0.1524973213672638,-0.02278,0.85057,0.0,0.02785,0.01154,-0.93208,0.14609,0.00018,0.56,0.38,0.0425,0.015,0.0475,0.46687373103303237,0.73,0.42424242424242425,0.6024096385542169,0.611764705882353,0.3181818181818182
964,3975168,7868.8,251,0.12155188620090485,0.8563232421874998,1.0,0.15232020616531372,-0.02463,0.69078,0.0,0.0266,0.01554,-0.93379,0.16064,0.00012,0.5525,0.39,0.045,0.015,0.045,0.4645560655306412,0.7368421052631579,0.417910447761194,0.5903614457831325,0.627906976744186,0.2898550724637681
965,3977216,7877.7,251,0.17207010090351105,0.8610351562499998,1.0,0.15222296118736267,-0.02204,0.63021,0.0,0.02883,0.01354,-0.93603,0.1458,0.00012,0.5675,0.3725,0.0425,0.015,0.0475,0.4760167756466312,0.7142857142857143,0.4444444444444444,0.5957446808510638,0.6704545454545454,0.296875
966,3979264,7885.2,251,0.10662107169628143,0.8592773437499999,1.0,0.1521841585636139,-0.01955,0.66062,0.0,0.03209,0.01198,-0.93741,0.13633,0.00012,0.5725,0.37,0.045,0.015,0.045,0.481239762005285,0.6966292134831461,0.4603174603174603,0.6,0.6818181818181818,0.3230769230769231
967,3981312,7893.2,251,0.110061414539814,0.8625244140624999,1.0,0.15215490758419037,-0.01912,0.65127,0.0,0.02943,0.01031,-0.93733,0.1207,0.00018,0.575,0.37,0.0425,0.0125,0.045,0.4859512449379966,0.7045454545454546,0.47692307692307695,0.59375,0.6896551724137931,0.3125
968,3983360,7901.2,251,0.15113048255443573,0.8640380859374999,1.0,0.15189257264137268,-0.02263,0.59593,0.0,0.02713,0.01444,-0.93902,0.16475,0.00018,0.57,0.375,0.0425,0.0125,0.045,0.48104043318763634,0.6744186046511628,0.4782608695652174,0.6021505376344086,0.6818181818181818,0.328125
969,3985408,7909.7,251,0.1371305137872696,0.8656982421874999,1.0,0.1517668068408966,-0.02391,0.73435,0.0,0.02711,0.01672,-0.94204,0.18506,0.00012,0.565,0.38,0.0375,0.0125,0.045,0.47689687460735636,0.7011494252873564,0.4861111111111111,0.5888888888888889,0.6588235294117647,0.3181818181818182
970,3987456,7917.1,251,0.13218550384044647,0.8696044921874999,1.0,0.151828795671463,-0.02101,0.47026,0.0,0.02818,0.0142,-0.94269,0.16162,8e-05,0.5725,0.375,0.035,0.0125,0.0425,0.4854187579767303,0.6956521739130435,0.49295774647887325,0.5862068965517241,0.6790123456790124,0.34782608695652173
971,3989504,7925.6,251,0.13402171432971954,0.8790527343749999,1.0,0.151807501912117,-0.01733,0.55498,0.0,0.02511,0.01038,-0.9422,0.12334,0.00012,0.5775,0.3775,0.035,0.0125,0.035,0.48889262898822805,0.7040816326530612,0.5138888888888888,0.5783132530120482,0.6883116883116883,0.34285714285714286
972,3991552,7933.8,251,0.13262319564819336,0.8879394531249999,1.0,0.15171460807323456,-0.01959,0.52304,0.0,0.02442,0.01091,-0.94288,0.129,0.00012,0.585,0.38,0.0375,0.01,0.0275,0.5000124005438861,0.7087378640776699,0.5285714285714286,0.5384615384615384,0.7283950617283951,0.3382352941176471
973,3993600,7940.9,251,0.09005999565124512,0.8869384765624999,1.0,0.1516154408454895,-0.01949,0.53022,0.0,0.02391,0.01293,-0.94408,0.14131,0.00012,0.585,0.38,0.035,0.01,0.0275,0.5043428640071936,0.7156862745098039,0.5428571428571428,0.5443037974683544,0.7215189873417721,0.32857142857142857
974,3995648,7948.7,251,0.10689669847488403,0.8893554687499999,1.0,0.15146271884441376,-0.02131,0.48502,0.0,0.02558,0.01503,-0.94569,0.17773,0.00012,0.59,0.375,0.035,0.01,0.0275,0.5099735257404788,0.7291666666666666,0.5714285714285714,0.5569620253164557,0.7195121951219512,0.3150684931506849
975,3997696,7956.1,251,0.08087891340255737,0.8952148437499998,1.0,0.1514281928539276,-0.01656,0.70289,0.0,0.02489,0.00829,-0.94723,0.10381,0.00018,0.5925,0.38,0.0375,0.0075,0.0225,0.5112993756292536,0.7395833333333334,0.581081081081081,0.56,0.7195121951219512,0.3013698630136986
976,3999744,7964.6,251,0.15055564045906067,0.8985595703124999,1.0,0.15127931535243988,-0.02235,0.50311,0.0,0.02543,0.01631,-0.94806,0.16807,0.00012,0.61,0.3625,0.0375,0.0025,0.025,0.5270962158772597,0.7553191489361702,0.6,0.5925925925925926,0.7,0.34285714285714286
977,4001792,7973.7,251,0.07003068923950195,0.9083251953124998,1.0,0.1512332260608673,-0.01963,0.33443,0.0,0.02349,0.01396,-0.94973,0.15889,0.00012,0.615,0.355,0.035,0.005,0.025,0.5330290292173299,0.7472527472527473,0.6233766233766234,0.5903614457831325,0.7215189873417721,0.34285714285714286
978,4003840,7981.3,251,0.06037265807390213,0.9051025390624999,1.0,0.15117402374744415,-0.01776,0.51783,0.0,0.02464,0.01145,-0.9503,0.1458,0.00012,0.61,0.355,0.0325,0.005,0.03,0.5258724364805886,0.75,0.6049382716049383,0.5833333333333334,0.6875,0.373134328358209
979,4005888,7994.9,251,0.07033491134643555,0.9007080078124999,1.0,0.15106940269470215,-0.02127,0.47628,0.0,0.02463,0.01294,-0.9515,0.13721,0.00012,0.6025,0.355,0.025,0.005,0.0375,0.5259150217655122,0.7613636363636364,0.5875,0.5783132530120482,0.6626506024096386,0.36363636363636365
980,4007936,8075.1,249,0.07567882537841797,0.8988281249999999,1.0,0.15114310383796692,-0.02148,0.44817,0.0,0.02484,0.01092,-0.95184,0.12441,0.00018,0.6125,0.345,0.03,0.005,0.0375,0.5379527695881551,0.7553191489361702,0.6025641025641025,0.5783132530120482,0.6470588235294118,0.4
981,4009984,8158.5,246,0.0756969302892685,0.9025634765624999,1.0,0.1513417512178421,-0.02287,0.55097,0.0,0.02515,0.01915,-0.94999,0.18545,8e-05,0.61,0.345,0.0325,0.0025,0.0425,0.534942807688487,0.7391304347826086,0.6049382716049383,0.6,0.627906976744186,0.4098360655737705
982,4012032,8236.5,244,0.0995907410979271,0.8992919921875,1.0,0.15145878493785858,-0.01843,0.4524,0.0,0.02356,0.00938,-0.94782,0.10713,0.00012,0.615,0.345,0.03,0.0025,0.0375,0.538891605347628,0.7340425531914894,0.6296296296296297,0.6,0.6162790697674418,0.423728813559322
983,4014080,8320.6,242,0.06764508783817291,0.9095703125,1.0,0.15148231387138367,-0.01893,0.45376,0.0,0.02408,0.01358,-0.94679,0.1374,0.00012,0.62,0.3375,0.03,0.0025,0.04,0.5423572357820236,0.7395833333333334,0.625,0.6125,0.6071428571428571,0.45
984,4016128,8401.5,240,0.021374523639678955,0.9005615234375,1.0,0.15152421593666077,-0.01934,0.46995,0.0,0.02244,0.00981,-0.9463,0.12285,0.00018,0.5975,0.3625,0.035,0.0025,0.0375,0.5242496018303343,0.7395833333333334,0.6219512195121951,0.5733333333333334,0.5783132530120482,0.40625
985,4018176,8410.4,240,0.0934092104434967,0.8924560546874999,1.0,0.15152853727340698,-0.02472,0.52246,0.0,0.02325,0.01665,-0.94619,0.16963,0.00012,0.595,0.3575,0.035,0.0025,0.045,0.5221231573291036,0.7524752475247525,0.6022727272727273,0.5571428571428572,0.5657894736842105,0.4153846153846154
986,4020224,8417.9,240,0.10794508457183838,0.8953857421875,1.0,0.15150031447410583,-0.02281,0.53131,0.0,0.02653,0.0112,-0.9461,0.12969,0.00018,0.595,0.355,0.035,0.0025,0.0475,0.5217108374528749,0.7745098039215687,0.5747126436781609,0.5882352941176471,0.5584415584415584,0.3939393939393939
987,4022272,8424.8,240,0.14795809984207153,0.8983642578124998,1.0,0.15141934156417847,-0.02212,0.31479,0.0,0.02116,0.01728,-0.94709,0.18457,8e-05,0.61,0.34,0.0325,0.0025,0.0475,0.5370124533813145,0.7920792079207921,0.5813953488372093,0.5942028985507246,0.5769230769230769,0.42424242424242425
988,4024320,8431.8,240,0.07550620287656784,0.8999755859374998,1.0,0.1515091508626938,-0.01835,0.2833,0.0,0.02256,0.00755,-0.9472,0.096,0.00012,0.6075,0.34,0.035,0.005,0.0475,0.5348384146895567,0.79,0.5903614457831325,0.5652173913043478,0.575,0.4411764705882353
989,4026368,8439.7,240,0.08632814884185791,0.8981933593749998,1.0,0.15173853933811188,-0.01858,0.55458,0.0,0.02544,0.0133,-0.94512,0.14121,0.00012,0.6,0.34,0.0375,0.005,0.055,0.5273255550859962,0.79,0.5679012345679012,0.5555555555555556,0.5844155844155844,0.42857142857142855
990,4028416,8447.7,240,0.005596630275249481,0.8930908203124999,1.0,0.1519933044910431,-0.01813,0.54198,0.0,0.02605,0.00982,-0.94223,0.10732,0.00018,0.585,0.3525,0.04,0.005,0.0575,0.5106371272677105,0.78125,0.5348837209302325,0.5540540540540541,0.569620253164557,0.4153846153846154
991,4030464,8455.8,240,0.06162499263882637,0.882861328125,1.0,0.1521250307559967,-0.02075,0.46956,0.0,0.02383,0.01803,-0.93904,0.15869,8e-05,0.57,0.3575,0.04,0.005,0.0675,0.49738594838508843,0.7578947368421053,0.5232558139534884,0.5405405405405406,0.5595238095238095,0.39344262295081966
992,4032512,8463.9,240,0.06324562430381775,0.8797363281249999,1.0,0.1520625501871109,-0.01734,0.43193,0.0,0.02413,0.00773,-0.93856,0.09375,0.00012,0.5625,0.365,0.04,0.005,0.0675,0.49130012146006874,0.7555555555555555,0.5172413793103449,0.5454545454545454,0.5365853658536586,0.40625
993,4034560,8471.5,240,0.06992875039577484,0.8757568359374999,1.0,0.15170221030712128,-0.02089,0.52458,0.0,0.02664,0.01098,-0.94123,0.11729,0.00012,0.5575,0.37,0.04,0.005,0.0675,0.4859852636887703,0.7647058823529411,0.5164835164835165,0.5316455696202531,0.5454545454545454,0.39705882352941174
994,4036608,8480.5,240,0.11005592346191406,0.8833251953124999,1.0,0.15140469372272491,-0.01904,0.59066,0.0,0.0239,0.01181,-0.94599,0.14121,0.00012,0.5625,0.365,0.04,0.005,0.0675,0.4901453677633693,0.7586206896551724,0.5111111111111111,0.5128205128205128,0.5802469135802469,0.40625
995,4038656,8489.2,240,0.04900340735912323,0.8761230468749999,1.0,0.15131939947605133,-0.0216,0.68139,0.0,0.02596,0.01099,-0.94881,0.12588,0.00018,0.55,0.3725,0.0375,0.005,0.0725,0.47779089251461815,0.7391304347826086,0.45652173913043476,0.5,0.5789473684210527,0.4375
996,4040704,8496.6,240,0.06416986882686615,0.8686767578124998,1.0,0.15120474994182587,-0.02335,0.60389,0.0,0.02481,0.01476,-0.95015,0.1583,0.00018,0.5425,0.3725,0.0375,0.0075,0.0775,0.4717406041721949,0.7191011235955056,0.45054945054945056,0.5,0.5844155844155844,0.4307692307692308
