iter,steps,time_s,sps,rew,level_mean,level_p90,std,pi_loss,v_loss,est_loss,sym_loss,kl,ent,clipfrac,lr,success,collision,hit_dynamic,fell,timeout,spl,succ_clutter,succ_forest,succ_rooms,succ_maze,succ_mixed
1,2048,9.4,219,-0.22779424488544464,0.0010986328125,0.0,0.3995697498321533,-0.00662,7.83383,0.0,0.00065,0.00393,1.00383,0.04121,0.0006,0.09375,0.90625,0.0,0.0,0.0,0.09375,0.09375,nan,nan,nan,nan
2,4096,17.7,231,-0.3470531105995178,0.0015869140625,0.0,0.39931270480155945,-0.00911,1.24115,0.0,0.00306,0.00572,1.00316,0.07705,0.0006,0.06666666666666667,0.9333333333333333,0.0,0.0,0.0,0.06666666666666667,0.06666666666666667,nan,nan,nan,nan
3,6144,25.8,238,-0.3713950514793396,0.0016845703125,0.0,0.3978172242641449,-0.00973,0.59001,0.0,0.00414,0.00608,0.99906,0.07949,0.0006,0.042735042735042736,0.9487179487179487,0.0,0.008547008547008548,0.0,0.042735042735042736,0.042735042735042736,nan,nan,nan,nan
4,8192,33.5,245,-0.3010641932487488,0.0015625,0.0,0.39640823006629944,-0.01325,0.29536,0.0,0.00471,0.00778,0.99109,0.10225,0.0006,0.033783783783783786,0.9594594594594594,0.0,0.006756756756756757,0.0,0.033783783783783786,0.033783783783783786,nan,nan,nan,nan
5,10240,40.7,251,-0.22541570663452148,0.0008056640625000001,0.0,0.39382559061050415,-0.0126,0.23245,0.0,0.00454,0.00888,0.98204,0.11572,0.0006,0.034482758620689655,0.9540229885057471,0.0,0.011494252873563218,0.0,0.034482758620689655,0.034482758620689655,nan,nan,nan,nan
6,12288,47.9,256,-0.19449739158153534,0.0025878906250000003,0.0,0.38986289501190186,-0.01543,0.21498,0.0,0.00944,0.0109,0.96476,0.14512,0.0006,0.04,0.945,0.0,0.015,0.0,0.036173452855662466,0.04,nan,nan,nan,nan
7,14336,55.0,261,-0.14270275831222534,0.004541015625,0.0,0.38654276728630066,-0.01568,0.34494,0.0,0.01059,0.01187,0.9458,0.15,0.0006,0.056768558951965066,0.925764192139738,0.0,0.017467248908296942,0.0,0.04614375749711442,0.056768558951965066,nan,nan,nan,nan
8,16384,62.7,261,-0.11280092597007751,0.009863281250000001,0.05,0.3856074810028076,-0.01802,0.55676,0.0,0.01322,0.01247,0.93355,0.16055,0.0006,0.0830188679245283,0.9018867924528302,0.0,0.01509433962264151,0.0,0.06349477475451698,0.0830188679245283,nan,nan,nan,nan
9,18432,69.8,264,-0.04553857073187828,0.014697265625,0.05,0.38480937480926514,-0.01564,0.55253,0.0,0.01585,0.01148,0.93053,0.13477,0.0004,0.11186440677966102,0.8745762711864407,0.0,0.013559322033898305,0.0,0.08703698787447117,0.11186440677966102,nan,nan,nan,nan
10,20480,76.8,267,-0.13689136505126953,0.016650390625,0.1,0.3841628432273865,-0.01464,0.26769,0.0,0.01411,0.01302,0.92591,0.15703,0.0004,0.11526479750778816,0.8722741433021807,0.0,0.012461059190031152,0.0,0.0880155137830779,0.11526479750778816,nan,nan,nan,nan
11,22528,83.3,270,-0.047857075929641724,0.02177734375,0.1,0.3836512565612793,-0.0187,0.47776,0.0,0.01709,0.01524,0.92309,0.1874,0.00018,0.13043478260869565,0.8579710144927536,0.0,0.011594202898550725,0.0,0.09781140593935683,0.13043478260869565,nan,nan,nan,nan
12,24576,90.1,273,-0.00555536150932312,0.026904296875000004,0.05,0.38296663761138916,-0.01245,0.75445,0.0,0.01477,0.01114,0.92038,0.14756,0.00027,0.1554959785522788,0.8337801608579088,0.0,0.010723860589812333,0.0,0.11362566142563754,0.15591397849462366,0.0,nan,nan,nan
13,26624,97.8,272,0.05844416469335556,0.04248046875000001,0.1,0.38086163997650146,-0.01499,0.94195,0.0,0.01396,0.01085,0.91417,0.13584,0.0004,0.2,0.79,0.0,0.01,0.0,0.14852915457422405,0.20100502512562815,0.0,nan,nan,nan
14,28672,105.1,273,0.11745579540729523,0.06320800781250001,0.15000000000000002,0.3793066740036011,-0.01493,0.9337,0.0,0.01672,0.00984,0.90315,0.11943,0.0006,0.255,0.735,0.0,0.01,0.0,0.18683464190054194,0.25440806045340053,0.3333333333333333,nan,nan,nan
15,30720,112.6,273,0.13480409979820251,0.08085937500000001,0.15000000000000002,0.3772900700569153,-0.01839,0.88601,0.0,0.01939,0.01302,0.89441,0.15801,0.0004,0.3175,0.6725,0.0,0.01,0.0,0.23953356978871124,0.31297709923664124,0.5714285714285714,nan,nan,nan
16,32768,120.3,272,0.09487099200487137,0.09509277343750001,0.2,0.375587522983551,-0.01985,0.97262,0.0,0.01935,0.01475,0.88422,0.18066,0.00027,0.3825,0.6075,0.0,0.01,0.0,0.29394316413781174,0.38242894056847543,0.38461538461538464,nan,nan,nan
17,34816,128.3,271,0.12259078770875931,0.111572265625,0.2,0.3748418986797333,-0.02145,0.84131,0.0,0.02068,0.01215,0.87749,0.14648,0.00027,0.45,0.54,0.0,0.01,0.0,0.35089310975621396,0.4581151832460733,0.2777777777777778,nan,nan,nan
18,36864,136.8,269,0.12809370458126068,0.12116699218750002,0.25,0.3741915225982666,-0.01678,0.86639,0.0,0.02006,0.01048,0.87388,0.1334,0.0004,0.5125,0.485,0.0,0.0025,0.0,0.40861640803580473,0.5254691689008043,0.3333333333333333,nan,nan,nan
19,38912,144.7,269,0.14267763495445251,0.137890625,0.25,0.37349551916122437,-0.01988,0.852,0.0,0.02142,0.01419,0.87033,0.16689,0.00027,0.56,0.4375,0.0,0.0025,0.0,0.4590198002421673,0.580110497237569,0.3684210526315789,nan,nan,nan
20,40960,153.3,267,0.10113614797592163,0.1486083984375,0.25,0.3736357092857361,-0.02007,0.90745,0.0,0.01968,0.01441,0.86804,0.15918,0.00012,0.5925,0.405,0.0,0.0025,0.0,0.4964389723607577,0.6242774566473989,0.3888888888888889,nan,nan,nan
21,43008,161.3,267,0.15151849389076233,0.15671386718750002,0.3,0.3735824227333069,-0.01488,0.72659,0.0,0.01764,0.00708,0.8689,0.08506,0.00027,0.635,0.36,0.0,0.005,0.0,0.5432298839364077,0.6755162241887905,0.4166666666666667,0.0,nan,nan
22,45056,169.3,266,0.1810988336801529,0.1767578125,0.3,0.3733241558074951,-0.01423,0.9163,0.0,0.0188,0.00911,0.86778,0.11455,0.0004,0.65,0.345,0.0,0.005,0.0,0.5733169360865271,0.6927710843373494,0.45454545454545453,0.0,nan,nan
23,47104,177.1,266,0.1318216770887375,0.1900634765625,0.3,0.37290477752685547,-0.01743,0.97359,0.0,0.02084,0.01332,0.86606,0.14941,0.00027,0.645,0.35,0.0025,0.005,0.0,0.5808365545770774,0.7147435897435898,0.4117647058823529,0.0,0.0,nan
24,49152,185.3,265,0.14288030564785004,0.20283203125000002,0.35,0.37202638387680054,-0.01644,0.71778,0.0,0.02149,0.0111,0.86263,0.12988,0.00027,0.645,0.35,0.0025,0.005,0.0,0.5868097030415317,0.7209302325581395,0.41304347826086957,0.4,0.5,nan
25,51200,194.1,264,0.10353279113769531,0.2083251953125,0.35,0.37085503339767456,-0.01881,0.93496,0.0,0.02106,0.01167,0.85741,0.14736,0.0004,0.63,0.365,0.0025,0.005,0.0,0.5848757619350595,0.7142857142857143,0.4117647058823529,0.375,0.6666666666666666,nan
26,53248,201.9,264,0.17177361249923706,0.21650390625,0.35,0.370720773935318,-0.0208,0.61629,0.0,0.02552,0.01404,0.85284,0.16533,0.0004,0.635,0.3575,0.0025,0.0075,0.0,0.5954351333875494,0.7178571428571429,0.44036697247706424,0.375,0.6666666666666666,nan
27,55296,209.8,264,0.08157394826412201,0.2265869140625,0.35,0.36978137493133545,-0.02051,0.58794,0.0,0.02649,0.01594,0.85137,0.18135,0.00027,0.6175,0.375,0.0025,0.0075,0.0,0.5837421820477083,0.7003610108303249,0.4351851851851852,0.4444444444444444,0.3333333333333333,nan
28,57344,219.1,262,0.1805046945810318,0.23818359375,0.35,0.36853188276290894,-0.01682,0.65869,0.0,0.02361,0.01082,0.84466,0.1291,0.0004,0.6325,0.355,0.0025,0.01,0.0025,0.603251247214179,0.7296296296296296,0.4336283185840708,0.4444444444444444,0.375,nan
29,59392,226.8,262,0.14151273667812347,0.2508056640625,0.35,0.3683058023452759,-0.02163,0.59456,0.0,0.02563,0.01705,0.83996,0.18018,0.00027,0.65,0.3375,0.005,0.01,0.0025,0.6237627185591805,0.7451737451737451,0.48760330578512395,0.45454545454545453,0.3333333333333333,nan
30,61440,234.5,262,0.08295656740665436,0.25478515625,0.35,0.36758607625961304,-0.01875,0.70244,0.0,0.02274,0.01566,0.83831,0.16279,0.00027,0.6375,0.3525,0.0075,0.0075,0.0025,0.6127619362144245,0.7387755102040816,0.48091603053435117,0.5454545454545454,0.38461538461538464,nan
31,63488,242.8,261,0.09474854171276093,0.25773925781249996,0.39999999999999997,0.3669360876083374,-0.01832,0.66407,0.0,0.02198,0.00998,0.83417,0.12773,0.0004,0.6175,0.3725,0.0075,0.0075,0.0025,0.5926792584473872,0.7352941176470589,0.4552238805970149,0.46153846153846156,0.3333333333333333,nan
32,65536,251.4,261,0.12071432173252106,0.26557617187500004,0.39999999999999997,0.3660123348236084,-0.01888,0.73317,0.0,0.02421,0.01656,0.82983,0.19043,0.00018,0.6275,0.3625,0.005,0.0075,0.0025,0.6045731602335637,0.7383966244725738,0.4806201550387597,0.47058823529411764,0.35294117647058826,nan
33,67584,259.8,260,0.16405773162841797,0.27011718749999997,0.39999999999999997,0.36520135402679443,-0.01962,0.89655,0.0,0.02167,0.01144,0.8258,0.14238,0.00027,0.6225,0.365,0.0075,0.0075,0.005,0.6023913278951196,0.7457627118644068,0.46875,0.4444444444444444,0.2777777777777778,nan
34,69632,403.1,173,0.18531069159507751,0.285546875,0.44999999999999996,0.3639102876186371,-0.01807,0.7208,0.0,0.02581,0.01247,0.82011,0.15176,0.00027,0.64,0.35,0.0075,0.005,0.005,0.6191694743433231,0.7723214285714286,0.49635036496350365,0.45,0.3157894736842105,nan
35,71680,411.6,174,0.10945472121238708,0.30180664062499996,0.44999999999999996,0.3635690212249756,-0.01503,0.7552,0.0,0.02506,0.01105,0.81433,0.12246,0.0006,0.6425,0.345,0.0075,0.0075,0.005,0.6205865146123003,0.780373831775701,0.5138888888888888,0.45,0.3181818181818182,nan
36,73728,420.5,175,0.07861481606960297,0.311669921875,0.44999999999999996,0.3645099997520447,-0.01919,0.9871,0.0,0.02704,0.01637,0.81642,0.18867,0.00027,0.625,0.365,0.01,0.005,0.005,0.6042246407534826,0.7922705314009661,0.48936170212765956,0.45454545454545453,0.23333333333333334,nan
37,75776,428.4,177,0.11749687790870667,0.30791015624999996,0.44999999999999996,0.3646414279937744,-0.01732,0.66945,0.0,0.02673,0.01529,0.81979,0.16836,0.00027,0.625,0.365,0.01,0.005,0.005,0.6038017313961473,0.7931034482758621,0.5,0.38461538461538464,0.27586206896551724,nan
38,77824,435.9,179,0.10831239819526672,0.32260742187499997,0.39999999999999997,0.36425381898880005,-0.01903,0.81863,0.0,0.02662,0.01123,0.81893,0.13242,0.00027,0.615,0.375,0.0075,0.005,0.005,0.5919264647109873,0.7927461139896373,0.4965986394557823,0.3870967741935484,0.27586206896551724,nan
39,79872,443.8,180,0.19649933278560638,0.337646484375,0.44999999999999996,0.3639853000640869,-0.01415,0.65468,0.0,0.02474,0.01025,0.81687,0.13252,0.0004,0.625,0.365,0.0075,0.005,0.005,0.6022713060833516,0.8051282051282052,0.48175182481751827,0.40625,0.3888888888888889,nan
40,81920,452.3,181,0.16190356016159058,0.3557373046875,0.44999999999999996,0.36296507716178894,-0.01514,0.62512,0.0,0.02361,0.01568,0.81386,0.18555,0.0004,0.6325,0.3525,0.005,0.01,0.005,0.6095258400111312,0.8128342245989305,0.5149253731343284,0.42105263157894735,0.3902439024390244,nan
41,83968,462.1,182,0.15503957867622375,0.36821289062499996,0.44999999999999996,0.3621513247489929,-0.01901,0.8615,0.0,0.01751,0.01495,0.80819,0.16943,0.00027,0.6275,0.3575,0.005,0.01,0.005,0.6068306447773001,0.8045977011494253,0.5074626865671642,0.5106382978723404,0.4222222222222222,nan
42,86016,470.5,183,0.12445343285799026,0.3720947265625,0.49999999999999994,0.362032413482666,-0.02218,0.99049,0.0,0.0214,0.01386,0.80543,0.15645,0.00027,0.6275,0.3575,0.005,0.01,0.005,0.6057005898073666,0.8263473053892215,0.4888888888888889,0.5102040816326531,0.4489795918367347,nan
43,88064,479.3,184,0.10722004622220993,0.374462890625,0.49999999999999994,0.3618908226490021,-0.01779,0.98359,0.0,0.02717,0.01204,0.80518,0.1376,0.0004,0.615,0.3725,0.005,0.01,0.0025,0.5948444378535488,0.8076923076923077,0.5,0.5,0.4716981132075472,0.0
44,90112,488.1,185,0.13679465651512146,0.3810302734375,0.5499999999999999,0.3619038164615631,-0.02024,0.82127,0.0,0.02914,0.01419,0.80423,0.154,0.00027,0.615,0.37,0.005,0.01,0.005,0.5914875448483276,0.8258064516129032,0.48148148148148145,0.5283018867924528,0.44642857142857145,0.0
45,92160,496.5,186,0.18356287479400635,0.3928466796875,0.5499999999999999,0.3620380759239197,-0.01626,0.80304,0.0,0.02329,0.01163,0.80519,0.14668,0.0004,0.6175,0.37,0.01,0.0075,0.005,0.5923988284029778,0.8235294117647058,0.47692307692307695,0.5087719298245614,0.5172413793103449,0.0
46,94208,504.5,187,0.09919719398021698,0.4038818359375,0.5499999999999999,0.36114534735679626,-0.01612,0.84662,0.0,0.01838,0.01258,0.80356,0.14678,0.0004,0.6225,0.365,0.01,0.0075,0.005,0.5981746293528435,0.8137931034482758,0.5075757575757576,0.5166666666666667,0.5423728813559322,0.25
47,96256,511.9,188,0.13976441323757172,0.40351562500000004,0.5499999999999999,0.3605124354362488,-0.01992,0.68332,0.0,0.02174,0.01384,0.79857,0.15664,0.0004,0.62,0.3675,0.0125,0.0075,0.005,0.5956240327045905,0.7857142857142857,0.5343511450381679,0.5333333333333333,0.546875,0.2
48,98304,520.4,189,0.04812696576118469,0.408642578125,0.5499999999999999,0.36077988147735596,-0.02036,0.82229,0.0,0.02117,0.01359,0.79737,0.15527,0.00027,0.605,0.3875,0.0125,0.005,0.0025,0.5787677828758847,0.7841726618705036,0.532258064516129,0.5,0.5238095238095238,0.125
49,100352,528.3,190,0.12758350372314453,0.41435546874999996,0.5499999999999999,0.36099773645401,-0.01579,0.72177,0.0,0.01875,0.01099,0.79893,0.12471,0.0004,0.5975,0.3975,0.0125,0.0025,0.0025,0.5708895929836616,0.7753623188405797,0.5528455284552846,0.45588235294117646,0.5079365079365079,0.125
50,102400,537.0,191,0.08481357246637344,0.409423828125,0.5499999999999999,0.3608159124851227,-0.01431,0.93601,0.0,0.02392,0.01475,0.79945,0.17246,0.00027,0.5875,0.41,0.015,0.0,0.0025,0.5605488386119529,0.7686567164179104,0.5230769230769231,0.453125,0.5238095238095238,0.2222222222222222
51,104448,545.4,192,0.1176992803812027,0.4053466796875,0.5499999999999999,0.3610665798187256,-0.01824,0.72274,0.0,0.01981,0.00964,0.79865,0.12686,0.0004,0.585,0.4125,0.015,0.0,0.0025,0.55793365283228,0.7352941176470589,0.5461538461538461,0.45,0.515625,0.3
52,106496,554.2,192,0.0723780021071434,0.40996093749999996,0.5499999999999999,0.3620007038116455,-0.01974,0.97537,0.0,0.02131,0.01411,0.80259,0.16914,0.00027,0.585,0.4125,0.0175,0.0,0.0025,0.5579466281770753,0.7333333333333333,0.5714285714285714,0.40350877192982454,0.515625,0.2727272727272727
53,108544,562.4,193,0.04832487925887108,0.398583984375,0.5499999999999999,0.361846923828125,-0.01421,0.9773,0.0,0.02384,0.00948,0.80539,0.11406,0.0006,0.5675,0.4225,0.02,0.005,0.005,0.5414263999124571,0.7307692307692307,0.5671641791044776,0.3548387096774194,0.484375,0.3
54,110592,570.1,194,0.13290035724639893,0.3955322265625,0.49999999999999994,0.36180922389030457,-0.02009,0.6483,0.0,0.02106,0.01461,0.80481,0.17578,0.0004,0.565,0.4225,0.02,0.0075,0.005,0.539827357190733,0.7322834645669292,0.5522388059701493,0.3728813559322034,0.4857142857142857,0.3
55,112640,578.2,195,0.06816482543945312,0.3960693359375,0.49999999999999994,0.3616882562637329,-0.02101,0.78715,0.0,0.02263,0.01662,0.80402,0.18281,0.00027,0.5575,0.43,0.0175,0.0075,0.005,0.5340550897049716,0.7096774193548387,0.5555555555555556,0.3709677419354839,0.4927536231884058,0.3
56,114688,586.0,196,0.10659752786159515,0.39548339843749997,0.5499999999999999,0.3619927167892456,-0.01885,0.77538,0.0,0.02708,0.0103,0.8042,0.12627,0.0004,0.5475,0.4375,0.02,0.01,0.005,0.5226243352612272,0.6776859504132231,0.5869565217391305,0.3548387096774194,0.463768115942029,0.2
57,116736,593.4,197,0.11416074633598328,0.38779296875,0.49999999999999994,0.3625555634498596,-0.01595,0.53828,0.0,0.02066,0.01447,0.80685,0.17471,0.0004,0.5525,0.43,0.015,0.01,0.0075,0.52878741265341,0.6859504132231405,0.5808823529411765,0.3870967741935484,0.4647887323943662,0.2
58,118784,601.0,198,0.16360031068325043,0.40202636718749996,0.5499999999999999,0.3626137673854828,-0.01706,0.79266,0.0,0.02201,0.01412,0.80891,0.15645,0.0004,0.56,0.4225,0.0175,0.01,0.0075,0.5391330020925532,0.6910569105691057,0.5942028985507246,0.375,0.4594594594594595,0.2222222222222222
59,120832,609.4,198,0.140418142080307,0.4055908203125,0.5499999999999999,0.362346351146698,-0.01777,0.65884,0.0,0.0206,0.01609,0.80818,0.18623,0.00027,0.5575,0.425,0.0175,0.01,0.0075,0.538508864260873,0.6967213114754098,0.574468085106383,0.375,0.4857142857142857,0.18181818181818182
60,122880,617.7,199,0.09414973855018616,0.41250000000000003,0.5499999999999999,0.36356639862060547,-0.01712,0.6879,0.0,0.02462,0.01227,0.80942,0.14023,0.0004,0.5675,0.415,0.015,0.01,0.0075,0.5458327722750798,0.7063492063492064,0.6028368794326241,0.38181818181818183,0.44776119402985076,0.18181818181818182
61,124928,626.1,200,0.03525353968143463,0.40791015625,0.5499999999999999,0.3637203574180603,-0.01589,1.47718,0.0,0.02478,0.01368,0.81531,0.15859,0.00027,0.5475,0.435,0.015,0.01,0.0075,0.5262549380304966,0.6942148760330579,0.5886524822695035,0.3442622950819672,0.46153846153846156,0.08333333333333333
62,126976,634.9,200,0.10180443525314331,0.400927734375,0.6,0.36299219727516174,-0.01681,0.82435,0.0,0.02,0.01173,0.81327,0.14453,0.0004,0.5475,0.43,0.015,0.0125,0.01,0.5262397183902808,0.680672268907563,0.6029411764705882,0.38235294117647056,0.4444444444444444,0.14285714285714285
63,129024,643.1,201,0.08403536677360535,0.4,0.5649999999999977,0.36278969049453735,-0.01267,1.12971,0.0,0.02033,0.01144,0.81018,0.13418,0.0006,0.5525,0.4275,0.0075,0.01,0.01,0.5299237420654005,0.6557377049180327,0.5984848484848485,0.43283582089552236,0.47692307692307695,0.14285714285714285
64,131072,650.7,201,0.11881302297115326,0.4051025390625,0.6,0.3623490333557129,-0.02383,0.69151,0.0,0.0211,0.01372,0.80933,0.1582,0.0004,0.5525,0.43,0.0075,0.0075,0.01,0.5301811748908575,0.6434108527131783,0.6141732283464567,0.39705882352941174,0.5,0.14285714285714285
65,133120,658.6,202,0.1144835352897644,0.4052734375,0.5499999999999999,0.3625420331954956,-0.01907,0.50065,0.0,0.02045,0.01427,0.8076,0.16377,0.00027,0.5525,0.43,0.01,0.0075,0.01,0.5291625627777878,0.65625,0.625,0.4090909090909091,0.4444444444444444,0.13333333333333333
66,135168,667.7,202,0.15162193775177002,0.41535644531249993,0.6,0.36335235834121704,-0.01243,1.12465,0.0,0.02101,0.00766,0.81019,0.09443,0.0006,0.565,0.42,0.0125,0.005,0.01,0.5404301124077306,0.6846153846153846,0.6129032258064516,0.40298507462686567,0.48484848484848486,0.15384615384615385
67,137216,676.8,203,0.0985451191663742,0.4123779296875,0.6,0.3638812303543091,-0.01805,1.22243,0.0,0.02297,0.01208,0.81471,0.14844,0.0006,0.555,0.4325,0.015,0.005,0.0075,0.529185887248423,0.6412213740458015,0.6141732283464567,0.4032258064516129,0.5076923076923077,0.13333333333333333
68,139264,685.6,203,0.14108887314796448,0.413525390625,0.6,0.3640376627445221,-0.02177,0.90758,0.0,0.02187,0.01219,0.81684,0.15498,0.0006,0.55,0.4375,0.0175,0.005,0.0075,0.5229907738319433,0.6666666666666666,0.5772357723577236,0.41935483870967744,0.453125,0.15384615384615385
69,141312,693.3,204,0.10777854919433594,0.41738281250000003,0.5499999999999999,0.36476731300354004,-0.02321,0.79666,0.0,0.02481,0.01543,0.81822,0.17627,0.0004,0.5375,0.445,0.0225,0.01,0.0075,0.5111779493524548,0.6527777777777778,0.5462184873949579,0.4375,0.423728813559322,0.21428571428571427
70,143360,701.8,204,0.09109291434288025,0.4107421875,0.5499999999999999,0.36445969343185425,-0.01772,0.96834,0.0,0.02283,0.0099,0.82079,0.12578,0.0006,0.535,0.445,0.0225,0.0125,0.0075,0.5138715759343786,0.6301369863013698,0.5752212389380531,0.4307692307692308,0.41935483870967744,0.21428571428571427
71,145408,710.5,205,0.1098896712064743,0.4056396484375,0.6,0.3635181784629822,-0.01805,1.06809,0.0,0.02118,0.01401,0.81708,0.15352,0.00027,0.5375,0.44,0.025,0.0125,0.01,0.5153336965297115,0.6428571428571429,0.5648148148148148,0.4166666666666667,0.4307692307692308,0.15384615384615385
72,147456,719.8,205,0.1579594910144806,0.40913085937500004,0.6,0.3625674843788147,-0.01638,1.05861,0.0,0.025,0.00862,0.81157,0.11084,0.0004,0.555,0.4325,0.0275,0.0075,0.005,0.5304050997695109,0.6709677419354839,0.5471698113207547,0.43859649122807015,0.463768115942029,0.23076923076923078
73,149504,727.7,205,0.18609653413295746,0.415966796875,0.6,0.36345452070236206,-0.02003,1.02401,0.0,0.0261,0.01365,0.81003,0.16924,0.0004,0.56,0.43,0.0275,0.0075,0.0025,0.5387691646417813,0.6688311688311688,0.5377358490566038,0.4727272727272727,0.4857142857142857,0.26666666666666666
74,151552,735.1,206,0.16727206110954285,0.43522949218749996,0.65,0.36463215947151184,-0.01729,0.91076,0.0,0.02336,0.01373,0.81696,0.16543,0.0006,0.5675,0.4225,0.0275,0.0075,0.0025,0.5468291288938254,0.6729559748427673,0.5306122448979592,0.45,0.5294117647058824,0.3333333333333333
75,153600,742.4,207,0.15584081411361694,0.44179687500000003,0.65,0.36329102516174316,-0.01924,0.96316,0.0,0.02313,0.01372,0.81769,0.16104,0.0004,0.5625,0.425,0.025,0.01,0.0025,0.5426083670427545,0.6942675159235668,0.5151515151515151,0.42857142857142855,0.5076923076923077,0.3125
76,155648,750.5,207,0.23197752237319946,0.45395507812499997,0.65,0.36259138584136963,-0.01896,1.21311,0.0,0.02559,0.01212,0.81087,0.1502,0.0004,0.59,0.3975,0.025,0.01,0.0025,0.5675158877489587,0.7337662337662337,0.5353535353535354,0.45714285714285713,0.5238095238095238,0.35714285714285715
77,157696,757.3,208,0.11262576282024384,0.46555175781249997,0.65,0.3624119162559509,-0.017,0.97048,0.0,0.02766,0.01027,0.80806,0.12461,0.0006,0.5875,0.4,0.02,0.01,0.0025,0.5647405894022965,0.72,0.5454545454545454,0.4657534246575342,0.5396825396825397,0.3333333333333333
78,159744,766.1,209,0.11447195708751678,0.46867675781249996,0.65,0.3618362545967102,-0.01894,0.92065,0.0,0.02521,0.01074,0.80703,0.13584,0.0004,0.5875,0.3975,0.0175,0.0125,0.0025,0.5585459164431678,0.738255033557047,0.54,0.43478260869565216,0.5692307692307692,0.23529411764705882
79,161792,774.2,209,0.12097354978322983,0.466796875,0.6,0.3612653911113739,-0.01782,0.94304,0.0,0.02284,0.01553,0.80321,0.18682,0.00027,0.6025,0.3875,0.0175,0.01,0.0025,0.5706896214467545,0.7762237762237763,0.5490196078431373,0.44776119402985076,0.5882352941176471,0.2
80,163840,781.8,210,0.11905131489038467,0.46879882812499996,0.6,0.3607789874076843,-0.02123,1.01793,0.0,0.02565,0.01415,0.80027,0.16299,0.00018,0.605,0.385,0.0175,0.01,0.0025,0.5716534901606128,0.7816901408450704,0.5151515151515151,0.46153846153846156,0.6111111111111112,0.2727272727272727
81,165888,789.6,210,0.13666443526744843,0.471044921875,0.6,0.3605998158454895,-0.0175,0.65851,0.0,0.02281,0.00926,0.79818,0.12256,0.00027,0.6075,0.3825,0.015,0.01,0.0025,0.5761719959143192,0.7891156462585034,0.5212765957446809,0.4411764705882353,0.6111111111111112,0.21052631578947367
82,167936,797.3,211,0.19699318706989288,0.4812255859375,0.6,0.35950523614883423,-0.01577,0.68446,0.0,0.02481,0.01385,0.79565,0.16943,0.00027,0.615,0.375,0.0125,0.01,0.0025,0.5817074156473447,0.8041958041958042,0.5164835164835165,0.45569620253164556,0.6285714285714286,0.23529411764705882
83,169984,805.3,211,0.09277813136577606,0.480322265625,0.6,0.35872459411621094,-0.01548,1.22133,0.0,0.02304,0.01156,0.78923,0.13574,0.0004,0.595,0.3925,0.02,0.01,0.005,0.5602016385089209,0.7985611510791367,0.5157894736842106,0.44155844155844154,0.5857142857142857,0.15789473684210525
84,172032,814.5,211,0.15917357802391052,0.47607421874999994,0.6,0.3578413128852844,-0.01887,1.08073,0.0,0.0254,0.01281,0.7854,0.15352,0.0004,0.5925,0.395,0.0175,0.01,0.005,0.558703809865402,0.7876712328767124,0.4891304347826087,0.4647887323943662,0.5540540540540541,0.17647058823529413
85,174080,822.0,212,0.0979992151260376,0.47822265624999993,0.6,0.3579830527305603,-0.01824,1.20637,0.0,0.02682,0.0158,0.7823,0.1748,0.00027,0.58,0.41,0.0125,0.0075,0.005,0.5459043788022384,0.7733333333333333,0.45652173913043476,0.45588235294117646,0.5405405405405406,0.1875
86,176128,829.7,212,0.16585096716880798,0.47814941406249994,0.65,0.35801252722740173,-0.01716,1.14755,0.0,0.02978,0.0127,0.78339,0.13877,0.0004,0.5725,0.4175,0.01,0.0075,0.005,0.5409217799945225,0.7777777777777778,0.39759036144578314,0.43283582089552236,0.5569620253164557,0.2222222222222222
87,178176,836.7,213,0.14688226580619812,0.47944335937499993,0.65,0.35713309049606323,-0.01517,1.03747,0.0,0.02865,0.01351,0.78161,0.16621,0.0004,0.5725,0.4175,0.015,0.0075,0.005,0.5417222931488455,0.7631578947368421,0.4166666666666667,0.43283582089552236,0.569620253164557,0.2222222222222222
88,180224,844.1,214,0.14653362333774567,0.4833740234375,0.65,0.35694700479507446,-0.02044,0.82401,0.0,0.02415,0.01816,0.77719,0.19482,0.00018,0.58,0.41,0.0175,0.0025,0.01,0.5473543541844506,0.7450980392156863,0.45348837209302323,0.4461538461538462,0.5609756097560976,0.2857142857142857
89,182272,851.7,214,0.05462596192955971,0.4853271484375,0.65,0.35730135440826416,-0.01748,0.73514,0.0,0.02327,0.01153,0.77794,0.14199,0.00027,0.57,0.41,0.0175,0.005,0.015,0.5396661013790979,0.7307692307692307,0.43902439024390244,0.45714285714285713,0.5526315789473685,0.25
90,184320,859.6,214,0.08384829759597778,0.4892578125,0.65,0.35757842659950256,-0.01885,0.83574,0.0,0.0268,0.01326,0.7802,0.15693,0.00018,0.5775,0.4075,0.015,0.0025,0.0125,0.5419076344930136,0.738562091503268,0.44047619047619047,0.47058823529411764,0.5625,0.26666666666666666
91,186368,867.7,215,0.10771970450878143,0.48671875,0.65,0.35797756910324097,-0.01585,1.18458,0.0,0.02601,0.00977,0.78159,0.11787,0.0004,0.5725,0.41,0.015,0.0025,0.015,0.5344027424793154,0.7482993197278912,0.44565217391304346,0.4492753623188406,0.5584415584415584,0.26666666666666666
92,188416,875.7,215,0.058938443660736084,0.4763427734375,0.6,0.35789161920547485,-0.01748,1.19765,0.0,0.02834,0.01558,0.78293,0.18281,0.00018,0.545,0.43,0.015,0.0075,0.0175,0.504229793412089,0.7152777777777778,0.42105263157894735,0.45161290322580644,0.5308641975308642,0.2222222222222222
93,190464,883.4,216,0.22637735307216644,0.490380859375,0.6,0.35856539011001587,-0.01726,0.80867,0.0,0.02531,0.01104,0.78363,0.12871,0.00027,0.5675,0.41,0.01,0.0075,0.015,0.5244465764866255,0.6944444444444444,0.47959183673469385,0.5,0.5657894736842105,0.2777777777777778
94,192512,891.6,216,0.14113104343414307,0.5057128906249999,0.6,0.3592478930950165,-0.01537,1.114,0.0,0.02086,0.01101,0.78806,0.12861,0.0004,0.5625,0.415,0.0075,0.0075,0.015,0.518926303965373,0.6737588652482269,0.47959183673469385,0.47619047619047616,0.6075949367088608,0.2631578947368421
95,194560,899.5,216,0.07789534330368042,0.5007080078125,0.6,0.3592276871204376,-0.02016,1.4176,0.0,0.02787,0.01464,0.79016,0.16621,0.0004,0.5575,0.4175,0.0125,0.01,0.015,0.5121687096649721,0.6515151515151515,0.49,0.5076923076923077,0.6172839506172839,0.22727272727272727
96,196608,908.3,216,0.10640095174312592,0.49462890625,0.65,0.3599657714366913,-0.01874,1.05119,0.0,0.02879,0.01573,0.79153,0.17217,0.00027,0.545,0.425,0.0125,0.01,0.02,0.4975349173892414,0.648854961832061,0.5,0.484375,0.6,0.16666666666666666
97,198656,916.3,217,0.11319293081760406,0.4901123046875,0.6,0.36007481813430786,-0.01831,1.07214,0.0,0.02609,0.01296,0.79454,0.15752,0.00027,0.54,0.43,0.0075,0.0125,0.0175,0.4940798609327793,0.6370370370370371,0.5048543689320388,0.47058823529411764,0.5915492957746479,0.17391304347826086
98,200704,924.4,217,0.12287084758281708,0.48894042968749996,0.6,0.360786497592926,-0.015,0.96088,0.0,0.02483,0.01306,0.79568,0.14453,0.00027,0.5375,0.44,0.0125,0.01,0.0125,0.4923782571148548,0.6615384615384615,0.4716981132075472,0.45714285714285713,0.5972222222222222,0.18181818181818182
99,202752,932.4,217,0.037500426173210144,0.4778564453125,0.6,0.3599840998649597,-0.01321,1.46098,0.0,0.02139,0.00884,0.79785,0.11172,0.0006,0.5175,0.4575,0.015,0.015,0.01,0.4750047003291256,0.6260162601626016,0.45714285714285713,0.4230769230769231,0.6081081081081081,0.2
100,204800,940.1,218,0.10791289806365967,0.46137695312499993,0.6,0.3584882616996765,-0.01755,0.98752,0.0,0.02084,0.01398,0.78955,0.16504,0.0004,0.5175,0.46,0.015,0.015,0.0075,0.4780461727091367,0.6410256410256411,0.45714285714285713,0.45569620253164556,0.5569620253164557,0.2
101,206848,948.0,218,0.16142642498016357,0.47385253906249997,0.6,0.35752367973327637,-0.01508,0.93475,0.0,0.02142,0.01375,0.78291,0.15469,0.00027,0.55,0.4325,0.015,0.0125,0.005,0.5032271410958613,0.6746031746031746,0.48,0.48148148148148145,0.5866666666666667,0.2222222222222222
102,208896,955.2,219,0.08915610611438751,0.48730468749999994,0.6,0.35759982466697693,-0.01562,0.72924,0.0,0.0205,0.01282,0.7799,0.1626,0.0004,0.54,0.445,0.015,0.01,0.005,0.5029841830132166,0.6721311475409836,0.44554455445544555,0.5060240963855421,0.5657894736842105,0.2222222222222222
103,210944,963.2,219,0.07663308084011078,0.48552246093749996,0.65,0.35783180594444275,-0.01604,1.07339,0.0,0.02199,0.01251,0.78198,0.15596,0.0006,0.52,0.4625,0.015,0.01,0.0075,0.4818650328698578,0.6695652173913044,0.4368932038834951,0.43373493975903615,0.5679012345679012,0.2222222222222222
104,212992,971.0,219,0.0945681631565094,0.4771484375,0.65,0.3576318621635437,-0.01519,1.22387,0.0,0.02215,0.01422,0.78121,0.17266,0.0004,0.5175,0.465,0.0175,0.01,0.0075,0.4786893491654446,0.6875,0.44036697247706424,0.4457831325301205,0.5316455696202531,0.17647058823529413
105,215040,978.8,220,0.1542985737323761,0.48344726562499996,0.65,0.35799527168273926,-0.01729,1.00675,0.0,0.02247,0.01482,0.78145,0.17012,0.00027,0.5325,0.4525,0.015,0.0075,0.0075,0.4929522114520257,0.6982758620689655,0.42452830188679247,0.47619047619047616,0.5443037974683544,0.26666666666666666
106,217088,986.5,220,0.11150730401277542,0.492041015625,0.65,0.3572273850440979,-0.01374,0.87779,0.0,0.02516,0.00847,0.78175,0.10596,0.0004,0.54,0.4475,0.015,0.01,0.0025,0.5014130796356061,0.7168141592920354,0.4158415841584158,0.4891304347826087,0.5384615384615384,0.375
107,219136,994.9,220,0.14882488548755646,0.5020263671874999,0.6,0.35653066635131836,-0.01634,0.77802,0.0,0.02667,0.01434,0.77627,0.17617,0.0006,0.555,0.435,0.015,0.0075,0.0025,0.513656142370756,0.6956521739130435,0.43434343434343436,0.5280898876404494,0.5625,0.4117647058823529
108,221184,1003.4,220,0.11153608560562134,0.5024658203125,0.6,0.3562091290950775,-0.01948,0.76678,0.0,0.02313,0.01475,0.77374,0.17842,0.0004,0.5625,0.425,0.0125,0.01,0.0025,0.5209967404303518,0.6869565217391305,0.4489795918367347,0.5111111111111111,0.6125,0.4117647058823529
109,223232,1013.0,220,0.15697616338729858,0.5062499999999999,0.65,0.3552718162536621,-0.01965,0.57711,0.0,0.02528,0.01301,0.771,0.15303,0.0006,0.5675,0.42,0.005,0.0075,0.0075,0.5261461254938294,0.6782608695652174,0.47474747474747475,0.5402298850574713,0.575,0.47368421052631576
110,225280,1021.6,221,0.10634872317314148,0.5149902343749999,0.7000000000000001,0.3540877103805542,-0.02118,0.93855,0.0,0.03191,0.01755,0.76438,0.20068,0.00027,0.58,0.41,0.01,0.005,0.0075,0.5408954551642238,0.6752136752136753,0.4666666666666667,0.5833333333333334,0.6052631578947368,0.5
111,227328,1030.2,221,0.0749669000506401,0.5137939453125,0.7000000000000001,0.3538028597831726,-0.01447,0.8388,0.0,0.02473,0.01027,0.75994,0.129,0.0004,0.58,0.41,0.0125,0.005,0.0075,0.5393362491671123,0.6722689075630253,0.48514851485148514,0.5517241379310345,0.6231884057971014,0.5
112,229376,1037.3,221,0.05591940879821777,0.5095947265625,0.65,0.35333022475242615,-0.01386,0.90352,0.0,0.02106,0.01495,0.75798,0.17471,0.0004,0.5675,0.42,0.0175,0.0075,0.0075,0.5283346042239916,0.6386554621848739,0.48514851485148514,0.5465116279069767,0.6231884057971014,0.48
113,231424,1045.0,221,0.05913281813263893,0.5042968750000001,0.65,0.3534473478794098,-0.01838,0.8575,0.0,0.02568,0.01352,0.75703,0.15313,0.00027,0.5575,0.425,0.0175,0.01,0.01,0.5171669512919951,0.6410256410256411,0.4639175257731959,0.5056179775280899,0.647887323943662,0.46153846153846156
114,233472,1052.2,222,0.10632160305976868,0.5051513671875,0.65,0.35300612449645996,-0.01655,0.77278,0.0,0.02665,0.01245,0.75613,0.16299,0.0004,0.5675,0.4175,0.0175,0.01,0.0075,0.5248885347067739,0.6557377049180327,0.4842105263157895,0.5057471264367817,0.6428571428571429,0.46153846153846156
115,235520,1060.6,222,0.11355958133935928,0.50791015625,0.65,0.3525783121585846,-0.02111,0.77078,0.0,0.02829,0.01726,0.75348,0.19893,0.00027,0.5725,0.4075,0.0175,0.0125,0.01,0.5309688980566911,0.664,0.4673913043478261,0.5176470588235295,0.6351351351351351,0.5
116,237568,1069.0,222,0.09753136336803436,0.509326171875,0.65,0.3525291681289673,-0.0164,1.01858,0.0,0.02363,0.01325,0.75263,0.16064,0.0004,0.565,0.4125,0.0175,0.0125,0.0125,0.5226253862584436,0.6504065040650406,0.4772727272727273,0.5287356321839081,0.6027397260273972,0.4827586206896552
117,239616,1076.0,223,0.05755453556776047,0.506591796875,0.65,0.3527379035949707,-0.01946,0.80681,0.0,0.02333,0.01885,0.75307,0.20137,0.00018,0.545,0.4325,0.02,0.0125,0.0125,0.5050409698601812,0.6341463414634146,0.4823529411764706,0.4942528735632184,0.56,0.4666666666666667
118,241664,1083.7,223,0.10148961842060089,0.5054687499999999,0.65,0.35215550661087036,-0.01636,0.7049,0.0,0.02105,0.01066,0.75234,0.12881,0.00027,0.5475,0.4325,0.0175,0.01,0.0125,0.5091389755828328,0.6370967741935484,0.5227272727272727,0.4880952380952381,0.5394736842105263,0.42857142857142855
119,243712,1091.6,223,0.06801889836788177,0.4974365234375,0.65,0.35222452878952026,-0.01491,0.84074,0.0,0.02045,0.00927,0.74993,0.11689,0.0004,0.5325,0.435,0.0175,0.015,0.02,0.4963882620509051,0.6440677966101694,0.49473684210526314,0.47619047619047616,0.5131578947368421,0.4074074074074074
120,245760,1099.5,224,0.1213030219078064,0.49729003906249997,0.65,0.35121190547943115,-0.0219,0.90919,0.0,0.02247,0.01416,0.74881,0.17266,0.0004,0.5325,0.4375,0.02,0.0125,0.02,0.49424406478686755,0.6554621848739496,0.47058823529411764,0.5063291139240507,0.5,0.38461538461538464
121,247808,1107.4,224,0.09805911779403687,0.49797363281249996,0.6,0.3512578010559082,-0.01835,1.23219,0.0,0.02646,0.0159,0.74437,0.17598,0.00027,0.52,0.445,0.02,0.0125,0.0225,0.48286883604054437,0.625,0.4673913043478261,0.5119047619047619,0.48,0.3793103448275862
122,249856,1114.9,224,0.08837465196847916,0.49470214843749993,0.65,0.3510323762893677,-0.01458,1.03245,0.0,0.02533,0.00858,0.745,0.10928,0.0004,0.52,0.445,0.015,0.0125,0.0225,0.48008069492313693,0.628099173553719,0.46236559139784944,0.5308641975308642,0.4810126582278481,0.3076923076923077
123,251904,1123.0,224,0.07778941839933395,0.4841308593749999,0.65,0.3507123589515686,-0.01577,1.04051,0.0,0.02178,0.01519,0.74308,0.17783,0.00027,0.51,0.4525,0.01,0.0125,0.025,0.4690737173028738,0.6229508196721312,0.45161290322580644,0.5256410256410257,0.46987951807228917,0.25
124,253952,1131.4,224,0.10469316691160202,0.480712890625,0.65,0.35064712166786194,-0.01768,0.85925,0.0,0.02141,0.01027,0.74188,0.12207,0.0004,0.5125,0.4575,0.015,0.0075,0.0225,0.4763483928187652,0.6260162601626016,0.46534653465346537,0.5294117647058824,0.4470588235294118,0.30434782608695654
125,256000,1139.3,225,0.016965456306934357,0.4668212890625,0.6,0.34988734126091003,-0.01857,1.14497,0.0,0.02742,0.01368,0.73984,0.16582,0.0004,0.49,0.4725,0.015,0.01,0.0275,0.45297039481372153,0.5950413223140496,0.4380952380952381,0.5522388059701493,0.43037974683544306,0.25
126,258048,1147.7,225,0.10578849166631699,0.45002441406249993,0.6,0.34883445501327515,-0.02007,1.04746,0.0,0.02432,0.01255,0.73462,0.1541,0.0004,0.485,0.4825,0.0175,0.01,0.0225,0.44514271364863717,0.5983606557377049,0.4380952380952381,0.5151515151515151,0.43209876543209874,0.23076923076923078
127,260096,1155.7,225,0.07309068739414215,0.44475097656249996,0.6,0.3478647470474243,-0.01821,1.07894,0.0,0.02743,0.01445,0.72897,0.16123,0.00027,0.49,0.4775,0.0175,0.01,0.0225,0.45062941576348736,0.6290322580645161,0.4056603773584906,0.5625,0.425,0.19230769230769232
128,262144,1163.2,225,0.09603942185640335,0.43452148437499993,0.6,0.3480820059776306,-0.01403,0.91401,0.0,0.02168,0.01069,0.72588,0.13086,0.0004,0.48,0.4875,0.0225,0.01,0.0225,0.44034057171603097,0.6299212598425197,0.37142857142857144,0.5409836065573771,0.4444444444444444,0.15384615384615385
129,264192,1171.5,226,0.10427495837211609,0.44111328125,0.6,0.34854966402053833,-0.01944,0.72388,0.0,0.02213,0.01785,0.72852,0.19199,0.00018,0.5,0.475,0.0225,0.0075,0.0175,0.45873943307337406,0.6461538461538462,0.40186915887850466,0.5333333333333333,0.4805194805194805,0.15384615384615385
130,266240,1179.3,226,0.07681901752948761,0.43525390625000004,0.6,0.34857702255249023,-0.01417,0.64344,0.0,0.02239,0.00851,0.73009,0.09844,0.0004,0.4975,0.4825,0.0225,0.005,0.015,0.4580207247084405,0.6717557251908397,0.3867924528301887,0.5,0.48,0.14285714285714285
131,268288,1187.5,226,0.13523803651332855,0.44025878906250004,0.6,0.3484150767326355,-0.01781,0.72087,0.0,0.02107,0.01682,0.72944,0.18984,0.00027,0.5075,0.475,0.0225,0.005,0.0125,0.46677224718213706,0.6744186046511628,0.4144144144144144,0.46551724137931033,0.5068493150684932,0.20689655172413793
132,270336,1194.9,226,0.07820932567119598,0.45346679687499997,0.6,0.34870147705078125,-0.01469,0.94057,0.0,0.02312,0.01074,0.7295,0.12451,0.0004,0.515,0.47,0.0225,0.005,0.01,0.4699273880657857,0.6821705426356589,0.43103448275862066,0.4642857142857143,0.5285714285714286,0.1724137931034483
133,272384,1202.3,227,0.10887520015239716,0.4521484375,0.65,0.3487585186958313,-0.01658,0.60769,0.0,0.02161,0.01343,0.73126,0.1585,0.0006,0.525,0.4575,0.02,0.005,0.0125,0.47970271004971576,0.6953125,0.4434782608695652,0.47368421052631576,0.5277777777777778,0.17857142857142858
134,274432,1210.1,227,0.06234609708189964,0.4583740234375,0.6,0.3487017750740051,-0.02279,0.80316,0.0,0.02309,0.01709,0.73097,0.17617,0.00027,0.5275,0.4575,0.02,0.005,0.01,0.4814712471468404,0.704,0.46956521739130436,0.43103448275862066,0.5131578947368421,0.19230769230769232
135,276480,1217.3,227,0.10829928517341614,0.4544921875,0.6,0.3493328094482422,-0.01465,0.73919,0.0,0.02393,0.01235,0.73222,0.15039,0.00027,0.535,0.45,0.0175,0.005,0.01,0.48792886998540325,0.7272727272727273,0.4649122807017544,0.43103448275862066,0.5142857142857142,0.15384615384615385
136,278528,1225.8,227,0.1333121955394745,0.4648193359374999,0.65,0.34810999035835266,-0.01973,0.53926,0.0,0.02031,0.01092,0.73239,0.13818,0.0004,0.555,0.4375,0.0175,0.0025,0.0075,0.5053987834133217,0.7445255474452555,0.4954954954954955,0.4406779661016949,0.5072463768115942,0.16666666666666666
137,280576,1233.3,227,0.046343713998794556,0.4690185546875,0.65,0.34764498472213745,-0.01873,0.69346,0.0,0.02549,0.01211,0.72442,0.14658,0.0004,0.57,0.42,0.0225,0.005,0.0075,0.5203903316324723,0.75,0.5321100917431193,0.41935483870967744,0.5352112676056338,0.18181818181818182
138,282624,1240.5,228,0.10034523904323578,0.47651367187499993,0.65,0.347048819065094,-0.01553,0.88736,0.0,0.02537,0.01242,0.72349,0.15439,0.0006,0.575,0.41,0.025,0.005,0.0125,0.5255670211286819,0.7426470588235294,0.5412844036697247,0.4461538461538462,0.5538461538461539,0.2
139,284672,1248.1,228,0.03848753497004509,0.484619140625,0.65,0.3471168279647827,-0.01843,0.74038,0.0,0.02519,0.01418,0.72055,0.16494,0.0004,0.575,0.4075,0.025,0.005,0.015,0.52375110568769,0.7615384615384615,0.5263157894736842,0.4393939393939394,0.5522388059701493,0.21739130434782608
140,286720,1255.3,228,0.0652722641825676,0.47343749999999996,0.65,0.3474988341331482,-0.02027,0.61752,0.0,0.02731,0.01834,0.72241,0.19746,0.00018,0.58,0.4,0.025,0.0075,0.015,0.5272035533479018,0.7674418604651163,0.5526315789473685,0.4027777777777778,0.5806451612903226,0.21739130434782608
141,288768,1263.0,229,0.10553398728370667,0.47954101562499996,0.65,0.34724944829940796,-0.01341,0.45519,0.0,0.02539,0.01334,0.72323,0.13037,0.00018,0.5925,0.3875,0.02,0.0075,0.015,0.535292130443097,0.7734375,0.5752212389380531,0.4266666666666667,0.5714285714285714,0.23809523809523808
142,290816,1271.3,229,0.1159791648387909,0.4939208984375,0.65,0.34617114067077637,-0.01439,0.6314,0.0,0.02377,0.00856,0.71999,0.10557,0.0004,0.59,0.385,0.02,0.01,0.0175,0.5310356571095493,0.7580645161290323,0.5526315789473685,0.4605263157894737,0.5846153846153846,0.2857142857142857
143,292864,1278.7,229,0.054395075887441635,0.5008056640624999,0.65,0.34442541003227234,-0.02,0.65328,0.0,0.02337,0.01639,0.71091,0.1748,0.00018,0.5975,0.3725,0.0175,0.0125,0.02,0.5379450788963276,0.7622950819672131,0.6132075471698113,0.45454545454545453,0.5571428571428572,0.28
144,294912,1286.0,229,0.04509406164288521,0.49663085937499996,0.65,0.3433721661567688,-0.01591,0.60956,0.0,0.02438,0.00892,0.70294,0.11729,0.00027,0.5875,0.3825,0.02,0.0125,0.02,0.5281679169751989,0.7401574803149606,0.5925925925925926,0.4657534246575342,0.5285714285714286,0.2727272727272727
145,296960,1292.9,230,0.10654614865779877,0.4997314453124999,0.7000000000000001,0.3433416485786438,-0.01425,0.74737,0.0,0.02618,0.01102,0.69914,0.12822,0.00027,0.57,0.3975,0.02,0.0125,0.0225,0.5134373595483528,0.7295081967213115,0.5576923076923077,0.475,0.5142857142857142,0.2916666666666667
146,299008,1301.3,230,0.13056883215904236,0.5080078125,0.7000000000000001,0.34271353483200073,-0.01906,0.61128,0.0,0.02632,0.01316,0.69865,0.16064,0.00027,0.5825,0.385,0.0225,0.0125,0.0225,0.5266816178703237,0.732824427480916,0.58,0.4805194805194805,0.5142857142857142,0.2727272727272727
147,301056,1309.4,230,0.06160414218902588,0.5136474609375,0.7500000000000001,0.34195205569267273,-0.01667,0.65823,0.0,0.02479,0.01338,0.69369,0.17285,0.0004,0.5725,0.39,0.0225,0.0125,0.0275,0.5170608883004167,0.734375,0.5728155339805825,0.47368421052631576,0.4857142857142857,0.2608695652173913
148,303104,1317.6,230,0.10041934996843338,0.507568359375,0.7500000000000001,0.3418591618537903,-0.02029,0.94859,0.0,0.02415,0.01725,0.69078,0.20312,0.00018,0.57,0.39,0.0225,0.0125,0.03,0.5176562282233573,0.746031746031746,0.5392156862745098,0.5,0.4852941176470588,0.25
149,305152,1325.6,230,0.1449373960494995,0.5138671875,0.7000000000000001,0.3421962857246399,-0.01319,1.02386,0.0,0.02019,0.00845,0.69197,0.10762,0.0004,0.5625,0.395,0.0225,0.0125,0.03,0.5112159641936469,0.7226890756302521,0.5242718446601942,0.4939759036144578,0.5211267605633803,0.2916666666666667
150,307200,1334.0,230,0.15935182571411133,0.5174560546875,0.7000000000000001,0.34194397926330566,-0.02005,0.88443,0.0,0.02141,0.0151,0.69223,0.16338,0.0004,0.5725,0.39,0.0175,0.01,0.0275,0.5216186741039086,0.75,0.5277777777777778,0.5,0.5352112676056338,0.28
151,309248,1342.4,230,0.07781700789928436,0.5157958984375,0.65,0.34097814559936523,-0.01682,1.0126,0.0,0.02266,0.01386,0.689,0.17188,0.0004,0.555,0.4125,0.015,0.01,0.0225,0.5105801654520716,0.7416666666666667,0.5048543689320388,0.4805194805194805,0.5066666666666667,0.24
152,311296,1351.0,230,0.14470309019088745,0.5169189453125,0.65,0.34121596813201904,-0.01655,0.61536,0.0,0.02021,0.01534,0.68583,0.18447,0.0004,0.5725,0.395,0.0075,0.01,0.0225,0.5303038265130972,0.7350427350427351,0.5333333333333333,0.52,0.5526315789473685,0.2222222222222222
153,313344,1359.5,230,0.07579771429300308,0.5167236328125,0.65,0.341427743434906,-0.01842,1.03635,0.0,0.02352,0.01169,0.6883,0.13633,0.0004,0.56,0.4075,0.0075,0.01,0.0225,0.5224212848350207,0.7232142857142857,0.5135135135135135,0.5205479452054794,0.5405405405405406,0.26666666666666666
154,315392,1367.9,231,0.023978468030691147,0.4993408203125,0.65,0.34211719036102295,-0.01703,1.30122,0.0,0.02529,0.01232,0.68976,0.15225,0.0006,0.5325,0.44,0.01,0.0075,0.02,0.4973522775584132,0.7105263157894737,0.4954128440366973,0.4714285714285714,0.5205479452054794,0.20588235294117646
155,317440,1376.0,231,0.12368962168693542,0.48764648437499997,0.6,0.34245285391807556,-0.01742,1.01866,0.0,0.02422,0.01153,0.69358,0.14131,0.0006,0.545,0.4325,0.01,0.0075,0.015,0.5089354620674715,0.7280701754385965,0.4774774774774775,0.5068493150684932,0.5588235294117647,0.20588235294117646
156,319488,1384.1,231,0.10489199310541153,0.49580078124999993,0.6,0.34174418449401855,-0.01687,0.8277,0.0,0.02514,0.01457,0.69265,0.17686,0.0004,0.545,0.4325,0.0075,0.0075,0.015,0.5105237376950399,0.7297297297297297,0.4766355140186916,0.5142857142857142,0.5454545454545454,0.22857142857142856
157,321536,1393.9,231,0.10050342977046967,0.48334960937500004,0.6,0.3412891924381256,-0.01901,0.86833,0.0,0.0266,0.02085,0.6887,0.18984,0.00018,0.5325,0.4425,0.005,0.0075,0.0175,0.4943398550323248,0.7547169811320755,0.46846846846846846,0.4861111111111111,0.5135135135135135,0.21621621621621623
158,323584,1401.9,231,0.18225008249282837,0.492578125,0.6,0.34157830476760864,-0.01491,1.03883,0.0,0.02644,0.00833,0.68794,0.10635,0.00027,0.5425,0.4375,0.0075,0.0075,0.0125,0.5041662953685855,0.7363636363636363,0.47863247863247865,0.4788732394366197,0.5671641791044776,0.22857142857142856
159,325632,1409.9,231,0.12141472846269608,0.489697265625,0.6,0.34181779623031616,-0.01691,1.2733,0.0,0.02605,0.01159,0.69016,0.14766,0.0004,0.5325,0.4475,0.0075,0.0075,0.0125,0.49535285728639444,0.6952380952380952,0.46956521739130436,0.5068493150684932,0.6,0.1891891891891892
160,327680,1417.2,231,0.1444821059703827,0.49697265625,0.6,0.3415427803993225,-0.01862,0.96826,0.0,0.02721,0.0137,0.69026,0.16094,0.0004,0.5325,0.4475,0.0075,0.0075,0.0125,0.49467148382013026,0.6822429906542056,0.44642857142857145,0.5333333333333333,0.5942028985507246,0.24324324324324326
161,329728,1425.2,231,0.14046625792980194,0.497607421875,0.6,0.3401752710342407,-0.01778,0.83542,0.0,0.02402,0.01181,0.68578,0.14463,0.0004,0.535,0.44,0.0075,0.01,0.015,0.4979199368120183,0.673469387755102,0.4700854700854701,0.5121951219512195,0.6176470588235294,0.2571428571428571
162,331776,1433.1,232,0.15194576978683472,0.4958740234375,0.6,0.33959195017814636,-0.0177,0.81085,0.0,0.02701,0.019,0.67873,0.20391,0.00018,0.535,0.4475,0.0075,0.005,0.0125,0.4939263015739365,0.6862745098039216,0.45217391304347826,0.5063291139240507,0.6086956521739131,0.2857142857142857
163,333824,1441.4,232,0.12476366758346558,0.504931640625,0.6,0.33952611684799194,-0.01595,0.88838,0.0,0.02508,0.00748,0.67704,0.09297,0.00027,0.545,0.44,0.0075,0.0025,0.0125,0.5019968249732533,0.6636363636363637,0.4672897196261682,0.5180722891566265,0.6231884057971014,0.2903225806451613
164,335872,1449.5,232,0.104652538895607,0.5066650390625,0.65,0.3397732973098755,-0.01571,1.2022,0.0,0.0263,0.00903,0.6773,0.10771,0.0004,0.56,0.4225,0.005,0.005,0.0125,0.5154409801373923,0.6915887850467289,0.48148148148148145,0.5,0.6428571428571429,0.3448275862068966
165,337920,1456.8,232,0.06196387857198715,0.4946533203125,0.65,0.34060636162757874,-0.01796,1.13488,0.0,0.02642,0.01468,0.68077,0.14951,0.0004,0.545,0.4325,0.0075,0.01,0.0125,0.500815067789877,0.6509433962264151,0.47619047619047616,0.5164835164835165,0.589041095890411,0.36
166,339968,1464.4,232,0.09645462781190872,0.49553222656249996,0.65,0.3408662676811218,-0.02035,0.80242,0.0,0.02696,0.01686,0.68436,0.18887,0.00018,0.545,0.435,0.0125,0.01,0.01,0.4993055950615117,0.6822429906542056,0.4444444444444444,0.5,0.6323529411764706,0.32
167,342016,1471.4,232,0.06091396138072014,0.4972412109375,0.65,0.3405502438545227,-0.01669,0.72926,0.0,0.02629,0.01388,0.68397,0.154,0.00018,0.55,0.4325,0.0125,0.01,0.0075,0.5069285203633672,0.6698113207547169,0.45794392523364486,0.5111111111111111,0.6285714285714286,0.37037037037037035
168,344064,1479.2,233,0.14912596344947815,0.49958496093750004,0.65,0.3405247926712036,-0.01807,0.6731,0.0,0.02823,0.01399,0.68273,0.16211,0.00018,0.5525,0.425,0.015,0.0125,0.01,0.5107122690110452,0.6944444444444444,0.4444444444444444,0.4945054945054945,0.6376811594202898,0.375
169,346112,1486.5,233,0.13385146856307983,0.511279296875,0.7000000000000001,0.3402032256126404,-0.01512,0.75171,0.0,0.02815,0.00991,0.68187,0.11758,0.0004,0.565,0.41,0.015,0.015,0.01,0.522179032942027,0.7064220183486238,0.49056603773584906,0.4891304347826087,0.6268656716417911,0.38461538461538464
170,348160,1493.7,233,0.04087519645690918,0.512744140625,0.7000000000000001,0.3397090435028076,-0.02157,0.66747,0.0,0.03042,0.01717,0.67966,0.19268,0.00018,0.5575,0.4175,0.015,0.015,0.01,0.5142531525606646,0.6936936936936937,0.48623853211009177,0.4945054945054945,0.5967741935483871,0.4074074074074074
171,350208,1501.0,233,0.061923399567604065,0.5101318359375,0.7000000000000001,0.3386785387992859,-0.01547,0.88407,0.0,0.02626,0.0112,0.6756,0.1376,0.00027,0.5525,0.4225,0.015,0.015,0.01,0.5130388027551048,0.6890756302521008,0.4953271028037383,0.47126436781609193,0.576271186440678,0.39285714285714285
172,352256,1508.2,234,0.08298614621162415,0.5094482421875,0.7000000000000001,0.3383464217185974,-0.01737,0.8807,0.0,0.02779,0.01083,0.6703,0.13623,0.0004,0.5475,0.425,0.015,0.0175,0.01,0.5061660796456854,0.6666666666666666,0.5181818181818182,0.4418604651162791,0.6,0.37037037037037035
173,354304,1515.4,234,0.0842122882604599,0.5010009765625,0.7500000000000001,0.338447630405426,-0.02012,0.5745,0.0,0.02822,0.01802,0.67069,0.20303,0.00018,0.5475,0.42,0.015,0.02,0.0125,0.5056582567824381,0.6793893129770993,0.494949494949495,0.4634146341463415,0.5689655172413793,0.3333333333333333
174,356352,1522.5,234,0.08903446793556213,0.5010986328125,0.7000000000000001,0.33884140849113464,-0.01352,0.94068,0.0,0.02742,0.00981,0.67153,0.11953,0.0004,0.53,0.435,0.0175,0.02,0.015,0.49289093852678784,0.6692307692307692,0.49514563106796117,0.4074074074074074,0.5740740740740741,0.3125
175,358400,1530.2,234,0.17120683193206787,0.510498046875,0.7500000000000001,0.3396032750606537,-0.01873,0.70743,0.0,0.02385,0.01693,0.67513,0.17256,0.00027,0.54,0.425,0.02,0.02,0.015,0.5024819939455653,0.7054263565891473,0.5,0.4,0.5517241379310345,0.3235294117647059
176,360448,1537.8,234,0.10516224801540375,0.5212890625,0.7000000000000001,0.3400176763534546,-0.01629,0.68286,0.0,0.02639,0.01001,0.67879,0.12109,0.0004,0.5525,0.415,0.02,0.0175,0.015,0.5155462259618033,0.732824427480916,0.49514563106796117,0.41333333333333333,0.5689655172413793,0.30303030303030304
177,362496,1545.9,234,0.06376796960830688,0.515185546875,0.7000000000000001,0.3400527834892273,-0.0186,0.79133,0.0,0.02271,0.01454,0.68013,0.17402,0.00027,0.55,0.4175,0.02,0.0125,0.02,0.5122467083323741,0.7142857142857143,0.5192307692307693,0.36231884057971014,0.6,0.29411764705882354
178,364544,1553.1,235,0.11942041665315628,0.5173828125,0.7000000000000001,0.34019771218299866,-0.01825,0.47411,0.0,0.02241,0.01043,0.68062,0.12578,0.0004,0.5525,0.4125,0.015,0.0125,0.0225,0.5188108389758874,0.7132352941176471,0.5533980582524272,0.36231884057971014,0.5818181818181818,0.2702702702702703
179,366592,1560.8,235,0.14157500863075256,0.5232421875,0.7000000000000001,0.34034109115600586,-0.0193,0.77883,0.0,0.0251,0.01769,0.68195,0.18828,0.00027,0.5575,0.405,0.0175,0.0125,0.025,0.5256382822572772,0.704225352112676,0.5714285714285714,0.3611111111111111,0.6111111111111112,0.23529411764705882
180,368640,1568.2,235,0.07417125254869461,0.5267089843749999,0.7000000000000001,0.34030938148498535,-0.0175,0.69749,0.0,0.02238,0.00868,0.6815,0.11377,0.0004,0.56,0.4025,0.015,0.01,0.0275,0.5297705995535914,0.7142857142857143,0.5760869565217391,0.3380281690140845,0.6296296296296297,0.2222222222222222
181,370688,1576.0,235,0.1076161116361618,0.5260986328124999,0.7000000000000001,0.33864495158195496,-0.01777,0.44881,0.0,0.02199,0.01424,0.67815,0.16924,0.00027,0.56,0.405,0.0125,0.01,0.025,0.5284621058187838,0.7181208053691275,0.5697674418604651,0.3235294117647059,0.6440677966101694,0.21052631578947367
182,372736,1584.0,235,0.10461785644292831,0.530078125,0.7000000000000001,0.3380262553691864,-0.01545,0.7507,0.0,0.02488,0.01141,0.66957,0.13711,0.0004,0.555,0.4075,0.0125,0.01,0.0275,0.5198264503132173,0.7465753424657534,0.5308641975308642,0.30434782608695654,0.5967741935483871,0.2857142857142857
183,374784,1591.5,235,0.11330783367156982,0.5340332031249999,0.7000000000000001,0.33779460191726685,-0.01881,0.75255,0.0,0.02198,0.01399,0.66731,0.16807,0.0004,0.56,0.4025,0.01,0.01,0.0275,0.5259375745948146,0.75,0.5542168674698795,0.31343283582089554,0.5714285714285714,0.3023255813953488
184,376832,1599.4,236,0.08359567821025848,0.535888671875,0.65,0.3373548686504364,-0.01744,0.65624,0.0,0.02287,0.01737,0.66595,0.18994,0.00027,0.5675,0.39,0.0125,0.0125,0.03,0.5279753884751183,0.7428571428571429,0.5662650602409639,0.34782608695652173,0.5846153846153846,0.32558139534883723
185,378880,1607.9,236,0.15754282474517822,0.5395019531249999,0.7000000000000001,0.33644455671310425,-0.01912,0.72871,0.0,0.02532,0.01276,0.66193,0.15137,0.00027,0.58,0.375,0.0175,0.0075,0.0375,0.5403507650746576,0.7737226277372263,0.5581395348837209,0.35714285714285715,0.6,0.3333333333333333
186,380928,1616.1,236,0.09303542971611023,0.5458984375,0.65,0.3359781801700592,-0.0174,1.08436,0.0,0.0231,0.0108,0.65739,0.13174,0.0004,0.585,0.3775,0.0225,0.005,0.0325,0.5467379074026343,0.7751937984496124,0.5274725274725275,0.37333333333333335,0.6515151515151515,0.38461538461538464
187,382976,1623.7,236,0.09350843727588654,0.5407958984374999,0.65,0.3351809084415436,-0.01966,0.8763,0.0,0.024,0.01546,0.65448,0.16201,0.0004,0.5775,0.385,0.02,0.005,0.0325,0.5395786467998809,0.7615384615384615,0.5,0.4025974025974026,0.6567164179104478,0.34210526315789475
188,385024,1632.0,236,0.09325456619262695,0.5428466796875,0.7000000000000001,0.33451786637306213,-0.02088,0.56272,0.0,0.02298,0.01219,0.64881,0.14365,0.0004,0.57,0.3925,0.025,0.005,0.0325,0.535706960348903,0.752,0.5,0.41025641025641024,0.6338028169014085,0.35
189,387072,1640.1,236,0.10221760720014572,0.5494384765625,0.7000000000000001,0.3347208797931671,-0.02372,0.51184,0.0,0.02755,0.01885,0.64764,0.20146,0.00018,0.5725,0.3875,0.025,0.005,0.035,0.5369938755535218,0.75,0.4883720930232558,0.45569620253164556,0.6323529411764706,0.3488372093023256
190,389120,1647.9,236,0.13739460706710815,0.56201171875,0.7000000000000001,0.33455273509025574,-0.01801,0.50637,0.0,0.02661,0.00872,0.64802,0.11357,0.00027,0.5975,0.365,0.0225,0.005,0.0325,0.5623573564530682,0.7903225806451613,0.4939759036144578,0.4875,0.6285714285714286,0.3953488372093023
191,391168,1655.5,236,0.06327857822179794,0.566064453125,0.7000000000000001,0.3342847228050232,-0.01671,0.45142,0.0,0.02803,0.01145,0.64642,0.14238,0.00027,0.595,0.3675,0.0225,0.005,0.0325,0.5592410362338041,0.7983870967741935,0.4625,0.4819277108433735,0.6197183098591549,0.42857142857142855
192,393216,1663.7,236,0.03342762216925621,0.5587890625,0.7000000000000001,0.33399590849876404,-0.01796,0.56108,0.0,0.0302,0.01168,0.64492,0.1458,0.0004,0.58,0.3825,0.025,0.005,0.0325,0.544138483683222,0.808695652173913,0.47674418604651164,0.46835443037974683,0.5694444444444444,0.4166666666666667
193,395264,1671.6,236,0.11160457134246826,0.5594970703125,0.7000000000000001,0.33347469568252563,-0.01716,0.40309,0.0,0.02814,0.01495,0.64267,0.16631,0.00018,0.5825,0.38,0.0225,0.005,0.0325,0.5463065906222192,0.8148148148148148,0.5116279069767442,0.44871794871794873,0.5822784810126582,0.40816326530612246
194,397312,1678.7,237,0.05636225640773773,0.561767578125,0.7000000000000001,0.33345460891723633,-0.01449,0.6869,0.0,0.02488,0.01199,0.64032,0.13467,0.00027,0.575,0.3875,0.0225,0.005,0.0325,0.5395364699079489,0.8058252427184466,0.5056179775280899,0.46835443037974683,0.575,0.3877551020408163
195,399360,1686.6,237,0.07389765977859497,0.5588623046875,0.7000000000000001,0.3339431583881378,-0.01584,0.94513,0.0,0.02477,0.01134,0.64122,0.12598,0.0006,0.57,0.395,0.025,0.0025,0.0325,0.5373572115375235,0.780952380952381,0.4835164835164835,0.5,0.5733333333333334,0.39215686274509803
196,401408,1693.7,237,0.011694397777318954,0.5508789062499999,0.65,0.3347611129283905,-0.02142,0.55815,0.0,0.02179,0.01839,0.64593,0.19834,0.00018,0.5625,0.4,0.025,0.0025,0.035,0.5306992503568863,0.7547169811320755,0.4891304347826087,0.4875,0.5972222222222222,0.36
197,403456,1702.0,237,0.09534622728824615,0.5482177734375,0.7000000000000001,0.3348389267921448,-0.01571,0.58014,0.0,0.02303,0.00895,0.64838,0.11875,0.00027,0.5575,0.4,0.025,0.0025,0.04,0.5208960631714146,0.7547169811320755,0.4777777777777778,0.46987951807228917,0.6301369863013698,0.3125
198,405504,1709.7,237,0.10189101099967957,0.5513671874999999,0.7000000000000001,0.33463919162750244,-0.01937,0.93827,0.0,0.02644,0.01399,0.64785,0.1542,0.00018,0.5525,0.4075,0.0275,0.0,0.04,0.5180501539463908,0.7735849056603774,0.46153846153846156,0.4642857142857143,0.6338028169014085,0.2708333333333333
199,407552,1717.0,237,0.12409190088510513,0.547998046875,0.7000000000000001,0.3346969485282898,-0.01448,0.80494,0.0,0.02354,0.00767,0.64713,0.09346,0.0004,0.5575,0.4075,0.025,0.0,0.035,0.5204667556190593,0.7476635514018691,0.4777777777777778,0.48717948717948717,0.64,0.28
200,409600,1724.7,237,0.09778443723917007,0.55439453125,0.7000000000000001,0.33509278297424316,-0.01932,0.59812,0.0,0.02523,0.0164,0.64906,0.17813,0.00027,0.555,0.4075,0.025,0.0025,0.035,0.5183221234609675,0.7545454545454545,0.48863636363636365,0.44594594594594594,0.6375,0.25
201,411648,1730.9,238,0.020741844549775124,0.5575439453125,0.7000000000000001,0.3348054885864258,-0.01742,0.75919,0.0,0.02334,0.01528,0.64926,0.16367,0.00018,0.5525,0.4075,0.0225,0.0025,0.0375,0.5135567723795184,0.7567567567567568,0.5176470588235295,0.4342105263157895,0.6363636363636364,0.21568627450980393
202,413696,1737.7,238,0.06841073930263519,0.5569091796874999,0.7000000000000001,0.3341826796531677,-0.01407,0.51559,0.0,0.02018,0.01048,0.64672,0.13174,0.00027,0.56,0.4,0.0175,0.0025,0.0375,0.5192480351787482,0.7706422018348624,0.5185185185185185,0.4358974358974359,0.6419753086419753,0.23529411764705882
203,415744,1745.0,238,0.059785738587379456,0.559814453125,0.7000000000000001,0.333941787481308,-0.01783,0.45639,0.0,0.02158,0.01347,0.64363,0.15508,0.00018,0.5575,0.4025,0.0175,0.0025,0.0375,0.5154749147395175,0.7663551401869159,0.5189873417721519,0.41975308641975306,0.6707317073170732,0.21568627450980393
204,417792,1752.1,238,0.023960337042808533,0.5577880859375,0.7000000000000001,0.3336210250854492,-0.0153,0.47522,0.0,0.02242,0.01035,0.64262,0.1209,0.0004,0.5475,0.41,0.0175,0.0025,0.04,0.5058817815396393,0.7450980392156863,0.5185185185185185,0.4050632911392405,0.6588235294117647,0.24528301886792453
205,419840,1759.2,239,0.03792598098516464,0.549755859375,0.7000000000000001,0.3313615322113037,-0.0193,0.83487,0.0,0.02247,0.01521,0.63621,0.16865,0.0004,0.53,0.425,0.0175,0.0025,0.0425,0.48518338179700055,0.7272727272727273,0.5232558139534884,0.37662337662337664,0.627906976744186,0.23076923076923078
206,421888,1766.4,239,0.1025470718741417,0.54912109375,0.7000000000000001,0.33107393980026245,-0.02152,0.62091,0.0,0.02242,0.0153,0.62597,0.17002,0.00027,0.525,0.43,0.02,0.0025,0.0425,0.4782685306848643,0.7040816326530612,0.5172413793103449,0.4025974025974026,0.611764705882353,0.24528301886792453
207,423936,1774.0,239,0.1361338347196579,0.5554443359375001,0.7000000000000001,0.3315885066986084,-0.01957,0.61604,0.0,0.02502,0.01322,0.62718,0.14805,0.00027,0.54,0.4125,0.02,0.0025,0.045,0.4933303123579272,0.7128712871287128,0.5164835164835165,0.40540540540540543,0.6190476190476191,0.3
208,425984,1782.1,239,0.09049318730831146,0.5601318359374999,0.7500000000000001,0.33142387866973877,-0.01802,0.78783,0.0,0.02438,0.01171,0.6288,0.14062,0.0004,0.5325,0.415,0.0225,0.005,0.0475,0.48814690713678444,0.7102803738317757,0.4666666666666667,0.3815789473684211,0.6582278481012658,0.2916666666666667
209,428032,1789.8,239,0.06911422312259674,0.5560302734374999,0.7000000000000001,0.33072176575660706,-0.0218,0.79533,0.0,0.02323,0.01602,0.62597,0.1668,0.0004,0.5275,0.4175,0.0225,0.0075,0.0475,0.4845773912409543,0.6915887850467289,0.46153846153846156,0.375,0.65,0.32
210,430080,1797.0,239,0.07165074348449707,0.5535888671875,0.7000000000000001,0.3302121162414551,-0.02136,0.73039,0.0,0.02401,0.01749,0.62208,0.1958,0.00027,0.53,0.415,0.02,0.0075,0.0475,0.48419668491268625,0.7102803738317757,0.4639175257731959,0.3582089552238806,0.6419753086419753,0.3125
211,432128,1803.8,240,0.05211401730775833,0.5517578125,0.7500000000000001,0.3305511474609375,-0.01421,0.93515,0.0,0.02512,0.00973,0.62126,0.12266,0.0004,0.53,0.4125,0.02,0.01,0.0475,0.4843874523984236,0.7184466019417476,0.4845360824742268,0.36363636363636365,0.6233766233766234,0.32608695652173914
212,434176,1811.7,240,0.09452469646930695,0.5464111328125,0.7500000000000001,0.33102327585220337,-0.01949,0.94173,0.0,0.02674,0.01728,0.62424,0.19912,0.00027,0.525,0.42,0.02,0.01,0.045,0.48587739234292615,0.7009345794392523,0.5,0.3466666666666667,0.5769230769230769,0.36363636363636365
213,436224,1818.8,240,0.10261271893978119,0.5482421875,0.7000000000000001,0.3309875726699829,-0.02173,0.49588,0.0,0.02677,0.0131,0.6262,0.14854,0.00027,0.5375,0.41,0.0175,0.01,0.0425,0.4934323345447359,0.7029702970297029,0.5050505050505051,0.3698630136986301,0.5952380952380952,0.3953488372093023
214,438272,1825.7,240,0.022211847826838493,0.5450927734375,0.7000000000000001,0.3306441307067871,-0.0177,0.86586,0.0,0.03162,0.0105,0.62402,0.13301,0.0004,0.5225,0.425,0.02,0.01,0.0425,0.47751377032113096,0.6826923076923077,0.49,0.3698630136986301,0.5625,0.3953488372093023
215,440320,1832.5,240,0.07946222275495529,0.541748046875,0.7000000000000001,0.3298672139644623,-0.01869,0.5486,0.0,0.02745,0.01801,0.62169,0.18662,0.00027,0.52,0.43,0.02,0.0075,0.0425,0.47355146484446264,0.6862745098039216,0.4811320754716981,0.3698630136986301,0.5526315789473685,0.4186046511627907
216,442368,1840.4,240,0.09791739284992218,0.5413085937500001,0.7000000000000001,0.3299548625946045,-0.02082,0.66755,0.0,0.0313,0.01247,0.61844,0.14307,0.00027,0.5225,0.4325,0.02,0.0075,0.04,0.47966620518449843,0.693069306930693,0.47368421052631576,0.36619718309859156,0.5454545454545454,0.4594594594594595
217,444416,1847.9,240,0.12310802191495895,0.5526123046875,0.7500000000000001,0.330255389213562,-0.01737,0.66756,0.0,0.02534,0.01051,0.62012,0.13525,0.0004,0.54,0.4175,0.02,0.0075,0.0375,0.49458121091384527,0.7075471698113207,0.49166666666666664,0.375,0.5333333333333333,0.5142857142857142
218,446464,1854.6,241,0.027909010648727417,0.559033203125,0.7500000000000001,0.32924115657806396,-0.01884,0.43063,0.0,0.02484,0.01465,0.61899,0.15508,0.00027,0.54,0.4175,0.0225,0.0075,0.0375,0.4950579420719529,0.7027027027027027,0.4957983193277311,0.35384615384615387,0.5492957746478874,0.5
219,448512,1861.4,241,0.07333295792341232,0.5631591796875,0.7500000000000001,0.3283824026584625,-0.01802,0.5116,0.0,0.02376,0.01097,0.61232,0.12627,0.0004,0.5475,0.4075,0.0225,0.0075,0.04,0.5025566436072318,0.7142857142857143,0.5,0.3492063492063492,0.5569620253164557,0.5
220,450560,1869.2,241,0.017555449157953262,0.5621337890625,0.7500000000000001,0.3278380036354065,-0.01883,0.53923,0.0,0.02465,0.01594,0.60756,0.1792,0.00027,0.535,0.42,0.0275,0.01,0.0375,0.4922379018248828,0.7241379310344828,0.4824561403508772,0.30303030303030304,0.5675675675675675,0.43333333333333335
221,452608,1876.0,241,0.11884995549917221,0.5626953125,0.7500000000000001,0.32852789759635925,-0.01349,0.35779,0.0,0.02059,0.0091,0.60818,0.11201,0.0004,0.5425,0.41,0.025,0.01,0.04,0.49747862723350267,0.725,0.48672566371681414,0.29508196721311475,0.5866666666666667,0.41935483870967744
222,454656,1882.8,241,0.09011435508728027,0.576708984375,0.7500000000000001,0.3283967971801758,-0.0238,0.25286,0.0,0.0216,0.01715,0.61063,0.19258,0.00027,0.5525,0.4025,0.025,0.01,0.0375,0.5069749410854442,0.7377049180327869,0.4909090909090909,0.3333333333333333,0.5844155844155844,0.3870967741935484
223,456704,1890.3,242,0.05736542493104935,0.5884521484375,0.7500000000000001,0.32786139845848083,-0.01904,0.34337,0.0,0.02286,0.01198,0.60933,0.1416,0.0004,0.5575,0.4025,0.025,0.0075,0.035,0.5101565956242574,0.7560975609756098,0.514018691588785,0.3548387096774194,0.5454545454545454,0.3548387096774194
224,458752,1897.7,242,0.010503727942705154,0.590234375,0.7000000000000001,0.32805562019348145,-0.01598,0.51524,0.0,0.02309,0.01338,0.60546,0.14551,0.0004,0.5525,0.4075,0.025,0.0075,0.035,0.5049968266801637,0.743801652892562,0.5,0.359375,0.5512820512820513,0.3793103448275862
225,460800,1905.1,242,0.023560412228107452,0.5825439453125,0.7000000000000001,0.32829663157463074,-0.01836,0.30091,0.0,0.02308,0.01822,0.60966,0.18018,0.00027,0.55,0.405,0.0275,0.005,0.0425,0.5011433733475382,0.7372881355932204,0.5137614678899083,0.34375,0.55,0.3793103448275862
226,462848,1912.1,242,0.0532781183719635,0.5872802734375,0.7500000000000001,0.329152375459671,-0.01842,0.47128,0.0,0.02281,0.01116,0.61146,0.1333,0.0004,0.555,0.4,0.03,0.005,0.0425,0.5045188993933268,0.75,0.509090909090909,0.359375,0.5512820512820513,0.35714285714285715
227,464896,1919.3,242,0.005052293185144663,0.586474609375,0.7500000000000001,0.32972314953804016,-0.01919,0.39581,0.0,0.02798,0.01609,0.61752,0.17979,0.00027,0.55,0.4025,0.03,0.005,0.045,0.5020735940363004,0.7355371900826446,0.5192307692307693,0.35384615384615387,0.5432098765432098,0.3448275862068966
228,466944,1926.4,242,0.03381093963980675,0.5831298828125,0.7500000000000001,0.3303362727165222,-0.02242,0.3101,0.0,0.02971,0.01387,0.62049,0.15693,0.00027,0.5525,0.4025,0.0325,0.0025,0.045,0.5039310813618417,0.7642276422764228,0.5247524752475248,0.3492063492063492,0.524390243902439,0.2903225806451613
229,468992,1933.9,243,0.05775364488363266,0.5798583984375001,0.7500000000000001,0.32979875802993774,-0.01794,0.60555,0.0,0.03056,0.01291,0.62136,0.14238,0.00027,0.555,0.395,0.0325,0.0025,0.05,0.5036530897824859,0.7851239669421488,0.5196078431372549,0.36065573770491804,0.5176470588235295,0.25806451612903225
230,471040,1941.3,243,0.11462357640266418,0.582666015625,0.7500000000000001,0.329658567905426,-0.02002,0.70308,0.0,0.03023,0.01208,0.61805,0.13535,0.0004,0.56,0.385,0.035,0.0025,0.055,0.5075369901998923,0.76,0.53,0.3620689655172414,0.5595238095238095,0.24242424242424243
231,473088,1949.0,243,0.10085228085517883,0.59208984375,0.7500000000000001,0.3300444483757019,-0.02189,0.57476,0.0,0.02993,0.01687,0.61998,0.1752,0.00027,0.56,0.38,0.0275,0.005,0.0575,0.5088049370860495,0.7637795275590551,0.5463917525773195,0.35,0.5411764705882353,0.22580645161290322
232,475136,1957.7,243,0.08179071545600891,0.5989746093749999,0.7500000000000001,0.32991859316825867,-0.01914,0.7655,0.0,0.03388,0.01123,0.61975,0.14092,0.0004,0.5625,0.37,0.0275,0.005,0.065,0.5159403507937336,0.7903225806451613,0.5376344086021505,0.38095238095238093,0.5465116279069767,0.17647058823529413
233,477184,1965.1,243,0.10183060169219971,0.5998291015625,0.7500000000000001,0.32923954725265503,-0.02253,0.51751,0.0,0.03422,0.01505,0.6189,0.18223,0.0004,0.57,0.365,0.0275,0.005,0.065,0.5248466546449774,0.7795275590551181,0.5869565217391305,0.36065573770491804,0.5529411764705883,0.17142857142857143
234,479232,1972.4,243,0.10397011041641235,0.610546875,0.8000000000000002,0.3284965753555298,-0.021,0.76214,0.0,0.03101,0.01487,0.613,0.17197,0.00027,0.5675,0.3675,0.025,0.005,0.0625,0.5238467594250394,0.7698412698412699,0.5714285714285714,0.36666666666666664,0.5411764705882353,0.2631578947368421
235,481280,1980.7,243,0.05489081144332886,0.60771484375,0.8000000000000002,0.3286791443824768,-0.0194,0.62304,0.0,0.02818,0.0115,0.61118,0.14775,0.0004,0.5525,0.3825,0.0225,0.005,0.0625,0.5107356361917383,0.7711864406779662,0.5777777777777777,0.35384615384615387,0.5172413793103449,0.25
236,483328,1988.7,243,0.10098341852426529,0.60390625,0.8000000000000002,0.3293260931968689,-0.02086,0.40398,0.0,0.02713,0.01948,0.61438,0.21016,0.00012,0.56,0.3775,0.0225,0.005,0.06,0.5202384450912655,0.7711864406779662,0.5806451612903226,0.375,0.5227272727272727,0.24324324324324326
237,485376,1996.4,243,0.03495979309082031,0.60693359375,0.8000000000000002,0.32943665981292725,-0.01429,0.53678,0.0,0.02747,0.00804,0.61666,0.09102,0.00027,0.5575,0.3825,0.02,0.0025,0.06,0.5161779671086129,0.7777777777777778,0.5760869565217391,0.4090909090909091,0.5,0.23076923076923078
238,487424,2003.3,243,-0.015128696337342262,0.6040283203125,0.8000000000000002,0.3291538953781128,-0.01861,0.5531,0.0,0.0243,0.01207,0.61628,0.15049,0.00027,0.5525,0.3875,0.02,0.0025,0.06,0.5118033615787393,0.7672413793103449,0.5869565217391305,0.4,0.4942528735632184,0.225
239,489472,2010.8,243,0.016138682141900063,0.601708984375,0.8000000000000002,0.32944196462631226,-0.02094,0.37881,0.0,0.02287,0.01248,0.61573,0.14141,0.00027,0.54,0.4,0.0175,0.0025,0.06,0.5004691972792763,0.7567567567567568,0.5851063829787234,0.4,0.47126436781609193,0.21052631578947367
240,491520,2018.0,244,0.05716376006603241,0.595849609375,0.8000000000000002,0.3300222158432007,-0.02338,0.44881,0.0,0.02887,0.01429,0.61914,0.15244,0.00018,0.53,0.41,0.015,0.0025,0.06,0.4862019721458116,0.7407407407407407,0.5806451612903226,0.3888888888888889,0.4659090909090909,0.23076923076923078
241,493568,2025.6,244,0.06219226121902466,0.5976806640625,0.8000000000000002,0.32919034361839294,-0.02123,0.68192,0.0,0.03438,0.01349,0.61864,0.15283,0.00018,0.525,0.415,0.0175,0.0025,0.06,0.48397798370523687,0.7428571428571429,0.5851063829787234,0.36764705882352944,0.4777777777777778,0.20930232558139536
242,495616,2033.1,244,-0.008424151688814163,0.58740234375,0.7500000000000001,0.32881876826286316,-0.01858,0.50471,0.0,0.0286,0.01083,0.61415,0.12822,0.0004,0.5175,0.4275,0.0175,0.0025,0.055,0.478319737688782,0.7572815533980582,0.5698924731182796,0.3472222222222222,0.48314606741573035,0.18604651162790697
243,497664,2040.9,244,0.07252668589353561,0.5787841796875001,0.7500000000000001,0.32811087369918823,-0.021,0.4656,0.0,0.03242,0.01769,0.61198,0.19658,0.00027,0.5225,0.4275,0.015,0.0025,0.05,0.48517855164346374,0.7641509433962265,0.5483870967741935,0.3472222222222222,0.5058823529411764,0.20454545454545456
244,499712,2049.1,244,0.05081765353679657,0.5789306640624999,0.7500000000000001,0.32780659198760986,-0.0228,0.41801,0.0,0.02883,0.01451,0.60769,0.17949,0.00027,0.525,0.4225,0.0125,0.0025,0.0525,0.48866363446400674,0.76,0.5376344086021505,0.36486486486486486,0.5222222222222223,0.23255813953488372
245,501760,2056.7,244,0.06862979382276535,0.5810791015625001,0.7500000000000001,0.327258825302124,-0.0213,0.50107,0.0,0.02794,0.01518,0.60609,0.16543,0.00027,0.53,0.4175,0.0125,0.0025,0.0525,0.49270175461377613,0.7551020408163265,0.5408163265306123,0.3698630136986301,0.5222222222222223,0.2682926829268293
246,503808,2065.3,244,0.03341332823038101,0.5748291015625,0.7500000000000001,0.32720160484313965,-0.02145,0.69809,0.0,0.03123,0.01253,0.60322,0.14648,0.0004,0.52,0.4325,0.01,0.005,0.045,0.4830671946013831,0.7448979591836735,0.5360824742268041,0.3698630136986301,0.5,0.2619047619047619
247,505856,2073.5,244,0.03808899596333504,0.5744873046875,0.7000000000000001,0.3268392086029053,-0.02175,0.58793,0.0,0.02705,0.01623,0.60302,0.17334,0.00027,0.5125,0.4425,0.01,0.005,0.0425,0.4767853158445288,0.7340425531914894,0.5346534653465347,0.3888888888888889,0.47674418604651164,0.2765957446808511
248,507904,2081.7,244,0.1015540063381195,0.5728515624999999,0.7500000000000001,0.32630354166030884,-0.0161,0.48912,0.0,0.02449,0.01219,0.59953,0.14727,0.0004,0.515,0.44,0.01,0.005,0.0425,0.4811908765098626,0.7446808510638298,0.5,0.39436619718309857,0.5057471264367817,0.2826086956521739
249,509952,2090.4,244,0.0032902350649237633,0.5729736328124999,0.7500000000000001,0.32563143968582153,-0.02242,0.39329,0.0,0.02211,0.01795,0.59582,0.18672,0.00018,0.51,0.4475,0.015,0.005,0.04,0.4725732905413561,0.7244897959183674,0.5263157894736842,0.36619718309859156,0.4835164835164835,0.28888888888888886
250,512000,2097.7,244,0.02785361558198929,0.5675537109375,0.7500000000000001,0.32573074102401733,-0.01682,0.43577,0.0,0.02177,0.00958,0.59393,0.12324,0.00027,0.505,0.4525,0.015,0.005,0.0375,0.4674417848380786,0.711340206185567,0.5151515151515151,0.3698630136986301,0.4777777777777778,0.2926829268292683
251,514048,2105.1,244,0.03971630707383156,0.5663330078125,0.7500000000000001,0.3256441354751587,-0.02158,0.27202,0.0,0.02592,0.01229,0.59438,0.13115,0.00027,0.5,0.455,0.015,0.005,0.04,0.4590345344945764,0.7171717171717171,0.5051546391752577,0.375,0.45652173913043476,0.275
252,516096,2112.7,244,0.029854360967874527,0.5730957031249999,0.7500000000000001,0.3249235153198242,-0.02024,0.35226,0.0,0.03149,0.01541,0.59232,0.16514,0.00027,0.4875,0.46,0.0175,0.005,0.0475,0.44671533311299044,0.7127659574468085,0.5154639175257731,0.36363636363636365,0.43478260869565216,0.25
253,518144,2120.1,244,0.08647552132606506,0.5747314453125,0.7500000000000001,0.32373321056365967,-0.02163,0.38407,0.0,0.03157,0.01354,0.58579,0.15576,0.00018,0.4975,0.45,0.0175,0.005,0.0475,0.45681201157578527,0.7070707070707071,0.5360824742268041,0.3698630136986301,0.43617021276595747,0.24324324324324326
254,520192,2127.2,245,0.05224848911166191,0.584326171875,0.7500000000000001,0.3234386444091797,-0.01833,0.6059,0.0,0.03036,0.01188,0.58059,0.1335,0.00027,0.5075,0.4375,0.0175,0.005,0.05,0.4619885744332201,0.696078431372549,0.5360824742268041,0.4084507042253521,0.45652173913043476,0.23684210526315788
255,522240,2135.9,245,0.05183270946145058,0.58642578125,0.7500000000000001,0.3232026994228363,-0.01879,0.44019,0.0,0.03018,0.01136,0.57933,0.13887,0.0004,0.5025,0.435,0.0175,0.005,0.0575,0.4573445251245863,0.6862745098039216,0.5319148936170213,0.4166666666666667,0.45054945054945056,0.24390243902439024
256,524288,2144.3,244,0.09542957693338394,0.59033203125,0.8000000000000002,0.3233559727668762,-0.02196,0.53591,0.0,0.03065,0.01581,0.579,0.1749,0.00027,0.505,0.4325,0.0175,0.005,0.0575,0.4581736247712549,0.696078431372549,0.5368421052631579,0.38028169014084506,0.45555555555555555,0.2857142857142857
257,526336,2151.9,245,0.009074273519217968,0.5898193359375,0.8000000000000002,0.3225100040435791,-0.01811,0.70914,0.0,0.02703,0.01258,0.5775,0.1377,0.00027,0.4975,0.4325,0.0175,0.0075,0.0625,0.45127674751404917,0.68,0.5268817204301075,0.4027777777777778,0.4606741573033708,0.2608695652173913
258,528384,2158.8,245,0.0010765697807073593,0.5777099609375,0.8000000000000002,0.32209137082099915,-0.01676,0.54829,0.0,0.03262,0.01301,0.57223,0.15801,0.0004,0.5,0.4325,0.02,0.0075,0.06,0.45620814845489127,0.6666666666666666,0.5204081632653061,0.40298507462686567,0.47674418604651164,0.25
259,530432,2166.1,245,0.03379925340414047,0.576416015625,0.7500000000000001,0.3218569755554199,-0.02113,0.46822,0.0,0.02527,0.01764,0.57078,0.17549,0.00027,0.49,0.435,0.0175,0.01,0.065,0.44558101722890386,0.6574074074074074,0.5104166666666666,0.39436619718309857,0.45121951219512196,0.2558139534883721
260,532480,2173.3,245,0.06422607600688934,0.5786865234375,0.7500000000000001,0.32078292965888977,-0.01963,0.46559,0.0,0.02544,0.01433,0.56705,0.15391,0.00027,0.5025,0.42,0.0175,0.0125,0.065,0.4548609196353863,0.6545454545454545,0.5052631578947369,0.42857142857142855,0.4578313253012048,0.30952380952380953
261,534528,2181.1,245,0.0123645244166255,0.5821777343750001,0.8000000000000002,0.3204312324523926,-0.01902,0.73721,0.0,0.02596,0.01248,0.56083,0.15176,0.00027,0.5075,0.42,0.015,0.0125,0.06,0.4575703285903144,0.6454545454545455,0.51,0.4696969696969697,0.43373493975903615,0.34146341463414637
262,536576,2188.6,245,0.026883229613304138,0.575048828125,0.8000000000000002,0.31998729705810547,-0.01797,0.85643,0.0,0.02643,0.01064,0.55938,0.12891,0.0004,0.4975,0.4275,0.015,0.0125,0.0625,0.4447148642587383,0.6146788990825688,0.5102040816326531,0.4782608695652174,0.43373493975903615,0.3170731707317073
263,538624,2196.3,245,0.09156861901283264,0.5710205078124999,0.8000000000000002,0.3182564973831177,-0.02273,0.47748,0.0,0.02729,0.01778,0.55233,0.18525,0.00018,0.505,0.42,0.015,0.0125,0.0625,0.45216872855647877,0.6173913043478261,0.5151515151515151,0.453125,0.4634146341463415,0.325
264,540672,2203.5,245,0.10016646981239319,0.579541015625,0.8000000000000002,0.3178561329841614,-0.02035,0.53046,0.0,0.02695,0.01342,0.54456,0.16152,0.00027,0.5175,0.4075,0.015,0.015,0.06,0.4647745897582645,0.6416666666666667,0.5360824742268041,0.45901639344262296,0.4625,0.30952380952380953
265,542720,2210.8,245,0.02921096608042717,0.58056640625,0.7500000000000001,0.31810808181762695,-0.02052,0.48008,0.0,0.0282,0.01405,0.5441,0.1624,0.00027,0.52,0.4075,0.015,0.0125,0.06,0.4682558769038374,0.6470588235294118,0.5257731958762887,0.4603174603174603,0.48717948717948717,0.3023255813953488
266,544768,2217.4,246,0.03015005774796009,0.5830322265625,0.7500000000000001,0.31903618574142456,-0.01888,0.46584,0.0,0.02553,0.0149,0.54805,0.16982,0.00018,0.5175,0.4075,0.015,0.0125,0.0625,0.46762958270886057,0.6554621848739496,0.5104166666666666,0.4444444444444444,0.4936708860759494,0.3023255813953488
267,546816,2224.9,246,0.013667027465999126,0.580126953125,0.7500000000000001,0.3193943500518799,-0.01892,0.46249,0.0,0.02662,0.01124,0.55277,0.13516,0.00027,0.515,0.415,0.0175,0.01,0.06,0.4634774482013245,0.6557377049180327,0.5157894736842106,0.4126984126984127,0.5,0.2857142857142857
268,548864,2232.6,246,0.025688093155622482,0.5721435546875,0.7500000000000001,0.31968164443969727,-0.02193,0.66925,0.0,0.03091,0.01157,0.55444,0.13809,0.00027,0.5075,0.4175,0.02,0.01,0.065,0.45651951181675804,0.6440677966101694,0.5154639175257731,0.4307692307692308,0.4931506849315068,0.2765957446808511
269,550912,2239.8,246,0.05108176916837692,0.5650390625,0.7000000000000001,0.3194589614868164,-0.01797,0.7283,0.0,0.03651,0.01214,0.5547,0.13799,0.0004,0.51,0.41,0.0175,0.01,0.07,0.46201215915768074,0.6638655462184874,0.5,0.42857142857142855,0.4931506849315068,0.2857142857142857
270,552960,2247.1,246,0.06745008379220963,0.56533203125,0.7500000000000001,0.319430410861969,-0.02417,0.62212,0.0,0.03229,0.0189,0.55418,0.1959,0.00027,0.505,0.4175,0.015,0.01,0.0675,0.46109967137798635,0.6446280991735537,0.4838709677419355,0.417910447761194,0.5352112676056338,0.2708333333333333
271,555008,2255.6,246,0.05293659493327141,0.56884765625,0.7500000000000001,0.3191652297973633,-0.02118,0.98986,0.0,0.02954,0.01382,0.55324,0.15137,0.00027,0.4925,0.4325,0.0175,0.01,0.065,0.44578175823131133,0.6581196581196581,0.4375,0.37681159420289856,0.5507246376811594,0.2857142857142857
272,557056,2263.9,246,0.07595773041248322,0.5560058593749999,0.7500000000000001,0.3187761902809143,-0.01848,0.882,0.0,0.02579,0.01196,0.55144,0.13115,0.0004,0.4925,0.4375,0.015,0.01,0.06,0.4489521109984359,0.6581196581196581,0.40625,0.34782608695652173,0.6056338028169014,0.2978723404255319
273,559104,2272.2,246,0.06864584982395172,0.5516845703125,0.7500000000000001,0.3188092112541199,-0.0232,0.7321,0.0,0.02755,0.01737,0.54959,0.1915,0.00027,0.4825,0.445,0.0175,0.01,0.0625,0.44419547685492744,0.6153846153846154,0.41237113402061853,0.3472222222222222,0.5972222222222222,0.30952380952380953
274,561152,2279.3,246,0.07193131744861603,0.5416503906250001,0.7000000000000001,0.3189828395843506,-0.01518,0.92864,0.0,0.02779,0.01366,0.55057,0.14521,0.0004,0.49,0.44,0.015,0.01,0.06,0.4488180067813329,0.6347826086956522,0.42857142857142855,0.32857142857142857,0.6081081081081081,0.3023255813953488
275,563200,2287.2,246,0.08247530460357666,0.5414306640625,0.7000000000000001,0.31888172030448914,-0.01675,0.77006,0.0,0.02908,0.01854,0.55108,0.18936,0.00027,0.49,0.445,0.015,0.0075,0.0575,0.45150759569260956,0.6548672566371682,0.4368932038834951,0.32857142857142857,0.5753424657534246,0.2926829268292683
276,565248,2294.7,246,0.07082914561033249,0.5342529296875,0.7500000000000001,0.318398654460907,-0.02307,0.78822,0.0,0.02833,0.01446,0.54923,0.16055,0.00018,0.48,0.4575,0.0175,0.005,0.0575,0.441419726865222,0.6347826086956522,0.4215686274509804,0.30666666666666664,0.6197183098591549,0.24324324324324326
277,567296,2302.2,246,0.04561480134725571,0.5292724609375,0.7000000000000001,0.3182445168495178,-0.01746,0.74808,0.0,0.02706,0.00954,0.54674,0.11699,0.0004,0.485,0.4575,0.02,0.005,0.0525,0.44889459857026126,0.6434782608695652,0.4368932038834951,0.3116883116883117,0.5915492957746479,0.2647058823529412
278,569344,2309.5,247,0.11785265803337097,0.533935546875,0.7500000000000001,0.31877875328063965,-0.01914,0.5257,0.0,0.02777,0.02072,0.54816,0.19648,0.00018,0.49,0.455,0.02,0.005,0.05,0.4507241469894609,0.6410256410256411,0.43564356435643564,0.35,0.5714285714285714,0.28125
279,571392,2317.2,247,0.06343698501586914,0.5426757812499999,0.7500000000000001,0.3180834650993347,-0.01683,0.52376,0.0,0.02848,0.00991,0.54848,0.12109,0.00027,0.485,0.4625,0.02,0.0025,0.05,0.4441727382324922,0.625,0.41,0.38095238095238093,0.5675675675675675,0.3
280,573440,2324.5,247,0.049259915947914124,0.54970703125,0.7500000000000001,0.3167864978313446,-0.02043,0.52794,0.0,0.02801,0.01327,0.54135,0.14531,0.00018,0.49,0.4575,0.02,0.0025,0.05,0.4456371145027539,0.6396396396396397,0.41414141414141414,0.39325842696629215,0.5540540540540541,0.2962962962962963
281,575488,2331.3,247,0.08414113521575928,0.550048828125,0.7500000000000001,0.3156827390193939,-0.01761,0.464,0.0,0.02681,0.00936,0.53452,0.11152,0.0004,0.5,0.45,0.0225,0.005,0.045,0.4553936706398837,0.6428571428571429,0.425531914893617,0.40860215053763443,0.5333333333333333,0.38461538461538464
282,577536,2338.7,247,0.04798047989606857,0.5436767578124999,0.7500000000000001,0.3139778971672058,-0.02301,0.57466,0.0,0.02761,0.01716,0.52534,0.1832,0.00027,0.495,0.4525,0.0225,0.005,0.0475,0.44755555752835363,0.6454545454545455,0.41304347826086957,0.40860215053763443,0.5324675324675324,0.35714285714285715
283,579584,2346.1,247,0.0546652227640152,0.5425537109375,0.7500000000000001,0.31317445635795593,-0.01938,0.40176,0.0,0.02556,0.01362,0.51697,0.15137,0.00027,0.5025,0.4475,0.0225,0.005,0.045,0.45315764401280534,0.6363636363636364,0.43478260869565216,0.4065934065934066,0.5256410256410257,0.4482758620689655
284,581632,2353.9,247,0.05910053104162216,0.5385009765625,0.7500000000000001,0.3125883638858795,-0.01909,0.56285,0.0,0.03013,0.01381,0.51244,0.15996,0.00018,0.505,0.4475,0.0225,0.005,0.0425,0.44890103915979823,0.6576576576576577,0.43478260869565216,0.391304347826087,0.52,0.4666666666666667
285,583680,2362.0,247,0.0616086907684803,0.536376953125,0.7500000000000001,0.3124579191207886,-0.01685,0.68091,0.0,0.02753,0.01059,0.51009,0.13232,0.00027,0.505,0.4575,0.0225,0.005,0.0325,0.44696275145942016,0.6454545454545455,0.4270833333333333,0.4090909090909091,0.5205479452054794,0.48484848484848486
286,585728,2370.1,247,0.050284624099731445,0.5369873046875,0.7500000000000001,0.3122309446334839,-0.02243,0.52949,0.0,0.02719,0.01936,0.5095,0.18867,0.00012,0.5075,0.455,0.02,0.005,0.0325,0.4508702738276614,0.6396396396396397,0.4421052631578947,0.42696629213483145,0.5211267605633803,0.4411764705882353
287,587776,2378.0,247,0.028804991394281387,0.5366455078125001,0.7500000000000001,0.3121141791343689,-0.01482,0.454,0.0,0.02421,0.00752,0.50802,0.09141,0.00018,0.5125,0.4475,0.02,0.005,0.035,0.45398806566975713,0.6428571428571429,0.46808510638297873,0.43820224719101125,0.5223880597014925,0.39473684210526316
288,589824,2385.6,247,0.04789714887738228,0.5391845703125,0.7500000000000001,0.31197428703308105,-0.01934,0.46246,0.0,0.0295,0.01258,0.50764,0.13613,0.00018,0.515,0.4475,0.025,0.005,0.0325,0.45533953968161617,0.6339285714285714,0.4583333333333333,0.46511627906976744,0.5147058823529411,0.42105263157894735
289,591872,2393.1,247,0.06715324521064758,0.54150390625,0.7500000000000001,0.31151100993156433,-0.01745,0.4649,0.0,0.02897,0.0113,0.50625,0.12617,0.00027,0.525,0.4425,0.0225,0.0025,0.03,0.46418254680393695,0.6666666666666666,0.4742268041237113,0.4939759036144578,0.4714285714285714,0.41025641025641024
290,593920,2400.0,247,0.08853232860565186,0.5470947265625,0.7500000000000001,0.3099687099456787,-0.01716,0.61054,0.0,0.02861,0.01221,0.50002,0.13916,0.00027,0.5375,0.43,0.025,0.0025,0.03,0.47266725832975104,0.6754385964912281,0.49473684210526314,0.524390243902439,0.4647887323943662,0.39473684210526316
291,595968,2407.8,248,0.07350385934114456,0.55068359375,0.7500000000000001,0.3079913258552551,-0.01739,0.71272,0.0,0.02996,0.01084,0.48826,0.12949,0.0004,0.535,0.425,0.025,0.0025,0.0375,0.4739931732741175,0.6636363636363637,0.4891304347826087,0.5238095238095238,0.4868421052631579,0.39473684210526316
292,598016,2415.6,248,0.07692602276802063,0.5490478515625,0.7500000000000001,0.3068729639053345,-0.01983,0.79489,0.0,0.03065,0.01995,0.47691,0.20605,0.00018,0.5375,0.42,0.025,0.005,0.0375,0.4748366249724574,0.6422018348623854,0.5,0.5348837209302325,0.5,0.40540540540540543
293,600064,2422.8,248,0.08020208775997162,0.5482666015625,0.7500000000000001,0.3065168857574463,-0.01939,0.61816,0.0,0.03168,0.01147,0.47289,0.12773,0.00018,0.5425,0.41,0.0225,0.005,0.0425,0.481638410305182,0.6396396396396397,0.5287356321839081,0.5294117647058824,0.5,0.40540540540540543
294,602112,2429.8,248,0.04294153302907944,0.5484619140625,0.7500000000000001,0.3065947890281677,-0.02004,0.53959,0.0,0.032,0.01013,0.47171,0.13252,0.00027,0.5425,0.4125,0.02,0.005,0.04,0.48070045530192446,0.6513761467889908,0.5287356321839081,0.5357142857142857,0.5,0.375
295,604160,2437.7,248,0.08185669779777527,0.54833984375,0.7500000000000001,0.30609822273254395,-0.01701,0.51616,0.0,0.02729,0.01831,0.47043,0.19004,0.00012,0.55,0.405,0.02,0.005,0.04,0.48853764980666164,0.6728971962616822,0.5333333333333333,0.5256410256410257,0.5365853658536586,0.3488372093023256
296,606208,2445.2,248,0.03249756246805191,0.5519775390624999,0.7500000000000001,0.30537062883377075,-0.01842,0.42337,0.0,0.02741,0.00874,0.46706,0.10176,0.00027,0.535,0.4175,0.02,0.005,0.0425,0.4754587086078479,0.6634615384615384,0.5384615384615384,0.5,0.5238095238095238,0.3023255813953488
297,608256,2452.4,248,0.10192374140024185,0.548388671875,0.7500000000000001,0.30456244945526123,-0.01756,0.60753,0.0,0.03046,0.01499,0.46096,0.17148,0.00027,0.5375,0.405,0.02,0.0075,0.05,0.47943947310352414,0.6666666666666666,0.5473684210526316,0.4666666666666667,0.5529411764705883,0.3023255813953488
298,610304,2459.7,248,0.10432521998882294,0.5525146484375001,0.7500000000000001,0.3047710061073303,-0.01919,0.55411,0.0,0.03121,0.01696,0.45898,0.17451,0.00012,0.545,0.4,0.02,0.01,0.045,0.4866340565919093,0.6792452830188679,0.5652173913043478,0.45714285714285713,0.5632183908045977,0.28888888888888886
299,612352,2467.1,248,0.06312936544418335,0.553857421875,0.7500000000000001,0.30490267276763916,-0.01725,0.68485,0.0,0.02862,0.0095,0.45993,0.11514,0.00027,0.54,0.4,0.02,0.0125,0.0475,0.47819317834163216,0.6697247706422018,0.5473684210526316,0.4626865671641791,0.5595238095238095,0.28888888888888886
300,614400,2474.9,248,0.11593057215213776,0.5616455078125,0.7500000000000001,0.3051011860370636,-0.02125,0.74025,0.0,0.03466,0.01427,0.46082,0.15996,0.00027,0.5475,0.3975,0.015,0.01,0.0475,0.4852579180203541,0.6759259259259259,0.5353535353535354,0.4782608695652174,0.5813953488372093,0.2631578947368421
301,616448,2482.2,248,0.13108070194721222,0.5697509765625,0.7000000000000001,0.30501678586006165,-0.01797,0.35132,0.0,0.0295,0.01555,0.46177,0.16396,0.00018,0.565,0.3775,0.0125,0.01,0.05,0.5051788845586462,0.7027027027027027,0.5463917525773195,0.5217391304347826,0.6,0.21052631578947367
302,618496,2489.7,248,0.0884283110499382,0.591845703125,0.7500000000000001,0.3045344948768616,-0.02024,0.5045,0.0,0.02897,0.01173,0.45953,0.1335,0.00018,0.5675,0.3725,0.015,0.01,0.0525,0.5108245511721397,0.7019230769230769,0.5789473684210527,0.49333333333333335,0.6162790697674418,0.225
303,620544,2497.5,248,0.05800110474228859,0.5855712890625,0.7500000000000001,0.3047183156013489,-0.01392,0.86292,0.0,0.03222,0.0113,0.45764,0.1332,0.00027,0.5575,0.375,0.015,0.0175,0.0525,0.5028021500621869,0.6886792452830188,0.5604395604395604,0.5,0.6067415730337079,0.18421052631578946
304,622592,2505.4,248,0.11712609231472015,0.583251953125,0.7500000000000001,0.30447760224342346,-0.01979,0.69827,0.0,0.02918,0.01183,0.4591,0.13711,0.00027,0.5575,0.375,0.0175,0.0175,0.0525,0.502360672957727,0.6857142857142857,0.5612244897959183,0.48,0.6046511627906976,0.2222222222222222
305,624640,2513.6,249,0.07176610827445984,0.58046875,0.7500000000000001,0.3036399483680725,-0.0179,0.85511,0.0,0.02934,0.01139,0.45463,0.12832,0.0004,0.5525,0.38,0.0125,0.0175,0.0525,0.49520724434327873,0.6893203883495146,0.5360824742268041,0.4675324675324675,0.6341463414634146,0.24390243902439024
306,626688,2520.9,249,0.04807210713624954,0.5755859375,0.7500000000000001,0.3028702735900879,-0.0202,0.7925,0.0,0.03104,0.01619,0.44913,0.1833,0.00018,0.535,0.395,0.0075,0.02,0.0525,0.48044005939377427,0.7010309278350515,0.49038461538461536,0.45569620253164556,0.6282051282051282,0.23809523809523808
307,628736,2529.1,249,0.08862113207578659,0.5709716796875,0.7000000000000001,0.30276715755462646,-0.01864,0.60824,0.0,0.03049,0.01273,0.44657,0.15674,0.00027,0.5425,0.3975,0.01,0.02,0.0425,0.4852063841336266,0.7254901960784313,0.4854368932038835,0.43037974683544306,0.6447368421052632,0.25
308,630784,2536.4,249,0.024354025721549988,0.5626220703125,0.7000000000000001,0.30274271965026855,-0.02174,0.71563,0.0,0.03279,0.01239,0.44595,0.14883,0.0004,0.5375,0.405,0.015,0.0175,0.0425,0.47851203056402797,0.7476635514018691,0.47115384615384615,0.41333333333333333,0.6338028169014085,0.23255813953488372
309,632832,2544.5,249,0.06558574736118317,0.552783203125,0.7000000000000001,0.3034140467643738,-0.01776,0.5173,0.0,0.03142,0.01723,0.44797,0.18799,0.00027,0.5375,0.41,0.015,0.0175,0.0375,0.4807383537470967,0.7572815533980582,0.4716981132075472,0.4025974025974026,0.6285714285714286,0.2727272727272727
310,634880,2552.5,249,0.12205743789672852,0.5598876953125,0.7500000000000001,0.30345669388771057,-0.01765,0.87645,0.0,0.03377,0.01229,0.45089,0.15889,0.0004,0.535,0.41,0.015,0.02,0.0375,0.4773938088592623,0.7352941176470589,0.47,0.40476190476190477,0.6056338028169014,0.3488372093023256
311,636928,2560.4,249,0.1093442365527153,0.561572265625,0.7500000000000001,0.30350637435913086,-0.01973,0.68812,0.0,0.02951,0.01661,0.45091,0.17227,0.00027,0.54,0.4125,0.015,0.0175,0.0325,0.4843879372975481,0.7326732673267327,0.4845360824742268,0.4186046511627907,0.589041095890411,0.37209302325581395
312,638976,2567.7,249,0.13275748491287231,0.5643798828125,0.7500000000000001,0.3039965033531189,-0.01991,0.57848,0.0,0.03388,0.01412,0.45159,0.15625,0.00027,0.54,0.4125,0.015,0.015,0.035,0.48693902012224766,0.73,0.48484848484848486,0.42045454545454547,0.5942028985507246,0.38636363636363635
313,641024,2575.1,249,0.06558682769536972,0.572802734375,0.7000000000000001,0.30433279275894165,-0.02134,0.6357,0.0,0.03321,0.01671,0.45505,0.17656,0.00012,0.535,0.42,0.0125,0.0125,0.0325,0.4815151345472954,0.7142857142857143,0.47058823529411764,0.4318181818181818,0.6086956521739131,0.37209302325581395
314,643072,2582.8,249,0.10103409737348557,0.5768066406250001,0.7000000000000001,0.3043343424797058,-0.01387,0.82184,0.0,0.03469,0.01213,0.45579,0.12959,0.00018,0.5325,0.415,0.0125,0.015,0.0375,0.47690632864213706,0.69,0.48484848484848486,0.42857142857142855,0.5833333333333334,0.4
315,645120,2590.2,249,0.0742889791727066,0.57744140625,0.7000000000000001,0.30430012941360474,-0.01797,0.45912,0.0,0.03271,0.01655,0.45598,0.16475,8e-05,0.5225,0.4325,0.0125,0.015,0.03,0.46945426604361806,0.6767676767676768,0.47058823529411764,0.4457831325301205,0.5652173913043478,0.3829787234042553
316,647168,2597.4,249,0.0750056803226471,0.58291015625,0.7000000000000001,0.3041861057281494,-0.01309,0.38373,0.0,0.03075,0.00962,0.4552,0.11807,0.00012,0.53,0.4275,0.01,0.0125,0.03,0.4739491895504396,0.6770833333333334,0.48514851485148514,0.4523809523809524,0.5652173913043478,0.42
317,649216,2605.4,249,0.07269749045372009,0.5887939453125,0.7000000000000001,0.3037668764591217,-0.01724,0.44652,0.0,0.03037,0.01145,0.45355,0.12939,0.00018,0.54,0.4225,0.015,0.0075,0.03,0.4843217620816152,0.6938775510204082,0.49514563106796117,0.43902439024390244,0.5714285714285714,0.44680851063829785
318,651264,2612.5,249,0.03421414643526077,0.5871826171874999,0.7500000000000001,0.303436815738678,-0.01596,0.57178,0.0,0.02873,0.01039,0.45096,0.13428,0.00027,0.5325,0.43,0.015,0.0075,0.03,0.4779915647732828,0.6701030927835051,0.5,0.4642857142857143,0.56,0.391304347826087
319,653312,2620.2,249,0.11409515142440796,0.5906982421875,0.7500000000000001,0.3021972179412842,-0.0196,0.5527,0.0,0.02586,0.01197,0.44645,0.14102,0.00027,0.5425,0.4225,0.015,0.0075,0.0275,0.4860962133638942,0.6666666666666666,0.5051546391752577,0.5057471264367817,0.5625,0.375
320,655360,2627.3,249,0.1295502781867981,0.6000000000000001,0.7500000000000001,0.30187317728996277,-0.01883,0.50794,0.0,0.02759,0.01407,0.43968,0.15918,0.00018,0.5575,0.4025,0.015,0.0125,0.0275,0.5030841235648468,0.6666666666666666,0.5111111111111111,0.4943820224719101,0.5903614457831325,0.4444444444444444
321,657408,2634.8,250,0.1308365762233734,0.600341796875,0.7500000000000001,0.302231103181839,-0.01967,0.64012,0.0,0.02595,0.01509,0.44024,0.17354,0.00018,0.5725,0.39,0.02,0.01,0.0275,0.5181292509959821,0.660377358490566,0.5681818181818182,0.5301204819277109,0.5783132530120482,0.425
322,659456,2641.8,250,0.16053667664527893,0.6171630859374999,0.7500000000000001,0.3017607629299164,-0.01448,0.75492,0.0,0.02543,0.00884,0.44061,0.10977,0.00027,0.58,0.38,0.015,0.01,0.03,0.5265166876791405,0.6574074074074074,0.5833333333333334,0.5555555555555556,0.5783132530120482,0.4318181818181818
323,661504,2650.0,250,0.1009204089641571,0.6170654296875,0.7500000000000001,0.3016199767589569,-0.01748,0.82254,0.0,0.02298,0.01587,0.43725,0.16641,0.00027,0.5825,0.37,0.015,0.01,0.0375,0.5304573421154081,0.6407766990291263,0.5595238095238095,0.5853658536585366,0.5909090909090909,0.46511627906976744
324,663552,2657.7,250,0.10253298282623291,0.6129150390625,0.7500000000000001,0.30194538831710815,-0.01747,0.90311,0.0,0.02739,0.01365,0.43863,0.15234,0.00027,0.5775,0.3825,0.015,0.0075,0.0325,0.5257056386779201,0.6698113207547169,0.5301204819277109,0.5609756097560976,0.5882352941176471,0.45454545454545453
325,665600,2665.4,250,0.07734784483909607,0.6127197265625,0.7500000000000001,0.302185595035553,-0.01608,0.94586,0.0,0.0283,0.01152,0.44072,0.14053,0.0004,0.5775,0.385,0.02,0.0075,0.03,0.5248768174974784,0.6759259259259259,0.5185185185185185,0.575,0.6024096385542169,0.4166666666666667
326,667648,2673.1,250,0.12398656457662582,0.61025390625,0.7500000000000001,0.302021324634552,-0.02479,0.54172,0.0,0.03016,0.01983,0.44111,0.20303,0.00012,0.58,0.38,0.02,0.0075,0.0325,0.5276458876953835,0.6862745098039216,0.5581395348837209,0.5714285714285714,0.5777777777777777,0.4
327,669696,2680.7,250,0.04618638753890991,0.6137451171874999,0.7500000000000001,0.301408052444458,-0.01605,0.49912,0.0,0.03166,0.007,0.43888,0.08447,0.00027,0.5675,0.3875,0.02,0.0125,0.0325,0.5193378339981005,0.6796116504854369,0.5348837209302325,0.5466666666666666,0.5777777777777777,0.391304347826087
328,671744,2688.2,250,0.15376973152160645,0.6191894531250001,0.7500000000000001,0.30045992136001587,-0.01767,0.50217,0.0,0.02903,0.01655,0.43254,0.19717,0.00012,0.585,0.37,0.02,0.0125,0.0325,0.5388388130595263,0.7019230769230769,0.5308641975308642,0.573170731707317,0.6022727272727273,0.4
329,673792,2695.9,250,0.1269826591014862,0.627392578125,0.7500000000000001,0.3000237047672272,-0.0174,0.64298,0.0,0.02983,0.00827,0.42869,0.1001,0.00027,0.5925,0.3675,0.0225,0.0125,0.0275,0.5461215500780855,0.6893203883495146,0.5384615384615384,0.6,0.6222222222222222,0.38636363636363635
330,675840,2702.6,250,0.09308827668428421,0.6381103515625,0.7500000000000001,0.29943034052848816,-0.01664,0.40488,0.0,0.02421,0.01658,0.42501,0.17686,0.00012,0.5925,0.3675,0.0225,0.0125,0.0275,0.5457629977957449,0.6730769230769231,0.5625,0.5853658536585366,0.6129032258064516,0.4146341463414634
331,677888,2710.3,250,0.10875497758388519,0.6523681640625,0.7500000000000001,0.2992941737174988,-0.01281,0.39082,0.0,0.02437,0.00858,0.4225,0.10264,0.00018,0.5975,0.36,0.025,0.0125,0.03,0.5554100901506592,0.6981132075471698,0.5625,0.5802469135802469,0.6276595744680851,0.358974358974359
332,679936,2717.4,250,0.07451602071523666,0.6580322265625,0.8000000000000002,0.29931485652923584,-0.01771,0.74905,0.0,0.02591,0.01222,0.42205,0.14824,0.00027,0.585,0.365,0.0225,0.0125,0.0375,0.5443127986347156,0.6831683168316832,0.5454545454545454,0.6071428571428571,0.6,0.3488372093023256
333,681984,2724.2,250,0.10879985988140106,0.6556396484375,0.8000000000000002,0.29918837547302246,-0.02391,0.55541,0.0,0.03049,0.01932,0.42202,0.20605,0.00012,0.595,0.355,0.0225,0.0125,0.0375,0.553430688942891,0.7058823529411765,0.5375,0.6125,0.6041666666666666,0.38095238095238093
334,684032,2732.0,250,0.0541064590215683,0.6610595703125001,0.8000000000000002,0.29898980259895325,-0.0131,0.73497,0.0,0.02539,0.00771,0.42061,0.0957,0.00027,0.585,0.3625,0.02,0.0125,0.04,0.5468040190277792,0.7184466019417476,0.5256410256410257,0.5949367088607594,0.5578947368421052,0.4222222222222222
335,686080,2740.6,250,0.0703730657696724,0.662060546875,0.8000000000000002,0.29890596866607666,-0.01996,0.64426,0.0,0.02607,0.01498,0.41933,0.16787,0.00018,0.58,0.3725,0.02,0.0075,0.04,0.5408905295455493,0.7171717171717171,0.5301204819277109,0.5822784810126582,0.5591397849462365,0.41304347826086957
336,688128,2748.5,250,0.10674864053726196,0.6634033203125,0.8000000000000002,0.299029678106308,-0.01804,0.50866,0.0,0.02544,0.00987,0.41968,0.1208,0.00027,0.5825,0.3675,0.02,0.0075,0.0425,0.5426428206461152,0.73,0.5357142857142857,0.5641025641025641,0.5543478260869565,0.43478260869565216
337,690176,2756.1,250,0.08916302025318146,0.670263671875,0.8000000000000002,0.298941045999527,-0.01392,0.61425,0.0,0.02485,0.01078,0.42013,0.13047,0.0004,0.57,0.385,0.02,0.0075,0.0375,0.5299214289639579,0.71875,0.5454545454545454,0.5454545454545454,0.5494505494505495,0.3958333333333333
338,692224,2763.7,250,0.058588068932294846,0.6711914062500001,0.8500000000000002,0.2989981174468994,-0.02297,0.44379,0.0,0.02288,0.01662,0.41952,0.17939,0.00018,0.5675,0.3825,0.0225,0.01,0.04,0.5309762001056391,0.723404255319149,0.5543478260869565,0.5466666666666666,0.5444444444444444,0.3673469387755102
339,694272,2772.5,250,0.058779217302799225,0.671630859375,0.8500000000000002,0.2986111640930176,-0.01781,0.52732,0.0,0.02248,0.01012,0.41886,0.11758,0.00027,0.5725,0.3825,0.0225,0.01,0.035,0.534840279204618,0.7395833333333334,0.5473684210526316,0.5342465753424658,0.5833333333333334,0.34615384615384615
340,696320,2780.1,250,0.01336500234901905,0.66279296875,0.8500000000000002,0.29860830307006836,-0.01849,0.57997,0.0,0.02652,0.012,0.41672,0.13047,0.0004,0.5675,0.385,0.0225,0.0125,0.035,0.5313834667092167,0.6990291262135923,0.5760869565217391,0.5555555555555556,0.5529411764705883,0.3125
341,698368,2788.3,250,0.08711236715316772,0.6528076171875001,0.8500000000000002,0.2984796166419983,-0.02088,0.45986,0.0,0.02705,0.02007,0.41699,0.21182,0.00012,0.56,0.3875,0.025,0.015,0.0375,0.5210170093457207,0.696969696969697,0.5684210526315789,0.5526315789473685,0.5421686746987951,0.2978723404255319
342,700416,2795.3,251,0.023651208728551865,0.6540771484375,0.8000000000000002,0.29880475997924805,-0.01475,0.39537,0.0,0.02385,0.00757,0.41654,0.08926,0.00027,0.5575,0.3825,0.0225,0.0175,0.0425,0.5182566985415438,0.7171717171717171,0.5567010309278351,0.5333333333333333,0.5365853658536586,0.2978723404255319
343,702464,2803.0,251,0.029911475256085396,0.6399169921875,0.7500000000000001,0.2989322543144226,-0.01729,1.00645,0.0,0.02593,0.00969,0.41888,0.12197,0.0004,0.54,0.4,0.0225,0.0175,0.0425,0.5012380059318682,0.7029702970297029,0.4845360824742268,0.5454545454545454,0.5324675324675324,0.3125
344,704512,2810.7,251,0.07343815267086029,0.638720703125,0.7500000000000001,0.29856568574905396,-0.02293,0.58401,0.0,0.02403,0.01699,0.41705,0.17598,0.00018,0.54,0.405,0.03,0.0125,0.0425,0.4984721909815316,0.7156862745098039,0.4742268041237113,0.5263157894736842,0.5316455696202531,0.32608695652173914
345,706560,2817.7,251,0.09397028386592865,0.6396728515625,0.8000000000000002,0.29866135120391846,-0.02156,0.36478,0.0,0.02434,0.01119,0.4166,0.12559,0.00018,0.535,0.4075,0.0275,0.0125,0.045,0.4974946674766067,0.7184466019417476,0.494949494949495,0.5,0.5128205128205128,0.32
346,708608,2825.9,251,0.09066243469715118,0.6410400390625,0.8000000000000002,0.2983219623565674,-0.01853,0.38062,0.0,0.02583,0.01202,0.41596,0.13711,0.00027,0.535,0.41,0.0275,0.01,0.045,0.49954414735408903,0.76,0.49504950495049505,0.4657534246575342,0.5,0.3125
347,710656,2833.9,251,0.12088337540626526,0.6526123046875001,0.8000000000000002,0.29799917340278625,-0.01564,0.46033,0.0,0.025,0.01432,0.41347,0.14512,0.00018,0.535,0.405,0.0275,0.01,0.05,0.49716524427968684,0.7745098039215687,0.5098039215686274,0.4583333333333333,0.47368421052631576,0.2916666666666667
348,712704,2841.1,251,0.01514092180877924,0.65615234375,0.8000000000000002,0.2978438138961792,-0.01795,0.65764,0.0,0.02209,0.01136,0.41234,0.13867,0.00027,0.5125,0.43,0.03,0.01,0.0475,0.47644134944777944,0.7326732673267327,0.47474747474747475,0.4473684210526316,0.44594594594594594,0.34
349,714752,2848.2,251,0.04367010295391083,0.6546875,0.8000000000000002,0.29779303073883057,-0.01817,0.39054,0.0,0.02671,0.01645,0.41166,0.17725,0.00018,0.515,0.43,0.0275,0.01,0.045,0.47884613331239106,0.7425742574257426,0.47,0.4342105263157895,0.4594594594594595,0.3469387755102041
350,716800,2855.9,251,0.05451931804418564,0.65048828125,0.8500000000000002,0.2978745698928833,-0.01615,0.39569,0.0,0.03042,0.00941,0.41154,0.12246,0.00027,0.52,0.4225,0.0275,0.01,0.0475,0.4831069607653003,0.7475728155339806,0.49504950495049505,0.41333333333333333,0.4714285714285714,0.3333333333333333
351,718848,2863.2,251,0.08436271548271179,0.6576416015625001,0.8500000000000002,0.29767733812332153,-0.02032,0.43202,0.0,0.02958,0.01343,0.41142,0.17217,0.00027,0.5225,0.42,0.0275,0.0125,0.045,0.4836326409613216,0.72,0.5192307692307693,0.3918918918918919,0.4925373134328358,0.38181818181818183
352,720896,2870.6,251,0.0998310074210167,0.6570312500000001,0.8500000000000002,0.29729321599006653,-0.02049,0.42541,0.0,0.02966,0.01698,0.40956,0.17637,0.00012,0.5325,0.41,0.025,0.0125,0.045,0.49359617144564166,0.7272727272727273,0.5272727272727272,0.4,0.546875,0.34615384615384615
353,722944,2877.8,251,0.0768304318189621,0.6619873046875001,0.8500000000000002,0.29700303077697754,-0.01311,0.86612,0.0,0.02749,0.00846,0.40699,0.09922,0.00018,0.525,0.41,0.0275,0.0125,0.0525,0.48604706127911,0.7346938775510204,0.5181818181818182,0.3972602739726027,0.5076923076923077,0.35185185185185186
354,724992,2885.5,251,0.05716593563556671,0.6605712890625001,0.9000000000000002,0.2966429889202118,-0.01693,0.38359,0.0,0.02412,0.00965,0.40525,0.11709,0.00027,0.5225,0.4075,0.0275,0.015,0.055,0.48256300732886287,0.7319587628865979,0.5092592592592593,0.39473684210526316,0.5076923076923077,0.37037037037037035
355,727040,2892.8,251,0.022371407598257065,0.6590576171875,0.8500000000000002,0.2961055040359497,-0.01646,0.59745,0.0,0.02412,0.01205,0.40185,0.14062,0.00027,0.5125,0.415,0.0275,0.0175,0.055,0.47544966807173705,0.7395833333333334,0.49523809523809526,0.38666666666666666,0.4857142857142857,0.35185185185185186
356,729088,2899.4,251,0.07519643008708954,0.65341796875,0.8500000000000002,0.29651013016700745,-0.01764,0.53896,0.0,0.02525,0.0123,0.40062,0.15293,0.0004,0.5125,0.4175,0.0275,0.015,0.055,0.4728402002460593,0.7395833333333334,0.4807692307692308,0.36486486486486486,0.5135135135135135,0.36538461538461536
357,731136,2905.8,252,0.028377382084727287,0.6581054687500001,0.8500000000000002,0.296061635017395,-0.01772,0.32373,0.0,0.02393,0.01908,0.40224,0.21357,0.00027,0.515,0.415,0.025,0.015,0.055,0.47564647420345624,0.7525773195876289,0.47,0.3815789473684211,0.5131578947368421,0.35294117647058826
358,733184,2912.3,252,0.05639623478055,0.6605712890625002,0.8500000000000002,0.2955319285392761,-0.01511,0.28174,0.0,0.02676,0.01734,0.39772,0.18623,0.00012,0.52,0.4075,0.0275,0.015,0.0575,0.480310318360078,0.7575757575757576,0.48514851485148514,0.37662337662337664,0.4868421052631579,0.3829787234042553
359,735232,2919.2,252,0.014659306034445763,0.6607666015625001,0.9000000000000002,0.295371949672699,-0.01424,0.42591,0.0,0.02351,0.00883,0.39541,0.10557,0.00018,0.525,0.405,0.0275,0.0125,0.0575,0.4831696837219445,0.7789473684210526,0.49038461538461536,0.37333333333333335,0.5064935064935064,0.3673469387755102
360,737280,2925.7,252,0.017453152686357498,0.6565917968750001,0.9000000000000002,0.29434460401535034,-0.02008,0.40901,0.0,0.02353,0.01267,0.39247,0.14746,0.00027,0.53,0.4,0.0275,0.0125,0.0575,0.487987762893505,0.7978723404255319,0.49038461538461536,0.3698630136986301,0.5189873417721519,0.36
361,739328,2932.7,252,0.01612125150859356,0.6541259765625,0.8500000000000002,0.29361802339553833,-0.01732,0.47237,0.0,0.02054,0.01747,0.38531,0.19941,0.00018,0.5275,0.405,0.025,0.0125,0.055,0.48669518360960273,0.7708333333333334,0.48514851485148514,0.3888888888888889,0.5185185185185185,0.36
362,741376,2939.4,252,-0.0026985337026417255,0.6527099609375,0.8500000000000002,0.29339542984962463,-0.0167,0.22873,0.0,0.02187,0.01247,0.38245,0.14932,0.00027,0.5275,0.4,0.025,0.01,0.0625,0.4841074148905787,0.7474747474747475,0.4803921568627451,0.38571428571428573,0.5375,0.3673469387755102
363,743424,2946.0,252,0.07067357748746872,0.6566406250000001,0.8500000000000002,0.2928236722946167,-0.01242,0.22464,0.0,0.01897,0.01169,0.37976,0.13369,0.00027,0.5425,0.38,0.025,0.0125,0.065,0.4980297074956195,0.7653061224489796,0.49019607843137253,0.4057971014492754,0.5542168674698795,0.375
364,745472,2952.8,252,0.01604955457150936,0.6604980468750001,0.8500000000000002,0.29283636808395386,-0.01953,0.43242,0.0,0.02171,0.01087,0.3771,0.12852,0.0004,0.54,0.375,0.025,0.015,0.07,0.49490685920013,0.7244897959183674,0.5151515151515151,0.4246575342465753,0.5555555555555556,0.3673469387755102
365,747520,2960.0,253,0.07939156889915466,0.6589355468750001,0.8000000000000002,0.2928354740142822,-0.02185,0.35694,0.0,0.0237,0.01929,0.37802,0.19687,0.00012,0.54,0.3675,0.025,0.0175,0.075,0.4951900356442509,0.7216494845360825,0.494949494949495,0.4473684210526316,0.5526315789473685,0.40384615384615385
366,749568,2967.2,253,0.052750349044799805,0.6618896484375,0.8000000000000002,0.2926632761955261,-0.01636,0.51406,0.0,0.02163,0.00931,0.37717,0.11162,0.00027,0.54,0.37,0.025,0.0175,0.0725,0.49130085135002544,0.7263157894736842,0.48514851485148514,0.44155844155844154,0.5526315789473685,0.43137254901960786
367,751616,2974.3,253,0.03858320415019989,0.66279296875,0.8000000000000002,0.2919405400753021,-0.01573,0.31513,0.0,0.0198,0.01556,0.37497,0.16123,0.00018,0.545,0.3625,0.0275,0.0175,0.075,0.49337050456139964,0.7216494845360825,0.49504950495049505,0.4444444444444444,0.5769230769230769,0.40384615384615385
368,753664,2981.1,253,-0.007148339878767729,0.6664062500000001,0.8500000000000002,0.291372150182724,-0.01804,0.32223,0.0,0.02264,0.01127,0.36944,0.13623,0.00027,0.5325,0.375,0.0275,0.02,0.0725,0.48027746200472277,0.7040816326530612,0.48514851485148514,0.43661971830985913,0.5714285714285714,0.37735849056603776
369,755712,2988.3,253,0.03904245048761368,0.662841796875,0.8000000000000002,0.29072487354278564,-0.02125,0.4307,0.0,0.02351,0.01951,0.36506,0.21162,0.00012,0.525,0.385,0.0275,0.02,0.07,0.4724776275118473,0.7040816326530612,0.46464646464646464,0.4305555555555556,0.5789473684210527,0.36363636363636365
370,757760,2995.6,253,0.026823509484529495,0.66279296875,0.8000000000000002,0.2904339134693146,-0.01408,0.39798,0.0,0.02561,0.00788,0.36171,0.0917,0.00018,0.525,0.375,0.0225,0.0225,0.0775,0.4708849158998427,0.7263157894736842,0.46464646464646464,0.4444444444444444,0.5822784810126582,0.3090909090909091
371,759808,3002.1,253,0.03978951647877693,0.6593994140625,0.8500000000000002,0.2896653413772583,-0.01623,0.50155,0.0,0.02924,0.01051,0.35918,0.11904,0.0004,0.515,0.3775,0.025,0.0225,0.085,0.46058121827815823,0.7282608695652174,0.46464646464646464,0.4520547945205479,0.5432098765432098,0.2909090909090909
372,761856,3009.4,253,0.07380609214305878,0.6635986328125001,0.8500000000000002,0.2889704406261444,-0.01307,0.3402,0.0,0.02804,0.0185,0.35233,0.20693,0.00018,0.53,0.3625,0.025,0.025,0.0825,0.47163281453406614,0.7362637362637363,0.4742268041237113,0.45454545454545453,0.5662650602409639,0.3269230769230769
373,763904,3015.9,253,0.07393047958612442,0.6689697265625001,0.8500000000000002,0.2887781858444214,-0.01552,0.36199,0.0,0.02864,0.0123,0.34993,0.1377,0.00027,0.5325,0.365,0.0275,0.025,0.0775,0.47486796614032345,0.7446808510638298,0.4583333333333333,0.48,0.5595238095238095,0.3137254901960784
374,765952,3022.3,253,0.006165009923279285,0.6693115234375001,0.8500000000000002,0.2879989445209503,-0.01808,0.50489,0.0,0.02902,0.01541,0.3464,0.17246,0.00012,0.525,0.3725,0.03,0.025,0.0775,0.4657365296640783,0.7395833333333334,0.44680851063829785,0.47297297297297297,0.5595238095238095,0.28846153846153844
375,768000,3029.5,254,0.057240523397922516,0.6653808593750001,0.8000000000000002,0.2874743342399597,-0.01561,0.46258,0.0,0.02844,0.00897,0.34217,0.10625,0.00027,0.52,0.3775,0.0325,0.0225,0.08,0.46307103547696854,0.7227722772277227,0.4367816091954023,0.48,0.5647058823529412,0.25
376,770048,3037.0,254,0.06205769628286362,0.6606689453125001,0.8000000000000002,0.2870333790779114,-0.01642,0.55227,0.0,0.02571,0.01111,0.33825,0.1334,0.0004,0.5075,0.3875,0.03,0.0225,0.0825,0.45248960588135645,0.7254901960784313,0.42528735632183906,0.45569620253164556,0.5421686746987951,0.22448979591836735
377,772096,3044.4,254,0.05575311928987503,0.6534423828125,0.8000000000000002,0.2869345545768738,-0.0198,0.47225,0.0,0.02575,0.01726,0.33651,0.1874,0.00027,0.5075,0.395,0.0275,0.02,0.0775,0.4514670467715844,0.7128712871287128,0.4431818181818182,0.45454545454545453,0.5348837209302325,0.22916666666666666
378,774144,3051.6,254,0.10269482433795929,0.6575195312500001,0.8000000000000002,0.2865403890609741,-0.01807,0.5226,0.0,0.0257,0.01664,0.33496,0.17285,0.00018,0.525,0.3825,0.0325,0.0175,0.075,0.4674146314108174,0.7352941176470589,0.449438202247191,0.4810126582278481,0.5432098765432098,0.2653061224489796
379,776192,3059.1,254,0.11480686068534851,0.6583740234375,0.8000000000000002,0.28621000051498413,-0.01552,0.52271,0.0,0.02611,0.00953,0.33225,0.11494,0.00027,0.52,0.3875,0.03,0.0175,0.075,0.46321941098648467,0.693069306930693,0.4673913043478261,0.48717948717948717,0.524390243902439,0.2978723404255319
380,778240,3066.0,254,0.06145736202597618,0.6594970703125,0.8000000000000002,0.2857261300086975,-0.02012,0.66845,0.0,0.02648,0.01537,0.32969,0.17881,0.00027,0.52,0.3875,0.0275,0.0175,0.075,0.4610165635699614,0.6666666666666666,0.45555555555555555,0.49333333333333335,0.5476190476190477,0.32653061224489793
381,780288,3073.4,254,0.07673875987529755,0.664111328125,0.8000000000000002,0.28459632396698,-0.02111,0.42371,0.0,0.02425,0.01391,0.32426,0.14434,0.00027,0.5225,0.38,0.03,0.0175,0.08,0.46718946825918634,0.6534653465346535,0.45555555555555555,0.5,0.5555555555555556,0.3541666666666667
382,782336,3079.7,254,0.09709079563617706,0.675,0.8500000000000002,0.2837570607662201,-0.02044,0.32623,0.0,0.02663,0.01716,0.31647,0.17773,0.00012,0.53,0.37,0.03,0.015,0.085,0.47372698413788356,0.66,0.4731182795698925,0.48717948717948717,0.5569620253164557,0.4
383,784384,3086.4,254,0.05244675651192665,0.6765869140625,0.8000000000000002,0.28379136323928833,-0.01254,0.42732,0.0,0.02552,0.0063,0.31329,0.07852,0.00018,0.5375,0.3725,0.03,0.0175,0.0725,0.48191968855495704,0.6831683168316832,0.5,0.4875,0.5384615384615384,0.39215686274509803
384,786432,3093.0,254,0.046356309205293655,0.67724609375,0.8000000000000002,0.2838883399963379,-0.01358,0.2133,0.0,0.01907,0.0113,0.31441,0.14111,0.00018,0.535,0.38,0.0325,0.015,0.07,0.47876308913461074,0.6761904761904762,0.49411764705882355,0.5189873417721519,0.5128205128205128,0.37735849056603776
385,788480,3099.1,254,0.004697068594396114,0.6759765625,0.8500000000000002,0.28378593921661377,-0.01626,0.2541,0.0,0.02167,0.01058,0.31415,0.12314,0.00027,0.535,0.38,0.0325,0.0175,0.0675,0.48103520614672995,0.6981132075471698,0.49411764705882355,0.4936708860759494,0.5,0.38461538461538464
386,790528,3106.3,254,-0.023067988455295563,0.66767578125,0.8500000000000002,0.28329387307167053,-0.01664,0.27498,0.0,0.02126,0.01115,0.3127,0.13418,0.0004,0.53,0.3925,0.03,0.015,0.0625,0.47726436184132837,0.6923076923076923,0.5058823529411764,0.49382716049382713,0.5,0.35185185185185186
387,792576,3113.8,255,0.02039295807480812,0.664990234375,0.8000000000000002,0.28335610032081604,-0.01403,0.25361,0.0,0.02132,0.01976,0.31004,0.22129,8e-05,0.525,0.395,0.025,0.0125,0.0675,0.4725159474989013,0.6761904761904762,0.5301204819277109,0.48717948717948717,0.5125,0.2962962962962963
388,794624,3120.4,255,0.0426570400595665,0.6636962890625,0.8000000000000002,0.28363126516342163,-0.01345,0.33164,0.0,0.01944,0.00765,0.31152,0.09531,0.00018,0.5225,0.395,0.0225,0.0125,0.07,0.4738109190130358,0.6761904761904762,0.5180722891566265,0.4868421052631579,0.5125,0.30357142857142855
389,796672,3127.5,255,0.041374076157808304,0.6675048828125001,0.8000000000000002,0.2836691737174988,-0.01233,0.24157,0.0,0.01994,0.00914,0.31272,0.11787,0.00027,0.5225,0.395,0.025,0.0125,0.07,0.47858526133036944,0.6534653465346535,0.5357142857142857,0.4810126582278481,0.5125,0.3392857142857143
390,798720,3134.6,255,0.029526695609092712,0.665087890625,0.8000000000000002,0.282623291015625,-0.017,0.34125,0.0,0.02268,0.01315,0.30922,0.14355,0.00027,0.52,0.395,0.0275,0.01,0.075,0.47480743928789093,0.6442307692307693,0.5476190476190477,0.47368421052631576,0.5,0.3392857142857143
391,800768,3142.4,255,0.057325489819049835,0.664599609375,0.8500000000000002,0.28182554244995117,-0.02289,0.43145,0.0,0.02231,0.01577,0.30285,0.16016,0.00018,0.5275,0.395,0.03,0.0075,0.07,0.48450776214185654,0.6442307692307693,0.5862068965517241,0.4675324675324675,0.5066666666666667,0.3333333333333333
392,802816,3150.4,255,0.03856119140982628,0.6603515625,0.8500000000000002,0.28217577934265137,-0.01417,0.57129,0.0,0.02372,0.00986,0.29972,0.12061,0.00027,0.525,0.405,0.0325,0.005,0.065,0.4795560244973208,0.6355140186915887,0.5617977528089888,0.4788732394366197,0.52,0.3275862068965517
393,804864,3157.8,255,0.06622516363859177,0.660498046875,0.8000000000000002,0.2819284498691559,-0.01653,0.37382,0.0,0.02226,0.01249,0.30248,0.146,0.0004,0.5225,0.4075,0.03,0.005,0.065,0.48086640443493095,0.6448598130841121,0.550561797752809,0.4714285714285714,0.527027027027027,0.31666666666666665
394,806912,3165.5,255,0.06637261062860489,0.661376953125,0.8000000000000002,0.28155627846717834,-0.01732,0.35671,0.0,0.02292,0.01757,0.29746,0.18965,0.00027,0.52,0.4025,0.0275,0.005,0.0725,0.4789814081797509,0.6571428571428571,0.5494505494505495,0.4444444444444444,0.5131578947368421,0.32142857142857145
395,808960,3173.1,255,0.11221440881490707,0.66748046875,0.8500000000000002,0.28136730194091797,-0.01828,0.51109,0.0,0.0234,0.01558,0.29643,0.17891,0.00018,0.5325,0.395,0.03,0.005,0.0675,0.4898125616567421,0.66,0.5656565656565656,0.4647887323943662,0.5135135135135135,0.35714285714285715
396,811008,3180.8,255,0.09915903210639954,0.6777832031250001,0.8500000000000002,0.2804827094078064,-0.01919,0.64432,0.0,0.02266,0.01204,0.29297,0.12451,0.00027,0.5425,0.385,0.0325,0.005,0.07,0.49773100037729334,0.6597938144329897,0.5555555555555556,0.5,0.5694444444444444,0.3448275862068966
397,813056,3188.2,255,0.10030098259449005,0.6805664062500001,0.8500000000000002,0.27992773056030273,-0.01785,0.67695,0.0,0.02258,0.01158,0.28684,0.1375,0.0004,0.5425,0.3825,0.0325,0.0075,0.07,0.4982302966176664,0.6464646464646465,0.5670103092783505,0.5405405405405406,0.5616438356164384,0.2982456140350877
398,815104,3195.8,255,0.03996865078806877,0.6778564453125,0.8000000000000002,0.27933281660079956,-0.01824,0.8917,0.0,0.02159,0.01716,0.28338,0.18115,0.00027,0.535,0.3875,0.0325,0.0075,0.0725,0.4888177038540364,0.625,0.5670103092783505,0.5205479452054794,0.5733333333333334,0.3050847457627119
399,817152,3203.6,255,0.09822707623243332,0.674609375,0.8000000000000002,0.27860724925994873,-0.01946,0.59989,0.0,0.02328,0.01389,0.27868,0.15898,0.0004,0.535,0.3875,0.0325,0.0075,0.0725,0.4902889470011303,0.6530612244897959,0.5806451612903226,0.5333333333333333,0.5492957746478874,0.2698412698412698
400,819200,3211.4,255,0.10224117338657379,0.675927734375,0.8000000000000002,0.2780347466468811,-0.02283,0.46895,0.0,0.026,0.01991,0.27318,0.18301,0.00018,0.5375,0.3875,0.0325,0.0075,0.07,0.49067346876450585,0.6842105263157895,0.5851063829787234,0.5394736842105263,0.5277777777777778,0.25396825396825395
401,821248,3218.7,255,0.01879514381289482,0.674560546875,0.8000000000000002,0.2777590751647949,-0.01648,0.58077,0.0,0.02342,0.01158,0.27042,0.1415,0.00027,0.5275,0.395,0.03,0.0075,0.0725,0.4806070297557008,0.6947368421052632,0.5612244897959183,0.5066666666666667,0.5138888888888888,0.25
402,823296,3225.5,255,0.059103824198246,0.6695556640625,0.8000000000000002,0.2774348258972168,-0.01657,0.65722,0.0,0.02087,0.01105,0.26814,0.13516,0.00027,0.5175,0.41,0.035,0.01,0.0675,0.4669875975940198,0.711340206185567,0.5543478260869565,0.49333333333333335,0.4935064935064935,0.2033898305084746
403,825344,3232.2,255,0.04070640355348587,0.666357421875,0.8000000000000002,0.2774030566215515,-0.01818,0.3506,0.0,0.01974,0.01252,0.26628,0.13242,0.0004,0.515,0.415,0.0375,0.0075,0.0675,0.46629745336789014,0.7142857142857143,0.5483870967741935,0.4868421052631579,0.5,0.21666666666666667
404,827392,3239.3,255,0.10647453367710114,0.660107421875,0.8000000000000002,0.2778511941432953,-0.01949,0.49077,0.0,0.01905,0.01582,0.26681,0.17334,0.00027,0.52,0.4125,0.04,0.005,0.0675,0.47124800747896656,0.7159090909090909,0.5408163265306123,0.4861111111111111,0.524390243902439,0.23333333333333334
405,829440,3247.0,255,0.06719924509525299,0.661767578125,0.8000000000000002,0.2784710228443146,-0.01855,0.57172,0.0,0.01915,0.01215,0.27048,0.1374,0.0004,0.5275,0.41,0.0425,0.005,0.0625,0.47673327957528966,0.75,0.53,0.4714285714285714,0.5238095238095238,0.25862068965517243
406,831488,3253.9,256,0.04756125807762146,0.6637939453125,0.8000000000000002,0.278579980134964,-0.01694,0.66799,0.0,0.01841,0.0164,0.27429,0.16855,0.00027,0.515,0.425,0.045,0.005,0.06,0.4619385772806893,0.7272727272727273,0.5,0.4864864864864865,0.5238095238095238,0.25
407,833536,3261.2,256,0.08612160384654999,0.6587890624999999,0.7500000000000001,0.27846258878707886,-0.02033,0.51737,0.0,0.02371,0.01428,0.27318,0.17031,0.00027,0.525,0.4175,0.0425,0.0075,0.055,0.4731095466571565,0.7558139534883721,0.5,0.5,0.5348837209302325,0.2413793103448276
408,835584,3269.2,256,0.08932123333215714,0.6576416015625,0.7500000000000001,0.27823740243911743,-0.01533,0.49307,0.0,0.02315,0.01394,0.27231,0.15137,0.0004,0.525,0.415,0.0375,0.01,0.055,0.4708468013116351,0.7640449438202247,0.47959183673469385,0.4857142857142857,0.5287356321839081,0.26785714285714285
409,837632,3277.7,256,0.017129700630903244,0.6449462890625,0.7500000000000001,0.2785019278526306,-0.01754,0.932,0.0,0.02537,0.01655,0.27132,0.17646,0.00018,0.5225,0.42,0.0425,0.0125,0.05,0.46911711716372423,0.7613636363636364,0.46938775510204084,0.47761194029850745,0.5384615384615384,0.26785714285714285
410,839680,3285.6,256,0.06445430964231491,0.6375244140624999,0.7500000000000001,0.27854353189468384,-0.01818,0.74093,0.0,0.02931,0.01145,0.27315,0.13506,0.00027,0.5125,0.43,0.05,0.0125,0.05,0.4595121247534611,0.7529411764705882,0.46,0.47058823529411764,0.5333333333333333,0.2631578947368421
411,841728,3292.7,256,0.11109265685081482,0.6342041015625,0.7999999999999998,0.27867621183395386,-0.02122,0.49685,0.0,0.02425,0.01385,0.27384,0.15684,0.00027,0.5175,0.43,0.055,0.0125,0.045,0.46433996538808736,0.7441860465116279,0.46875,0.5,0.5393258426966292,0.26229508196721313
412,843776,3299.7,256,0.02207251824438572,0.63232421875,0.7999999999999998,0.27873533964157104,-0.01927,0.69349,0.0,0.02507,0.01347,0.27462,0.15605,0.00018,0.5,0.4475,0.0525,0.0125,0.045,0.4439989351807274,0.7613636363636364,0.4175824175824176,0.4696969696969697,0.5263157894736842,0.23333333333333334
413,845824,3307.8,256,0.11563686281442642,0.6349609375,0.7999999999999998,0.27893275022506714,-0.01943,0.46569,0.0,0.02232,0.01159,0.27567,0.12676,0.00027,0.51,0.44,0.055,0.015,0.0375,0.455759012934454,0.7777777777777778,0.42696629213483145,0.4393939393939394,0.5520833333333334,0.23728813559322035
414,847872,3315.3,256,0.08322988450527191,0.6394287109375001,0.7999999999999998,0.2791409492492676,-0.02281,0.73897,0.0,0.02322,0.01679,0.27659,0.18008,0.00018,0.5025,0.4475,0.0525,0.0125,0.04,0.4435571423693965,0.7764705882352941,0.3978494623655914,0.41935483870967744,0.5858585858585859,0.22950819672131148
415,849920,3322.9,256,0.11909293383359909,0.63642578125,0.8000000000000002,0.27912843227386475,-0.01699,0.64561,0.0,0.02413,0.01043,0.27742,0.1165,0.00027,0.51,0.4425,0.055,0.0125,0.0375,0.4545301857830902,0.8,0.4105263157894737,0.4153846153846154,0.5789473684210527,0.25
416,851968,3329.6,256,0.07899516075849533,0.6440185546875,0.8000000000000002,0.2783544957637787,-0.018,0.46063,0.0,0.02038,0.0145,0.27452,0.14814,0.00018,0.5175,0.44,0.0575,0.0125,0.035,0.4606845266779414,0.8095238095238095,0.41414141414141414,0.4153846153846154,0.5851063829787234,0.27586206896551724
417,854016,3337.1,256,0.052485644817352295,0.6439697265625,0.8000000000000002,0.27831360697746277,-0.01709,0.69055,0.0,0.02172,0.00827,0.27097,0.1,0.00027,0.515,0.4475,0.06,0.015,0.0275,0.46091131693075693,0.7831325301204819,0.40594059405940597,0.4375,0.5978260869565217,0.2833333333333333
418,856064,3344.2,256,0.020214948803186417,0.6420898437500001,0.8000000000000002,0.2781108319759369,-0.02198,0.41226,0.0,0.02193,0.01198,0.27127,0.13486,0.00027,0.5125,0.45,0.06,0.015,0.0275,0.4584018576637476,0.7701149425287356,0.39,0.42857142857142855,0.6179775280898876,0.2786885245901639
419,858112,3351.4,256,0.05983947589993477,0.6354003906250001,0.7999999999999998,0.27839916944503784,-0.02022,0.44378,0.0,0.02649,0.01435,0.27086,0.16084,0.00027,0.5125,0.4475,0.055,0.0125,0.03,0.45866898350910984,0.7586206896551724,0.37623762376237624,0.4307692307692308,0.6395348837209303,0.29508196721311475
420,860160,3358.4,256,0.01750987581908703,0.6265869140625,0.7500000000000001,0.278511643409729,-0.01794,0.55373,0.0,0.02642,0.01393,0.27275,0.15146,0.00027,0.5025,0.4525,0.05,0.0125,0.035,0.44967054228481573,0.75,0.4,0.421875,0.6179775280898876,0.25396825396825395
421,862208,3366.0,256,0.08095315098762512,0.6244384765625,0.7999999999999998,0.278286874294281,-0.01848,0.47396,0.0,0.02578,0.01333,0.27253,0.14082,0.00027,0.5025,0.4525,0.0475,0.015,0.0325,0.4502636982331769,0.7380952380952381,0.41,0.4461538461538462,0.6,0.2459016393442623
422,864256,3373.6,256,0.04955919459462166,0.6257812500000001,0.8000000000000002,0.27865248918533325,-0.01736,0.52736,0.0,0.02502,0.01226,0.27188,0.13496,0.00027,0.4975,0.455,0.0475,0.015,0.035,0.4458434444259795,0.7159090909090909,0.41836734693877553,0.45454545454545453,0.5930232558139535,0.22580645161290322
423,866304,3381.0,256,0.0270092636346817,0.6171142578125001,0.8000000000000002,0.2785511314868927,-0.01906,0.75254,0.0,0.03004,0.01368,0.27402,0.15186,0.00027,0.4925,0.455,0.05,0.015,0.04,0.44339791433301257,0.7222222222222222,0.41509433962264153,0.42857142857142855,0.5764705882352941,0.21428571428571427
424,868352,3388.6,256,0.12249250710010529,0.6184326171875001,0.7500000000000001,0.2783051133155823,-0.01927,0.65302,0.0,0.02746,0.01571,0.27242,0.1749,0.00012,0.5,0.45,0.0525,0.0125,0.04,0.44689566743535053,0.7386363636363636,0.4095238095238095,0.463768115942029,0.5875,0.22413793103448276
425,870400,3396.6,256,0.08633357286453247,0.629150390625,0.7500000000000001,0.2782409191131592,-0.01619,0.51873,0.0,0.02514,0.00784,0.27098,0.10234,0.00018,0.5025,0.4525,0.055,0.0125,0.035,0.44694903036876904,0.7325581395348837,0.40186915887850466,0.4788732394366197,0.6049382716049383,0.21818181818181817
426,872448,3404.2,256,0.043103959411382675,0.62060546875,0.7500000000000001,0.27826303243637085,-0.01775,0.62952,0.0,0.02463,0.01195,0.27077,0.13369,0.00018,0.5125,0.445,0.0525,0.01,0.035,0.4546298344024264,0.75,0.41284403669724773,0.49295774647887325,0.5897435897435898,0.24074074074074073
427,874496,3411.7,256,0.05474921315908432,0.6197509765625,0.7500000000000001,0.27799734473228455,-0.0197,0.64214,0.0,0.02398,0.00955,0.27034,0.11631,0.00027,0.51,0.445,0.0475,0.01,0.0375,0.45241077842742317,0.7444444444444445,0.42592592592592593,0.5072463768115942,0.5675675675675675,0.23728813559322035
428,876544,3418.7,256,0.03689638897776604,0.6144775390625,0.7500000000000001,0.2770136296749115,-0.01981,0.57562,0.0,0.02169,0.01472,0.26553,0.15937,0.00027,0.5075,0.4475,0.0425,0.01,0.0375,0.44658552058208956,0.7333333333333333,0.42452830188679247,0.5,0.5443037974683544,0.24528301886792453
429,878592,3426.9,256,0.08506268262863159,0.61513671875,0.7500000000000001,0.27636438608169556,-0.02073,0.35239,0.0,0.02569,0.01522,0.25876,0.17129,0.00018,0.51,0.4375,0.04,0.01,0.045,0.449469698682142,0.7340425531914894,0.43137254901960786,0.5070422535211268,0.5443037974683544,0.2222222222222222
430,880640,3433.9,256,0.07832949608564377,0.6218750000000001,0.7500000000000001,0.27638015151023865,-0.01848,0.61168,0.0,0.02522,0.01029,0.25636,0.12324,0.00027,0.5075,0.4375,0.035,0.01,0.0475,0.44896127499685606,0.7263157894736842,0.42574257425742573,0.5405405405405406,0.527027027027027,0.21428571428571427
431,882688,3440.6,257,0.10617955029010773,0.6257568359375,0.8000000000000002,0.2766619324684143,-0.02063,0.49367,0.0,0.02097,0.01123,0.25773,0.13428,0.0004,0.5125,0.4375,0.0375,0.0075,0.045,0.4545479101142789,0.711340206185567,0.46,0.5454545454545454,0.5,0.2222222222222222
432,884736,3447.7,257,0.045248258858919144,0.6251953125,0.8000000000000002,0.27630895376205444,-0.02183,0.27845,0.0,0.02147,0.01741,0.25877,0.18652,0.00027,0.5175,0.4275,0.0375,0.01,0.0475,0.46131383621323635,0.73,0.4742268041237113,0.5384615384615384,0.4647887323943662,0.24074074074074073
433,886784,3455.9,257,0.08368075639009476,0.62841796875,0.8000000000000002,0.2759275734424591,-0.02002,0.43449,0.0,0.02187,0.01408,0.25554,0.14434,0.00018,0.515,0.43,0.0325,0.01,0.0475,0.45530202169417516,0.7352941176470589,0.4673913043478261,0.5128205128205128,0.4861111111111111,0.23214285714285715
434,888832,3463.9,257,0.04581957310438156,0.6322998046875,0.8000000000000002,0.27581244707107544,-0.02038,0.47659,0.0,0.0237,0.01224,0.2539,0.1458,0.00027,0.5075,0.4325,0.0275,0.01,0.05,0.4468867190675212,0.75,0.4666666666666667,0.5,0.4594594594594595,0.21428571428571427
435,890880,3469.8,257,-0.009353374131023884,0.6245361328124999,0.8500000000000002,0.2762373089790344,-0.01518,0.48555,0.0,0.02003,0.01006,0.25395,0.10957,0.0004,0.5,0.4425,0.03,0.0075,0.05,0.439939247554997,0.7450980392156863,0.46511627906976744,0.475,0.4594594594594595,0.20689655172413793
436,892928,3476.6,257,0.07462337613105774,0.6236328124999999,0.8000000000000002,0.2767487168312073,-0.01982,0.44487,0.0,0.02114,0.01689,0.2587,0.17695,0.00018,0.51,0.43,0.03,0.0075,0.0525,0.45069374366509124,0.75,0.5,0.4827586206896552,0.4507042253521127,0.19642857142857142
437,894976,3483.3,257,0.024442557245492935,0.627734375,0.8500000000000002,0.2763768136501312,-0.01969,0.24123,0.0,0.01952,0.01322,0.25898,0.15566,0.00027,0.5125,0.42,0.0275,0.0075,0.06,0.4542198395318621,0.7549019607843137,0.4880952380952381,0.49411764705882355,0.4533333333333333,0.2037037037037037
438,897024,3489.9,257,0.04200921952724457,0.633984375,0.8500000000000002,0.27612268924713135,-0.01659,0.36432,0.0,0.01799,0.0122,0.25586,0.13857,0.00027,0.515,0.415,0.0275,0.0075,0.0625,0.45661633133569046,0.7549019607843137,0.5,0.5061728395061729,0.45569620253164556,0.18518518518518517
439,899072,3496.3,257,0.0005043931305408478,0.6250732421875,0.8500000000000002,0.2754315733909607,-0.01961,0.56303,0.0,0.02246,0.00972,0.25378,0.10352,0.0006,0.515,0.41,0.025,0.01,0.065,0.4550076899124078,0.7647058823529411,0.4939759036144578,0.5125,0.45569620253164556,0.17857142857142858
440,901120,3502.9,257,0.06531482934951782,0.6268310546875,0.8500000000000002,0.27485737204551697,-0.0181,0.29324,0.0,0.02442,0.01912,0.24717,0.18857,0.00012,0.5175,0.4,0.025,0.0125,0.07,0.45847503456358285,0.7522935779816514,0.4878048780487805,0.5063291139240507,0.4605263157894737,0.18518518518518517
441,903168,3509.9,257,0.017968149855732918,0.6236083984374999,0.8500000000000002,0.2747427225112915,-0.01609,0.46017,0.0,0.02808,0.01044,0.24564,0.12734,0.00018,0.5125,0.4075,0.03,0.01,0.07,0.44943454443767555,0.7387387387387387,0.48717948717948717,0.4642857142857143,0.4931506849315068,0.18518518518518517
442,905216,3517.6,257,0.0574958398938179,0.625244140625,0.8500000000000002,0.27455928921699524,-0.01949,0.57806,0.0,0.0266,0.01009,0.24525,0.11592,0.00027,0.51,0.405,0.035,0.0125,0.0725,0.4453883549386367,0.7314814814814815,0.4936708860759494,0.46987951807228917,0.49333333333333335,0.18181818181818182
443,907264,3525.2,257,0.09417062997817993,0.6289550781250001,0.8500000000000002,0.2745681405067444,-0.01947,0.56219,0.0,0.02564,0.01308,0.24399,0.14092,0.0004,0.5275,0.39,0.0325,0.0125,0.07,0.46103288676631093,0.7431192660550459,0.5324675324675324,0.47619047619047616,0.4935064935064935,0.20754716981132076
444,909312,3532.4,257,0.11504679173231125,0.6381103515625,0.8499999999999999,0.274585485458374,-0.02119,0.41632,0.0,0.02609,0.01869,0.24483,0.18428,0.00012,0.5375,0.3825,0.0325,0.0125,0.0675,0.47052104770956893,0.7522935779816514,0.56,0.4823529411764706,0.4936708860759494,0.21153846153846154
445,911360,3539.6,257,0.10361350327730179,0.6459228515625,0.8500000000000002,0.2745841443538666,-0.0173,0.53341,0.0,0.02806,0.0135,0.24463,0.13779,0.00012,0.525,0.39,0.035,0.015,0.07,0.46069901115124834,0.7567567567567568,0.5428571428571428,0.45977011494252873,0.4625,0.21153846153846154
446,913408,3547.1,258,0.06200338900089264,0.6482177734375,0.9000000000000002,0.27468341588974,-0.01318,0.68557,0.0,0.02499,0.00871,0.24493,0.10996,0.00027,0.535,0.3775,0.0275,0.015,0.0725,0.4729348627596866,0.75,0.5774647887323944,0.4823529411764706,0.4691358024691358,0.19607843137254902
447,915456,3554.6,258,0.0010854322463274002,0.638818359375,0.9,0.27463412284851074,-0.01867,0.60855,0.0,0.02469,0.01278,0.24508,0.14336,0.0004,0.5225,0.3875,0.03,0.015,0.075,0.46018244103999384,0.7387387387387387,0.5671641791044776,0.4666666666666667,0.4634146341463415,0.18
448,917504,3561.9,258,0.06391233205795288,0.6366455078125,0.8500000000000002,0.27475759387016296,-0.01783,0.43369,0.0,0.02282,0.017,0.24473,0.20156,0.00018,0.53,0.3775,0.035,0.015,0.0775,0.4668147479729861,0.7297297297297297,0.5909090909090909,0.4659090909090909,0.5,0.16326530612244897
449,919552,3568.7,258,0.0804302841424942,0.64755859375,0.8500000000000002,0.2743281126022339,-0.01446,0.50761,0.0,0.02265,0.01093,0.24436,0.13506,0.00027,0.5375,0.3725,0.035,0.015,0.075,0.4755820722616593,0.7407407407407407,0.5797101449275363,0.4888888888888889,0.5,0.19607843137254902
450,921600,3575.8,258,0.05603001266717911,0.6499999999999999,0.8500000000000002,0.273881733417511,-0.01901,0.37493,0.0,0.02064,0.01521,0.24073,0.17695,0.00027,0.5375,0.375,0.035,0.015,0.0725,0.47570524729147723,0.7407407407407407,0.5797101449275363,0.4835164835164835,0.4878048780487805,0.22
451,923648,3582.8,258,0.11686214804649353,0.653466796875,0.8500000000000002,0.2735845446586609,-0.01876,0.40893,0.0,0.01913,0.01244,0.23831,0.14209,0.0004,0.5475,0.365,0.035,0.015,0.0725,0.48528558918582976,0.7363636363636363,0.6056338028169014,0.4666666666666667,0.5061728395061729,0.25
452,925696,3590.2,258,0.08314037322998047,0.6609375,0.8500000000000002,0.2736661434173584,-0.02031,0.4331,0.0,0.02138,0.0188,0.23739,0.18887,0.00018,0.55,0.36,0.0325,0.0175,0.0725,0.48621042642656315,0.7567567567567568,0.6,0.44565217391304346,0.5061728395061729,0.2608695652173913
453,927744,3597.2,258,0.09235040843486786,0.6654296875,0.8500000000000002,0.2727668285369873,-0.01754,0.36333,0.0,0.01916,0.01097,0.23515,0.12197,0.0004,0.5575,0.3575,0.0325,0.015,0.07,0.4919858318070501,0.7387387387387387,0.5972222222222222,0.45555555555555555,0.5238095238095238,0.3023255813953488
454,929792,3604.5,258,0.06284992396831512,0.6767578125,0.8500000000000002,0.2714444398880005,-0.02121,0.3102,0.0,0.01921,0.02106,0.22517,0.20381,0.00018,0.56,0.35,0.0325,0.015,0.075,0.4954337527245471,0.7387387387387387,0.6111111111111112,0.46236559139784944,0.5185185185185185,0.3023255813953488
455,931840,3612.2,258,-0.0024737417697906494,0.6766357421875,0.8500000000000002,0.2709067761898041,-0.01587,0.49004,0.0,0.01844,0.00785,0.21874,0.08975,0.00027,0.5525,0.3525,0.0325,0.015,0.08,0.48835164707489404,0.7339449541284404,0.5921052631578947,0.4421052631578947,0.5316455696202531,0.2926829268292683
456,933888,3619.4,258,-0.002041139639914036,0.6685302734375,0.8500000000000002,0.27076202630996704,-0.01938,0.38183,0.0,0.01751,0.01311,0.21652,0.13691,0.00027,0.545,0.355,0.0325,0.015,0.085,0.48288172175733474,0.7181818181818181,0.589041095890411,0.43617021276595747,0.524390243902439,0.2926829268292683
457,935936,3626.4,258,0.005547245033085346,0.66728515625,0.8500000000000002,0.27069252729415894,-0.01707,0.24898,0.0,0.02104,0.01274,0.21611,0.14785,0.00027,0.5475,0.345,0.03,0.0175,0.09,0.48374663298740694,0.7207207207207207,0.5833333333333334,0.44086021505376344,0.5180722891566265,0.3170731707317073
458,937984,3633.8,258,0.011662255972623825,0.666064453125,0.8500000000000002,0.2709866762161255,-0.02235,0.46291,0.0,0.02231,0.01484,0.21648,0.14736,0.00018,0.54,0.355,0.03,0.02,0.085,0.4741015200580213,0.7207207207207207,0.5641025641025641,0.43023255813953487,0.5180722891566265,0.2857142857142857
459,940032,3641.0,258,0.07243818044662476,0.66337890625,0.8500000000000002,0.270676851272583,-0.01682,0.26686,0.0,0.019,0.01062,0.2177,0.13271,0.00027,0.5475,0.355,0.03,0.02,0.0775,0.4748287990792982,0.7129629629629629,0.5921052631578947,0.4431818181818182,0.5365853658536586,0.30434782608695654
460,942080,3647.7,258,0.0024688048288226128,0.6665771484375,0.8500000000000002,0.27033916115760803,-0.02082,0.36953,0.0,0.02164,0.01713,0.21421,0.17324,0.00018,0.5425,0.36,0.0325,0.02,0.0775,0.47246341658193797,0.7181818181818181,0.5921052631578947,0.42857142857142855,0.5128205128205128,0.3111111111111111
461,944128,3655.0,258,0.014875859022140503,0.6615478515625001,0.9000000000000002,0.26957958936691284,-0.01787,0.28058,0.0,0.02449,0.00909,0.21124,0.1,0.00027,0.545,0.36,0.0325,0.02,0.075,0.4736518779105502,0.7155963302752294,0.5897435897435898,0.42391304347826086,0.5189873417721519,0.3333333333333333
462,946176,3661.5,258,0.026669593527913094,0.655712890625,0.8500000000000002,0.2689446806907654,-0.01497,0.4252,0.0,0.02715,0.01589,0.20494,0.17598,0.00012,0.5425,0.3625,0.03,0.0175,0.0775,0.46876905900038734,0.7431192660550459,0.5569620253164557,0.42391304347826086,0.5,0.3333333333333333
463,948224,3669.5,258,0.0829196572303772,0.6554931640625,0.8500000000000002,0.26857057213783264,-0.01591,0.27674,0.0,0.02533,0.01026,0.20211,0.12471,0.00027,0.5475,0.36,0.0275,0.0175,0.075,0.476701199846954,0.7545454545454545,0.5679012345679012,0.42528735632183906,0.4936708860759494,0.32558139534883723
464,950272,3676.4,258,0.09414279460906982,0.6617431640625,0.8500000000000002,0.2679044306278229,-0.02136,0.4617,0.0,0.02593,0.01489,0.19807,0.17344,0.00018,0.545,0.355,0.0225,0.015,0.085,0.475855421232949,0.7570093457943925,0.5714285714285714,0.42045454545454547,0.5121951219512195,0.30434782608695654
465,952320,3684.0,258,0.08176319301128387,0.6624267578125,0.8500000000000002,0.2674158215522766,-0.01599,0.43401,0.0,0.02793,0.00954,0.19364,0.11016,0.00027,0.535,0.37,0.02,0.015,0.08,0.4675902860600456,0.75,0.5555555555555556,0.4024390243902439,0.5060240963855421,0.2826086956521739
466,954368,3691.7,259,0.11225944757461548,0.6733154296874999,0.8500000000000002,0.26717182993888855,-0.0206,0.38079,0.0,0.02571,0.0128,0.19068,0.14082,0.00027,0.54,0.3625,0.0175,0.0125,0.085,0.47326262748117925,0.75,0.5697674418604651,0.38961038961038963,0.5294117647058824,0.2916666666666667
467,956416,3699.3,259,0.07431656867265701,0.68017578125,0.8500000000000002,0.2671065330505371,-0.01668,0.53929,0.0,0.02217,0.01425,0.18885,0.16445,0.00027,0.5475,0.3625,0.0175,0.0125,0.0775,0.47975049932532643,0.7570093457943925,0.5647058823529412,0.39473684210526316,0.5432098765432098,0.3137254901960784
468,958464,3705.8,259,0.009545438922941685,0.6771484375000001,0.8500000000000002,0.2670106291770935,-0.02134,0.65789,0.0,0.02162,0.01317,0.18879,0.1335,0.00027,0.5525,0.36,0.0175,0.0125,0.075,0.4845953209166593,0.7592592592592593,0.5517241379310345,0.38666666666666666,0.5421686746987951,0.3617021276595745
469,960512,3712.8,259,0.013454833067953587,0.6725341796875001,0.8500000000000002,0.26724377274513245,-0.01461,0.41857,0.0,0.02197,0.013,0.18877,0.13496,0.00027,0.55,0.3575,0.0125,0.015,0.0775,0.484339834867933,0.7735849056603774,0.5393258426966292,0.39436619718309857,0.5357142857142857,0.34
470,962560,3719.5,259,0.031165773048996925,0.668115234375,0.8500000000000002,0.2675742506980896,-0.01995,0.30124,0.0,0.02098,0.01216,0.1916,0.14004,0.0004,0.55,0.355,0.01,0.0175,0.0775,0.4857904347553421,0.7757009345794392,0.5444444444444444,0.38571428571428573,0.5301204819277109,0.34
471,964608,3726.9,259,0.0389479398727417,0.673388671875,0.8500000000000002,0.2672993540763855,-0.0234,0.43805,0.0,0.02261,0.01882,0.19146,0.1834,0.00018,0.54,0.36,0.01,0.0175,0.0825,0.4797623354396716,0.780952380952381,0.5274725274725275,0.373134328358209,0.5172413793103449,0.32
472,966656,3733.5,259,0.02032162994146347,0.6692138671875001,0.8500000000000002,0.26703062653541565,-0.01598,0.55646,0.0,0.02269,0.0098,0.18969,0.10684,0.00027,0.5325,0.37,0.01,0.0175,0.08,0.47209489852016234,0.7864077669902912,0.5157894736842106,0.36923076923076925,0.5116279069767442,0.29411764705882354
473,968704,3740.0,259,0.02870234288275242,0.6665771484374999,0.8500000000000002,0.2660137414932251,-0.01983,0.35234,0.0,0.02432,0.01506,0.18607,0.15898,0.00027,0.535,0.365,0.0125,0.0175,0.0825,0.4732042376471972,0.7920792079207921,0.5257731958762887,0.35384615384615387,0.5172413793103449,0.3
474,970752,3746.5,259,0.037209756672382355,0.6707031250000001,0.8500000000000002,0.2657374441623688,-0.02019,0.29434,0.0,0.02048,0.01265,0.1803,0.13291,0.00027,0.5175,0.375,0.0125,0.0175,0.09,0.4559431387212797,0.7647058823529411,0.5052631578947369,0.3333333333333333,0.5,0.3076923076923077
475,972800,3753.3,259,0.03214886784553528,0.6682861328125,0.8500000000000002,0.26555827260017395,-0.02254,0.29659,0.0,0.02087,0.01475,0.1799,0.17783,0.00027,0.505,0.3775,0.0125,0.0175,0.1,0.44815294522837124,0.7549019607843137,0.5051546391752577,0.31666666666666665,0.4827586206896552,0.2777777777777778
476,974848,3760.8,259,0.04178030416369438,0.6641357421874999,0.8500000000000002,0.26508861780166626,-0.01899,0.34469,0.0,0.02568,0.01024,0.17734,0.11855,0.0004,0.495,0.385,0.015,0.0175,0.1025,0.43892435394652696,0.7572815533980582,0.4897959183673469,0.3050847457627119,0.45977011494252873,0.2641509433962264
477,976896,3767.7,259,0.05217774957418442,0.6611572265625001,0.8500000000000002,0.2644115686416626,-0.0198,0.34435,0.0,0.02575,0.01971,0.17202,0.17969,0.00027,0.4925,0.39,0.0175,0.0175,0.1,0.43817678304657975,0.7403846153846154,0.47474747474747475,0.2982456140350877,0.48863636363636365,0.25
478,978944,3774.6,259,0.08181175589561462,0.6689941406250001,0.8499999999999999,0.26392862200737,-0.02043,0.49092,0.0,0.0295,0.0179,0.16754,0.18379,0.00012,0.515,0.3725,0.0175,0.0175,0.095,0.4594724041662299,0.7614678899082569,0.4791666666666667,0.3090909090909091,0.5113636363636364,0.28846153846153844
479,980992,3781.1,259,0.058086834847927094,0.6770263671875,0.8500000000000002,0.263982892036438,-0.01848,0.23195,0.0,0.02732,0.01234,0.16553,0.1416,0.00012,0.52,0.3725,0.02,0.015,0.0925,0.4665140748673435,0.7592592592592593,0.47474747474747475,0.35185185185185186,0.5227272727272727,0.27450980392156865
480,983040,3788.3,259,-0.017979323863983154,0.6728515625,0.8499999999999999,0.26423582434654236,-0.01643,0.57978,0.0,0.02714,0.00825,0.1665,0.09297,0.00027,0.51,0.385,0.02,0.0125,0.0925,0.46037069752810866,0.7407407407407407,0.46938775510204084,0.3392857142857143,0.5172413793103449,0.27450980392156865
481,985088,3795.5,260,0.06725111603736877,0.666552734375,0.8499999999999999,0.26429224014282227,-0.0205,0.26524,0.0,0.02843,0.01416,0.16831,0.15566,0.00012,0.5025,0.385,0.02,0.0125,0.1,0.458505836184973,0.7168141592920354,0.4583333333333333,0.34545454545454546,0.5057471264367817,0.2653061224489796
482,987136,3801.8,260,0.021977301687002182,0.664013671875,0.8000000000000002,0.2642725110054016,-0.01723,0.35172,0.0,0.02639,0.00722,0.16797,0.08105,0.00018,0.505,0.385,0.0225,0.015,0.095,0.4625399913856965,0.7105263157894737,0.4489795918367347,0.34545454545454546,0.5238095238095238,0.2857142857142857
483,989184,3808.5,260,0.023704664781689644,0.665380859375,0.8000000000000002,0.26431015133857727,-0.02195,0.32831,0.0,0.02714,0.01276,0.16811,0.13623,0.00018,0.505,0.38,0.0225,0.015,0.1,0.46345091159376944,0.7117117117117117,0.45918367346938777,0.34545454545454546,0.5176470588235295,0.29411764705882354
484,991232,3815.0,260,0.024018622934818268,0.670751953125,0.8500000000000002,0.26391494274139404,-0.02087,0.24667,0.0,0.02287,0.01445,0.16655,0.17295,0.00018,0.5125,0.38,0.025,0.0125,0.095,0.470070136318065,0.7090909090909091,0.47474747474747475,0.36363636363636365,0.5180722891566265,0.32075471698113206
485,993280,3821.6,260,0.01672256365418434,0.6716552734375001,0.8500000000000002,0.26377493143081665,-0.01897,0.3164,0.0,0.02281,0.00909,0.16393,0.10781,0.00027,0.5125,0.3775,0.025,0.0125,0.0975,0.4717987343085816,0.7037037037037037,0.47474747474747475,0.38181818181818183,0.5238095238095238,0.3148148148148148
486,995328,3829.4,260,0.023153500631451607,0.6691162109375,0.8500000000000002,0.26342934370040894,-0.0186,0.5349,0.0,0.02545,0.01394,0.16297,0.14893,0.0004,0.5,0.385,0.035,0.0125,0.1025,0.4609982687847191,0.6761904761904762,0.45,0.37735849056603776,0.5454545454545454,0.2962962962962963
487,997376,3839.3,260,0.07074397057294846,0.6646240234375,0.8500000000000002,0.2627703845500946,-0.02326,0.29382,0.0,0.02655,0.0225,0.15885,0.20352,0.00018,0.5,0.3875,0.035,0.0125,0.1,0.46125443678625344,0.6788990825688074,0.44554455445544555,0.38461538461538464,0.5411764705882353,0.2830188679245283
488,999424,3846.4,260,0.0046651773154735565,0.664990234375,0.8500000000000002,0.26209938526153564,-0.01428,0.31079,0.0,0.02446,0.00908,0.15431,0.09561,0.00027,0.5025,0.39,0.0375,0.0125,0.095,0.4623552050453907,0.7027027027027027,0.44,0.34545454545454546,0.5443037974683544,0.3090909090909091
489,1001472,3853.7,260,0.029391948133707047,0.657373046875,0.8500000000000002,0.26181691884994507,-0.02258,0.34092,0.0,0.0249,0.01545,0.15001,0.16895,0.00012,0.4925,0.3975,0.035,0.0125,0.0975,0.4532093251430077,0.6880733944954128,0.4105263157894737,0.35714285714285715,0.55,0.31666666666666665
490,1003520,3860.2,260,0.0374431386590004,0.657763671875,0.8500000000000002,0.26194149255752563,-0.01806,0.37367,0.0,0.02281,0.01093,0.15023,0.12939,0.00018,0.4825,0.4025,0.035,0.0125,0.1025,0.44072276290395335,0.6909090909090909,0.3870967741935484,0.3620689655172414,0.5125,0.3220338983050847
491,1005568,3867.0,260,0.02936159074306488,0.655078125,0.8500000000000002,0.2619428038597107,-0.02059,0.48823,0.0,0.02674,0.01324,0.15091,0.14219,0.00018,0.4725,0.415,0.0425,0.01,0.1025,0.4312398181093032,0.6727272727272727,0.3695652173913043,0.3448275862068966,0.525,0.31666666666666665
492,1007616,3873.4,260,0.06981194019317627,0.6538330078125,0.8500000000000002,0.26159048080444336,-0.01927,0.20138,0.0,0.02869,0.01242,0.1506,0.14316,0.00018,0.48,0.4025,0.0425,0.01,0.1075,0.4383885079747391,0.6909090909090909,0.3804347826086957,0.3620689655172414,0.525,0.3
493,1009664,3880.7,260,0.06189710646867752,0.6586181640625,0.8000000000000002,0.261188268661499,-0.01648,0.46834,0.0,0.02651,0.01148,0.1469,0.14434,0.00027,0.485,0.4,0.05,0.01,0.105,0.4399316364310366,0.6818181818181818,0.38636363636363635,0.3389830508474576,0.5679012345679012,0.3064516129032258
494,1011712,3887.9,260,0.08681632578372955,0.6604980468749999,0.8000000000000002,0.26029419898986816,-0.02219,0.2784,0.0,0.02468,0.01378,0.14319,0.14912,0.00018,0.495,0.3925,0.0525,0.0075,0.105,0.45062284591519314,0.6785714285714286,0.38636363636363635,0.3448275862068966,0.5925925925925926,0.32786885245901637
495,1013760,3895.9,260,0.03101382777094841,0.6674072265625,0.8000000000000002,0.25942716002464294,-0.01719,0.4289,0.0,0.025,0.00982,0.13612,0.11436,0.00027,0.4925,0.3975,0.055,0.0075,0.1025,0.446344325597497,0.672566371681416,0.3855421686746988,0.3559322033898305,0.5853658536585366,0.31746031746031744
496,1015808,3903.2,260,-0.011633496731519699,0.6671630859375,0.8000000000000002,0.25940051674842834,-0.01907,0.37383,0.0,0.02052,0.01443,0.13102,0.15234,0.00018,0.4875,0.3975,0.055,0.0075,0.1075,0.44387290287713443,0.6607142857142857,0.3902439024390244,0.3548387096774194,0.575,0.328125
497,1017856,3910.2,260,-0.008931807242333889,0.6573242187499999,0.8000000000000002,0.25975537300109863,-0.01711,0.27469,0.0,0.02184,0.0101,0.13328,0.11807,0.00027,0.48,0.4075,0.0575,0.0075,0.105,0.4368801275878553,0.6517857142857143,0.36904761904761907,0.3442622950819672,0.5822784810126582,0.328125
498,1019904,3916.9,260,0.010624373331665993,0.655712890625,0.8000000000000002,0.2595958709716797,-0.01993,0.25591,0.0,0.02144,0.01799,0.13455,0.18477,0.00012,0.48,0.41,0.055,0.0075,0.1025,0.4380933088172298,0.6607142857142857,0.37349397590361444,0.36065573770491804,0.569620253164557,0.3076923076923077
499,1021952,3923.6,260,0.017359789460897446,0.6496337890624999,0.8000000000000002,0.2596563398838043,-0.01451,0.29648,0.0,0.0222,0.00722,0.13311,0.07979,0.00027,0.4825,0.4075,0.0525,0.01,0.1,0.4393465319449604,0.6696428571428571,0.37349397590361444,0.359375,0.5769230769230769,0.30158730158730157
500,1024000,3930.5,261,0.05203478783369064,0.6499755859374999,0.8000000000000002,0.25915098190307617,-0.01949,0.27876,0.0,0.0262,0.01473,0.13211,0.15303,0.00018,0.49,0.4025,0.0525,0.01,0.0975,0.44592779968667273,0.6696428571428571,0.35802469135802467,0.36923076923076925,0.6025641025641025,0.328125
501,1026048,3937.8,261,0.04019279032945633,0.6560302734375,0.8000000000000002,0.25877535343170166,-0.01821,0.28996,0.0,0.02458,0.00948,0.12798,0.10137,0.00027,0.4975,0.4,0.0525,0.0075,0.095,0.4521382327557704,0.6875,0.37349397590361444,0.36923076923076925,0.6025641025641025,0.3225806451612903
502,1028096,3945.0,261,-0.009644800797104836,0.6553710937499999,0.8000000000000002,0.2586417496204376,-0.01959,0.48684,0.0,0.0246,0.01673,0.12564,0.16826,0.00012,0.4975,0.3975,0.05,0.0075,0.0975,0.4514652530379455,0.6880733944954128,0.37209302325581395,0.375,0.6103896103896104,0.328125
503,1030144,3952.7,261,0.02836795523762703,0.6549804687499999,0.8000000000000002,0.2585628032684326,-0.01322,0.33155,0.0,0.02354,0.00615,0.12561,0.07412,0.00027,0.495,0.4025,0.0525,0.0075,0.095,0.44881149042041507,0.6944444444444444,0.37209302325581395,0.38461538461538464,0.6,0.3181818181818182
504,1032192,3960.4,261,0.03315220773220062,0.6583984375,0.8000000000000002,0.25821200013160706,-0.01951,0.22971,0.0,0.024,0.0147,0.1239,0.14824,0.00018,0.4875,0.405,0.0525,0.01,0.0975,0.44294598792313505,0.6952380952380952,0.375,0.3880597014925373,0.5866666666666667,0.2923076923076923
505,1034240,3968.3,261,0.08118975162506104,0.657861328125,0.8000000000000002,0.2579960823059082,-0.01839,0.31166,0.0,0.02987,0.0105,0.12103,0.12734,0.00027,0.485,0.4,0.05,0.01,0.105,0.4399179339840865,0.7087378640776699,0.3953488372093023,0.34782608695652173,0.5540540540540541,0.3235294117647059
506,1036288,3975.9,261,0.033712711185216904,0.665283203125,0.8000000000000002,0.2576216757297516,-0.01808,0.72833,0.0,0.02677,0.01557,0.1191,0.1627,0.00018,0.49,0.395,0.055,0.01,0.105,0.4454266854707726,0.7281553398058253,0.4069767441860465,0.3472222222222222,0.547945205479452,0.3181818181818182
507,1038336,3982.8,261,0.06659089773893356,0.6631347656250001,0.8500000000000002,0.25727421045303345,-0.01845,0.50858,0.0,0.02649,0.01265,0.11575,0.1418,0.00027,0.4975,0.3875,0.055,0.0075,0.1075,0.451795720856489,0.7525773195876289,0.4431818181818182,0.32857142857142857,0.5512820512820513,0.31343283582089554
508,1040384,3990.1,261,0.020552627742290497,0.66279296875,0.8500000000000002,0.25700512528419495,-0.01593,0.3007,0.0,0.02632,0.01814,0.11316,0.18662,0.00018,0.5,0.3875,0.0525,0.0075,0.105,0.4528278697036643,0.7575757575757576,0.4186046511627907,0.3142857142857143,0.5625,0.3384615384615385
509,1042432,3998.3,261,0.009560557082295418,0.6659423828125001,0.8500000000000002,0.25713253021240234,-0.01465,0.32583,0.0,0.02581,0.0124,0.11247,0.13691,0.00018,0.4975,0.39,0.05,0.0075,0.105,0.4515093378417187,0.7628865979381443,0.4186046511627907,0.32857142857142857,0.5679012345679012,0.30303030303030304
510,1044480,4005.5,261,0.0055003599263727665,0.6663574218749999,0.8500000000000002,0.25692349672317505,-0.01566,0.39484,0.0,0.0242,0.00785,0.1126,0.09678,0.00027,0.495,0.3925,0.05,0.0075,0.105,0.4488301071690522,0.7684210526315789,0.4186046511627907,0.3,0.5802469135802469,0.3088235294117647
511,1046528,4012.5,261,0.017719902098178864,0.66533203125,0.8499999999999999,0.25702327489852905,-0.02078,0.20689,0.0,0.02268,0.01496,0.11143,0.17715,0.00027,0.5025,0.3875,0.045,0.01,0.1,0.45415473550162405,0.7857142857142857,0.43023255813953487,0.3013698630136986,0.5733333333333334,0.3235294117647059
512,1048576,4019.4,261,0.02531600557267666,0.667138671875,0.8500000000000002,0.2570914626121521,-0.01821,0.26827,0.0,0.02031,0.0157,0.11161,0.15576,0.00018,0.5025,0.3875,0.0425,0.01,0.1,0.45338450835803124,0.7959183673469388,0.43023255813953487,0.3026315789473684,0.5555555555555556,0.3382352941176471
513,1050624,4027.8,261,0.03681965544819832,0.6717285156249999,0.8500000000000002,0.25703224539756775,-0.01378,0.38097,0.0,0.023,0.01537,0.11216,0.15693,0.00018,0.5075,0.38,0.0425,0.01,0.1025,0.45614226318281254,0.7978723404255319,0.4482758620689655,0.3076923076923077,0.56,0.3484848484848485
514,1052672,4035.6,261,0.02332696132361889,0.6726562500000001,0.8500000000000002,0.25681865215301514,-0.01813,0.31362,0.0,0.02343,0.0157,0.1105,0.16631,0.00012,0.5025,0.385,0.0425,0.01,0.105,0.4548671407097207,0.7888888888888889,0.43820224719101125,0.30666666666666664,0.55,0.36363636363636365
515,1054720,4043.4,261,0.05816996097564697,0.6726806640625,0.8500000000000002,0.25646740198135376,-0.01266,0.30661,0.0,0.02775,0.0088,0.10847,0.10547,0.00027,0.5075,0.375,0.0425,0.01,0.11,0.45540919662379786,0.7934782608695652,0.4725274725274725,0.2948717948717949,0.5308641975308642,0.3620689655172414
516,1056768,4051.5,261,0.1063050925731659,0.6800048828125,0.8500000000000002,0.2561429738998413,-0.01774,0.37262,0.0,0.0277,0.01406,0.1056,0.14189,0.00027,0.515,0.3675,0.0375,0.01,0.11,0.4651449373367079,0.7934782608695652,0.4943820224719101,0.2894736842105263,0.5609756097560976,0.3442622950819672
517,1058816,4059.6,261,0.10394588857889175,0.6832031249999999,0.8500000000000002,0.2557394802570343,-0.02163,0.63836,0.0,0.03165,0.01487,0.10303,0.16592,0.00027,0.52,0.365,0.0375,0.01,0.1075,0.4653399204547996,0.8064516129032258,0.5,0.2857142857142857,0.5632183908045977,0.3389830508474576
518,1060864,4067.3,261,0.06733712553977966,0.686669921875,0.8500000000000002,0.25510963797569275,-0.01535,0.62479,0.0,0.02687,0.01231,0.09857,0.13945,0.0004,0.5175,0.37,0.0325,0.0075,0.1075,0.46396297434710904,0.8043478260869565,0.5172413793103449,0.2987012987012987,0.5287356321839081,0.3333333333333333
519,1062912,4074.7,261,0.04013553634285927,0.6794677734375,0.8500000000000002,0.2548975944519043,-0.01953,0.57685,0.0,0.02776,0.01359,0.095,0.16201,0.0004,0.51,0.3775,0.0325,0.0075,0.1075,0.4549891597281638,0.7956989247311828,0.4891304347826087,0.31645569620253167,0.5125,0.3392857142857143
520,1064960,4082.2,261,0.033703237771987915,0.6748779296875,0.8500000000000002,0.25502312183380127,-0.01749,0.55101,0.0,0.02701,0.01643,0.09455,0.18701,0.00027,0.5025,0.3825,0.03,0.0075,0.11,0.4478243514569934,0.8043478260869565,0.4574468085106383,0.2839506172839506,0.5384615384615384,0.34545454545454546
521,1067008,4089.8,261,0.06076445430517197,0.6723876953125001,0.8500000000000002,0.25464820861816406,-0.01873,0.29377,0.0,0.02675,0.01282,0.09461,0.15381,0.00027,0.515,0.375,0.0325,0.0075,0.105,0.45497278568444627,0.8041237113402062,0.4731182795698925,0.2911392405063291,0.5384615384615384,0.3584905660377358
522,1069056,4097.0,261,0.058555666357278824,0.6760986328125,0.8500000000000002,0.2542189955711365,-0.01841,0.40813,0.0,0.02551,0.01418,0.0908,0.14463,0.00018,0.5225,0.3725,0.03,0.0075,0.1,0.4620867733860285,0.8229166666666666,0.4945054945054945,0.2716049382716049,0.5256410256410257,0.4074074074074074
523,1071104,4104.4,261,0.08296284824609756,0.6801513671875,0.8999999999999999,0.25403285026550293,-0.01734,0.35954,0.0,0.02154,0.00922,0.0883,0.11689,0.00027,0.5325,0.3675,0.03,0.005,0.0975,0.4705712321190713,0.8279569892473119,0.5054945054945055,0.3,0.5308641975308642,0.41818181818181815
524,1073152,4111.3,261,0.04873592033982277,0.6836669921875,0.9,0.25366055965423584,-0.01965,0.44683,0.0,0.02146,0.01341,0.08621,0.13096,0.00018,0.5375,0.37,0.03,0.005,0.09,0.47619725496930343,0.8297872340425532,0.5108695652173914,0.31645569620253167,0.5375,0.4
525,1075200,4118.6,261,0.04618021845817566,0.6874023437500001,0.9000000000000002,0.25370073318481445,-0.0161,0.22416,0.0,0.01884,0.00986,0.08509,0.12256,0.00027,0.5375,0.3675,0.0275,0.005,0.0925,0.4763353863558804,0.8315789473684211,0.5116279069767442,0.32926829268292684,0.5443037974683544,0.3793103448275862
526,1077248,4125.4,261,0.03608587756752968,0.6880371093750001,0.8999999999999999,0.2533484399318695,-0.01897,0.38142,0.0,0.01946,0.01196,0.08443,0.13389,0.00027,0.535,0.3675,0.0275,0.005,0.095,0.4746444028619608,0.8041237113402062,0.5238095238095238,0.32926829268292684,0.5443037974683544,0.3793103448275862
527,1079296,4131.8,261,0.029332507401704788,0.686767578125,0.8999999999999999,0.253179132938385,-0.01684,0.44577,0.0,0.02128,0.01394,0.0816,0.15313,0.00027,0.53,0.3725,0.0275,0.0025,0.0975,0.4678295070344738,0.8,0.5232558139534884,0.32142857142857145,0.5316455696202531,0.39285714285714285
528,1081344,4138.4,261,0.029207376763224602,0.6900878906250001,0.8999999999999999,0.2530996799468994,-0.01818,0.52848,0.0,0.02105,0.01503,0.08079,0.18633,0.00027,0.535,0.3775,0.03,0.0025,0.0875,0.47225022151087176,0.7708333333333334,0.5232558139534884,0.37037037037037035,0.5308641975308642,0.39285714285714285
529,1083392,4144.8,261,0.055235523730516434,0.692041015625,0.8999999999999999,0.25252753496170044,-0.01994,0.19598,0.0,0.0217,0.01354,0.07897,0.1584,0.00027,0.535,0.375,0.03,0.005,0.0875,0.470672783325398,0.7575757575757576,0.5119047619047619,0.3625,0.5595238095238095,0.37735849056603776
530,1085440,4151.4,261,0.01867113634943962,0.691455078125,0.8500000000000002,0.2519044280052185,-0.01747,0.39296,0.0,0.01884,0.01482,0.07376,0.17227,0.00027,0.5325,0.3775,0.0275,0.0075,0.085,0.46484383937983453,0.7373737373737373,0.5180722891566265,0.36585365853658536,0.5595238095238095,0.38461538461538464
531,1087488,4158.9,261,0.07189138233661652,0.68916015625,0.8500000000000002,0.251670241355896,-0.01861,0.53277,0.0,0.01837,0.01565,0.06975,0.17344,0.00018,0.53,0.3725,0.03,0.01,0.09,0.46526452837042215,0.7428571428571429,0.475,0.38372093023255816,0.5641025641025641,0.37254901960784315
532,1089536,4165.9,262,0.07510760426521301,0.6858398437500001,0.8500000000000002,0.2511502802371979,-0.01863,0.54157,0.0,0.01916,0.01122,0.06749,0.13467,0.00027,0.5275,0.37,0.0275,0.01,0.095,0.46358456900437317,0.7238095238095238,0.4819277108433735,0.3855421686746988,0.5679012345679012,0.3541666666666667
533,1091584,4173.2,262,0.05137265473604202,0.6904296875,0.8500000000000002,0.2512741684913635,-0.01875,0.51856,0.0,0.01875,0.01225,0.06459,0.13428,0.00027,0.53,0.375,0.03,0.0075,0.09,0.46519211733513466,0.7142857142857143,0.4819277108433735,0.4186046511627907,0.5555555555555556,0.35555555555555557
534,1093632,4180.6,262,0.0826350674033165,0.690576171875,0.8500000000000002,0.2511220872402191,-0.02178,0.71232,0.0,0.0237,0.01637,0.06547,0.18066,0.00018,0.525,0.38,0.03,0.01,0.0875,0.46171203412156214,0.7115384615384616,0.475,0.4146341463414634,0.5301204819277109,0.39215686274509803
535,1095680,4187.3,262,0.11057586967945099,0.6917480468749999,0.8500000000000002,0.25079402327537537,-0.01756,0.72907,0.0,0.02372,0.01059,0.0636,0.12236,0.00027,0.5325,0.375,0.0325,0.01,0.0825,0.4655825399776849,0.7102803738317757,0.4805194805194805,0.4578313253012048,0.5189873417721519,0.3888888888888889
536,1097728,4194.6,262,0.12051329016685486,0.7007324218750001,0.8500000000000002,0.25078409910202026,-0.01982,0.54155,0.0,0.02293,0.0131,0.06144,0.14971,0.00027,0.5425,0.375,0.035,0.01,0.0725,0.4772066835488999,0.6990291262135923,0.44594594594594594,0.4883720930232558,0.573170731707317,0.41818181818181815
537,1099776,4201.3,262,0.06871567666530609,0.7048583984375001,0.8499999999999999,0.2506137788295746,-0.0213,0.44405,0.0,0.02172,0.01421,0.06186,0.16396,0.00018,0.5375,0.38,0.0325,0.01,0.0725,0.4777787762497459,0.7064220183486238,0.44,0.4777777777777778,0.527027027027027,0.4423076923076923
538,1101824,4208.0,262,0.020736197009682655,0.706640625,0.8499999999999999,0.25047942996025085,-0.0176,0.43107,0.0,0.01979,0.01253,0.05987,0.13984,0.00018,0.535,0.3825,0.03,0.01,0.0725,0.4769706413438237,0.6972477064220184,0.42105263157894735,0.4772727272727273,0.56,0.4230769230769231
539,1103872,4215.2,262,0.06638908386230469,0.7014404296875001,0.8499999999999999,0.2502208948135376,-0.02031,0.41778,0.0,0.02241,0.01448,0.05882,0.16777,0.00018,0.535,0.38,0.03,0.01,0.075,0.47644831342473637,0.6880733944954128,0.38961038961038963,0.4823529411764706,0.581081081081081,0.45454545454545453
540,1105920,4222.1,262,0.04295763373374939,0.7083740234375,0.8499999999999999,0.24953898787498474,-0.01765,0.52417,0.0,0.02471,0.01125,0.05528,0.12236,0.00027,0.535,0.3825,0.0275,0.01,0.0725,0.4777022940447285,0.6728971962616822,0.40540540540540543,0.47058823529411764,0.5789473684210527,0.4827586206896552
541,1107968,4229.2,262,0.014216311275959015,0.7028076171875001,0.8499999999999999,0.24936509132385254,-0.02283,0.47915,0.0,0.0255,0.01286,0.05062,0.14102,0.00027,0.54,0.385,0.025,0.01,0.065,0.4821769005752361,0.6728971962616822,0.43243243243243246,0.47619047619047616,0.5641025641025641,0.49122807017543857
542,1110016,4238.4,262,0.03638162091374397,0.69765625,0.8499999999999999,0.24908578395843506,-0.01985,0.46879,0.0,0.0224,0.01692,0.04948,0.18086,0.00012,0.535,0.3875,0.0275,0.01,0.0675,0.47959069343242755,0.6633663366336634,0.44,0.4782608695652174,0.5714285714285714,0.4727272727272727
543,1112064,4245.9,262,0.04479646682739258,0.689990234375,0.8499999999999999,0.24894271790981293,-0.01303,0.68113,0.0,0.02484,0.00875,0.04743,0.11455,0.00018,0.52,0.395,0.0275,0.01,0.075,0.4683262320106881,0.65,0.42105263157894735,0.4888888888888889,0.5569620253164557,0.41818181818181815
544,1114112,4254.2,262,0.07095523178577423,0.6840087890625,0.8499999999999999,0.24883776903152466,-0.01753,0.66366,0.0,0.02752,0.01286,0.04661,0.15088,0.00027,0.505,0.4,0.0275,0.01,0.085,0.45552147966125445,0.6336633663366337,0.42105263157894735,0.4772727272727273,0.5405405405405406,0.39344262295081966
545,1116160,4261.8,262,0.08377676457166672,0.6826416015625,0.8149999999999978,0.2486763298511505,-0.01752,0.7834,0.0,0.02905,0.01239,0.04579,0.14873,0.0004,0.505,0.405,0.025,0.01,0.08,0.45424221308838125,0.64,0.4050632911392405,0.45977011494252873,0.5333333333333333,0.4406779661016949
546,1118208,4270.8,262,0.058483440428972244,0.6822021484374999,0.8999999999999999,0.24855858087539673,-0.01723,0.71797,0.0,0.02818,0.0161,0.04425,0.17881,0.00027,0.5025,0.41,0.025,0.01,0.0775,0.4492196538912445,0.6530612244897959,0.3902439024390244,0.4625,0.5324675324675324,0.42857142857142855
547,1120256,4278.7,262,0.058911554515361786,0.67431640625,0.8999999999999999,0.2483767718076706,-0.01869,0.64618,0.0,0.02977,0.01269,0.04392,0.13311,0.00027,0.4975,0.4225,0.0275,0.0075,0.0725,0.4481658542771531,0.66,0.39285714285714285,0.45454545454545453,0.5064935064935064,0.41935483870967744
548,1122304,4286.1,262,0.09066296368837357,0.671875,0.8999999999999999,0.24812361598014832,-0.0182,0.46522,0.0,0.02704,0.01598,0.04231,0.17148,0.00018,0.505,0.42,0.0225,0.0075,0.0675,0.45255691497889494,0.6701030927835051,0.42528735632183906,0.4657534246575342,0.4936708860759494,0.421875
549,1124352,4293.5,262,0.05805471912026405,0.676171875,0.8999999999999999,0.24797475337982178,-0.01549,0.44858,0.0,0.02695,0.01045,0.04062,0.1293,0.00027,0.5075,0.43,0.0275,0.005,0.0575,0.4549491398091136,0.6842105263157895,0.43820224719101125,0.4857142857142857,0.4805194805194805,0.4057971014492754
550,1126400,4301.9,262,0.11712931096553802,0.6839599609374999,0.8999999999999999,0.24762752652168274,-0.01873,0.6232,0.0,0.02555,0.01287,0.03935,0.14766,0.00018,0.5175,0.425,0.025,0.005,0.0525,0.463505662613483,0.7029702970297029,0.45977011494252873,0.47761194029850745,0.47368421052631576,0.4057971014492754
551,1128448,4310.4,262,0.0733124390244484,0.6807861328125,0.8999999999999999,0.24764306843280792,-0.02157,0.47556,0.0,0.02761,0.01105,0.03785,0.12412,0.00027,0.5175,0.4275,0.0275,0.0075,0.0475,0.4643482029945946,0.6990291262135923,0.47191011235955055,0.47058823529411764,0.47297297297297297,0.3939393939393939
552,1130496,4318.1,262,0.007938472554087639,0.6777587890625,0.8500000000000002,0.24787738919258118,-0.01819,0.84418,0.0,0.02838,0.01594,0.0386,0.15557,0.00018,0.5125,0.435,0.0275,0.005,0.0475,0.4611847484821115,0.6634615384615384,0.4725274725274725,0.4782608695652174,0.4864864864864865,0.3870967741935484
553,1132544,4326.0,262,0.030489888042211533,0.6694091796874999,0.8499999999999999,0.24788999557495117,-0.01581,0.52671,0.0,0.02847,0.0123,0.04017,0.11465,0.00018,0.5025,0.4375,0.03,0.005,0.055,0.4499619518631172,0.6538461538461539,0.45652173913043476,0.45588235294117646,0.4931506849315068,0.38095238095238093
554,1134592,4334.2,262,0.06654101610183716,0.6636718749999999,0.8500000000000002,0.24768713116645813,-0.01923,0.44746,0.0,0.02705,0.01084,0.03904,0.12109,0.00027,0.4875,0.45,0.0275,0.005,0.0575,0.43663509881463514,0.6759259259259259,0.44680851063829785,0.38461538461538464,0.45588235294117646,0.36923076923076925
555,1136640,4341.9,262,0.09667152166366577,0.664599609375,0.8500000000000002,0.24719226360321045,-0.02013,0.57505,0.0,0.02676,0.01381,0.03625,0.15342,0.00018,0.4875,0.45,0.0275,0.005,0.0575,0.43444124529212397,0.6699029126213593,0.46,0.41935483870967744,0.45714285714285713,0.3384615384615385
556,1138688,4349.3,262,0.043966107070446014,0.6636474609375,0.8000000000000002,0.24705460667610168,-0.01783,0.7844,0.0,0.02639,0.00963,0.03352,0.11533,0.00027,0.4875,0.455,0.0275,0.005,0.0525,0.4337102052444896,0.68,0.47474747474747475,0.417910447761194,0.4084507042253521,0.36507936507936506
557,1140736,4356.8,262,0.11037956178188324,0.662744140625,0.8000000000000002,0.2468053102493286,-0.01918,0.80674,0.0,0.03019,0.01525,0.03234,0.16807,0.00027,0.4825,0.4575,0.0275,0.005,0.055,0.43140185092425015,0.6732673267326733,0.4845360824742268,0.42028985507246375,0.4225352112676056,0.3064516129032258
558,1142784,4364.1,262,0.04119477421045303,0.6641357421875,0.8000000000000002,0.24663016200065613,-0.01643,0.99637,0.0,0.02725,0.00978,0.03024,0.12344,0.0004,0.485,0.455,0.0275,0.005,0.055,0.43244216790513884,0.693069306930693,0.46938775510204084,0.4,0.4246575342465753,0.3333333333333333
559,1144832,4371.7,262,0.08123806118965149,0.6578124999999999,0.8000000000000002,0.2468540370464325,-0.02115,0.80616,0.0,0.02806,0.0182,0.03068,0.18125,0.00018,0.4975,0.44,0.025,0.005,0.0575,0.4447982096332166,0.6923076923076923,0.45544554455445546,0.45,0.44594594594594594,0.3442622950819672
560,1146880,4379.7,262,0.07682870328426361,0.6620117187499999,0.8500000000000002,0.24622952938079834,-0.01679,0.67954,0.0,0.02682,0.00928,0.02951,0.11299,0.00027,0.4975,0.445,0.03,0.005,0.0525,0.44189000035998616,0.69,0.46601941747572817,0.4444444444444444,0.4533333333333333,0.3389830508474576
561,1148928,4387.8,262,0.10329413414001465,0.6570068359375,0.8500000000000002,0.24563530087471008,-0.01766,0.71943,0.0,0.02745,0.01247,0.02396,0.1417,0.0004,0.505,0.44,0.03,0.005,0.05,0.44982462150499125,0.68,0.46601941747572817,0.4696969696969697,0.47368421052631576,0.34545454545454546
562,1150976,4395.4,262,0.11689329147338867,0.6607177734374999,0.8499999999999999,0.245310977101326,-0.02459,0.57736,0.0,0.03113,0.02174,0.02075,0.20479,0.00018,0.5075,0.44,0.0275,0.005,0.0475,0.45192287123739505,0.67,0.5,0.47058823529411764,0.46153846153846156,0.32
563,1153024,4402.8,262,0.12680508196353912,0.6597656249999999,0.8000000000000002,0.24513715505599976,-0.01997,0.61334,0.0,0.02832,0.01085,0.01899,0.12441,0.00027,0.52,0.43,0.0275,0.005,0.045,0.464153010668732,0.6938775510204082,0.48598130841121495,0.5070422535211268,0.4794520547945205,0.3333333333333333
564,1155072,4410.5,262,0.11036136746406555,0.669287109375,0.8500000000000002,0.2450743317604065,-0.0217,1.03915,0.0,0.03061,0.01197,0.01771,0.13662,0.00027,0.5175,0.4325,0.025,0.005,0.045,0.4637592714761354,0.6831683168316832,0.4528301886792453,0.5205479452054794,0.4925373134328358,0.3584905660377358
565,1157120,4418.6,262,0.1025041714310646,0.6663818359375,0.8500000000000002,0.24523425102233887,-0.01663,0.78264,0.0,0.02883,0.01062,0.01807,0.1333,0.0004,0.52,0.4275,0.02,0.005,0.0475,0.46486510998520636,0.6796116504854369,0.44339622641509435,0.5135135135135135,0.5223880597014925,0.36
566,1159168,4427.1,262,0.08475881814956665,0.6619140625,0.8500000000000002,0.2455557882785797,-0.02266,0.99528,0.0,0.03017,0.01889,0.01994,0.1917,0.00018,0.5125,0.4325,0.0225,0.005,0.05,0.459175300636213,0.66,0.42990654205607476,0.5,0.5441176470588235,0.37254901960784315
567,1161216,4434.6,262,0.15245237946510315,0.659375,0.8500000000000002,0.24527892470359802,-0.01698,0.50594,0.0,0.02778,0.01382,0.02048,0.16631,0.00018,0.53,0.415,0.0175,0.005,0.05,0.4784587070866649,0.69,0.45871559633027525,0.5277777777777778,0.5373134328358209,0.36538461538461536
568,1163264,4442.1,262,0.06292157620191574,0.66015625,0.8500000000000002,0.2449738085269928,-0.02032,0.8569,0.0,0.02865,0.01179,0.01792,0.1334,0.00018,0.535,0.42,0.0125,0.005,0.04,0.4834298699268662,0.693069306930693,0.4594594594594595,0.5588235294117647,0.5205479452054794,0.3617021276595745
569,1165312,4449.7,262,0.1105632334947586,0.6535400390624999,0.8500000000000002,0.24498102068901062,-0.02006,0.775,0.0,0.02912,0.01419,0.01676,0.16445,0.00012,0.5325,0.4275,0.0175,0.005,0.035,0.4813814988903245,0.6857142857142857,0.42990654205607476,0.5362318840579711,0.5405405405405406,0.4
570,1167360,4457.3,262,0.05083776265382767,0.6515869140625,0.8500000000000002,0.24485555291175842,-0.0182,0.99632,0.0,0.02922,0.00925,0.01665,0.10791,0.00027,0.5275,0.43,0.02,0.005,0.0375,0.47495586899493314,0.6697247706422018,0.44954128440366975,0.5230769230769231,0.5571428571428572,0.3404255319148936
571,1169408,4465.4,262,0.1365281641483307,0.64306640625,0.8000000000000002,0.2444833517074585,-0.01961,0.94905,0.0,0.02893,0.01535,0.01471,0.17061,0.00027,0.5225,0.435,0.0225,0.0075,0.035,0.4682167511398408,0.6915887850467289,0.46017699115044247,0.49230769230769234,0.5223880597014925,0.3333333333333333
572,1171456,4472.7,262,0.05719013139605522,0.6417236328124999,0.8000000000000002,0.24396634101867676,-0.01827,1.01864,0.0,0.02888,0.01371,0.01125,0.15234,0.00027,0.525,0.4325,0.025,0.0125,0.0325,0.4700818818342025,0.6875,0.4722222222222222,0.48484848484848486,0.5223880597014925,0.3191489361702128
573,1173504,4481.4,262,0.038145653903484344,0.632421875,0.7999999999999998,0.24388092756271362,-0.01683,1.20996,0.0,0.02721,0.01147,0.00815,0.13955,0.0004,0.5125,0.4425,0.02,0.0125,0.035,0.46087781321882637,0.6752136752136753,0.45544554455445546,0.4393939393939394,0.5303030303030303,0.32
574,1175552,4489.2,262,0.11592007428407669,0.615234375,0.7500000000000001,0.24392485618591309,-0.01671,0.78703,0.0,0.03082,0.01524,0.0086,0.17256,0.00027,0.5075,0.4525,0.02,0.015,0.0275,0.45851436956734515,0.6982758620689655,0.42857142857142855,0.4153846153846154,0.5135135135135135,0.3191489361702128
575,1177600,4496.3,262,0.15968303382396698,0.6175292968749999,0.7500000000000001,0.24351394176483154,-0.01967,0.81812,0.0,0.02662,0.01409,0.00731,0.16455,0.00027,0.5125,0.4475,0.0225,0.015,0.0275,0.4634024864832504,0.6923076923076923,0.4421052631578947,0.4444444444444444,0.5205479452054794,0.3076923076923077
576,1179648,4503.7,262,0.1460464894771576,0.6241210937499999,0.8000000000000002,0.24346986413002014,-0.0159,0.72183,0.0,0.02828,0.01237,0.00437,0.14111,0.0004,0.51,0.455,0.0275,0.015,0.0225,0.46167765695109486,0.6864406779661016,0.4606741573033708,0.43283582089552236,0.49333333333333335,0.3137254901960784
577,1181696,4510.9,262,0.14262576401233673,0.6348876953125,0.8000000000000002,0.24368524551391602,-0.02205,0.52234,0.0,0.0245,0.02207,0.00574,0.2165,0.00012,0.5225,0.4425,0.0275,0.0125,0.025,0.47499006494723545,0.7105263157894737,0.4777777777777778,0.45588235294117646,0.5,0.3
578,1183744,4518.4,262,0.08520843833684921,0.6346435546875,0.7500000000000001,0.24326983094215393,-0.01554,0.83431,0.0,0.02394,0.00928,0.00544,0.11904,0.00018,0.515,0.4475,0.025,0.0175,0.0225,0.47150089401749085,0.6982758620689655,0.46511627906976744,0.4931506849315068,0.46153846153846156,0.2765957446808511
579,1185792,4526.8,262,0.10284962505102158,0.6359619140624999,0.7999999999999998,0.24284391105175018,-0.01533,0.92267,0.0,0.02402,0.00969,0.00121,0.11406,0.00027,0.525,0.4425,0.025,0.015,0.02,0.4777990426011739,0.7155172413793104,0.4567901234567901,0.5,0.4625,0.3191489361702128
580,1187840,4533.9,262,0.13006499409675598,0.6402587890625,0.8000000000000002,0.24262042343616486,-0.01826,0.77601,0.0,0.02281,0.01438,-0.00115,0.16289,0.00018,0.515,0.45,0.0275,0.015,0.0225,0.47151179321484116,0.7090909090909091,0.46153846153846156,0.5,0.45348837209302323,0.3
581,1189888,4541.9,262,0.11020118743181229,0.6381591796874999,0.8000000000000002,0.24254879355430603,-0.01726,0.98068,0.0,0.02172,0.01304,-0.00257,0.14873,0.00027,0.525,0.4375,0.0325,0.015,0.025,0.47984668919393597,0.7,0.4868421052631579,0.5,0.45569620253164556,0.3584905660377358
582,1191936,4548.9,262,0.10083955526351929,0.6392822265625,0.8000000000000002,0.24251502752304077,-0.01915,0.89457,0.0,0.02047,0.0145,-0.0026,0.14785,0.00018,0.5225,0.44,0.0325,0.015,0.025,0.47590484476310985,0.6759259259259259,0.4935064935064935,0.5180722891566265,0.46153846153846156,0.35185185185185186
583,1193984,4556.7,262,0.08596718311309814,0.6409423828125,0.8499999999999999,0.24276001751422882,-0.01731,0.60181,0.0,0.01868,0.01115,-0.00226,0.12891,0.00027,0.535,0.43,0.03,0.015,0.0225,0.4886578250925753,0.7064220183486238,0.4805194805194805,0.5294117647058824,0.4675324675324675,0.36538461538461536
584,1196032,4564.6,262,0.06476125121116638,0.6421142578124999,0.8499999999999999,0.24306371808052063,-0.017,0.66646,0.0,0.02104,0.02002,0.00068,0.16387,0.00012,0.5325,0.4325,0.035,0.0125,0.025,0.4854679824340046,0.7053571428571429,0.4533333333333333,0.5287356321839081,0.48717948717948717,0.3333333333333333
585,1198080,4572.3,262,0.07297855615615845,0.641162109375,0.7999999999999998,0.24277471005916595,-0.01755,0.4673,0.0,0.02109,0.01101,0.00059,0.129,0.00018,0.5425,0.425,0.0325,0.01,0.0225,0.49166321583189415,0.7017543859649122,0.48,0.5357142857142857,0.4936708860759494,0.3541666666666667
586,1200128,4579.2,262,0.06499134004116058,0.6461181640625,0.8499999999999999,0.2424570918083191,-0.01594,0.416,0.0,0.01943,0.01344,-0.00194,0.14629,0.00027,0.5525,0.4175,0.03,0.0075,0.0225,0.498933473357239,0.7297297297297297,0.48717948717948717,0.5348837209302325,0.5,0.3673469387755102
587,1202176,4586.1,262,0.057337481528520584,0.651171875,0.8499999999999999,0.24211660027503967,-0.01844,0.48762,0.0,0.01768,0.01516,-0.00518,0.16797,0.00027,0.5625,0.41,0.03,0.0075,0.02,0.5076131809668734,0.7363636363636363,0.5125,0.5581395348837209,0.4805194805194805,0.3829787234042553
588,1204224,4592.9,262,0.036017440259456635,0.6532958984374999,0.8499999999999999,0.24230442941188812,-0.02166,0.59365,0.0,0.02125,0.01498,-0.00528,0.14619,0.00018,0.57,0.4,0.03,0.0075,0.0225,0.513579905938699,0.7522935779816514,0.5121951219512195,0.5747126436781609,0.49333333333333335,0.3617021276595745
589,1206272,4600.6,262,0.08001046627759933,0.6492431640625,0.8500000000000002,0.24225087463855743,-0.02165,0.74791,0.0,0.02483,0.01305,-0.00417,0.13555,0.00018,0.5675,0.395,0.03,0.005,0.0325,0.5086020732415503,0.7545454545454545,0.5238095238095238,0.5666666666666667,0.47058823529411764,0.3541666666666667
590,1208320,4608.5,262,0.1486080288887024,0.6499267578125,0.8500000000000002,0.24168670177459717,-0.01692,0.67748,0.0,0.02107,0.00949,-0.00615,0.1041,0.00027,0.57,0.3875,0.0275,0.005,0.0375,0.5109483257179689,0.7685185185185185,0.49411764705882355,0.5697674418604651,0.4782608695652174,0.40384615384615385
591,1210368,4616.4,262,0.16699828207492828,0.661767578125,0.9000000000000002,0.24092477560043335,-0.02334,0.59511,0.0,0.02262,0.01469,-0.01181,0.16631,0.00018,0.575,0.3775,0.025,0.005,0.0425,0.5081781845103399,0.7747747747747747,0.5119047619047619,0.5411764705882353,0.4925373134328358,0.41509433962264153
592,1212416,4624.2,262,0.11225877702236176,0.6595947265625,0.9000000000000002,0.2404579371213913,-0.0195,0.75245,0.0,0.02421,0.01143,-0.0168,0.14316,0.00027,0.565,0.39,0.025,0.005,0.04,0.5019876957205421,0.7636363636363637,0.4772727272727273,0.5421686746987951,0.48484848484848486,0.4339622641509434
593,1214464,4632.3,262,0.09952206909656525,0.6561035156249999,0.8500000000000002,0.24049697816371918,-0.01884,0.98114,0.0,0.0247,0.01391,-0.0194,0.15254,0.00027,0.56,0.395,0.025,0.0,0.045,0.4951844799582011,0.7735849056603774,0.4891304347826087,0.5185185185185185,0.47058823529411764,0.4339622641509434
594,1216512,4639.7,262,0.1281006932258606,0.6538330078125,0.8500000000000002,0.24090519547462463,-0.01927,0.65094,0.0,0.02635,0.01652,-0.01642,0.15937,0.00027,0.5625,0.3875,0.025,0.0,0.05,0.4943130692993464,0.794392523364486,0.4948453608247423,0.5217391304347826,0.4657534246575342,0.4074074074074074
595,1218560,4646.9,262,0.11959128081798553,0.6602783203125,0.8999999999999999,0.24069809913635254,-0.02222,0.61216,0.0,0.02592,0.01537,-0.01525,0.16416,0.00018,0.5675,0.385,0.0225,0.0,0.0475,0.49775450230116364,0.7946428571428571,0.4845360824742268,0.5070422535211268,0.48484848484848486,0.42592592592592593
596,1220608,4654.1,262,0.11201098561286926,0.6666259765624999,0.8500000000000002,0.2407887876033783,-0.01594,0.62203,0.0,0.02446,0.01082,-0.01616,0.13008,0.00027,0.5775,0.38,0.0175,0.0,0.0425,0.5058910683437813,0.7964601769911505,0.4803921568627451,0.5151515151515151,0.5373134328358209,0.4230769230769231
597,1222656,4661.8,262,0.08166548609733582,0.6639160156249999,0.8500000000000002,0.2414286732673645,-0.02016,0.7831,0.0,0.02559,0.0134,-0.01254,0.16523,0.0004,0.5725,0.385,0.015,0.0,0.0425,0.5010321445388053,0.7876106194690266,0.48,0.5,0.5362318840579711,0.42
598,1224704,4669.3,262,0.03315286338329315,0.6552734375,0.8499999999999999,0.2416650652885437,-0.02101,0.67102,0.0,0.02701,0.01597,-0.00816,0.17529,0.0004,0.555,0.4,0.0175,0.0,0.045,0.48734104176508103,0.7837837837837838,0.47,0.47058823529411764,0.5074626865671642,0.4074074074074074
599,1226752,4677.0,262,0.08401192724704742,0.6498535156249999,0.8000000000000002,0.2418602705001831,-0.02071,0.84077,0.0,0.026,0.01848,-0.00646,0.18242,0.00027,0.5575,0.3975,0.0125,0.0,0.045,0.4889173752200898,0.7727272727272727,0.45,0.47761194029850745,0.5285714285714286,0.4528301886792453
600,1228800,4683.8,262,0.048432204872369766,0.6487792968749999,0.8500000000000002,0.24187494814395905,-0.01908,0.51201,0.0,0.02483,0.0131,-0.00575,0.13467,0.00027,0.5575,0.3975,0.0125,0.0,0.045,0.49134249751207376,0.7636363636363637,0.4423076923076923,0.515625,0.5147058823529411,0.46296296296296297
601,1230848,4691.6,262,0.11966904997825623,0.65703125,0.8500000000000002,0.24181094765663147,-0.02067,0.69924,0.0,0.02567,0.0136,-0.00581,0.15273,0.00018,0.555,0.4,0.0175,0.0,0.0475,0.490182493397335,0.7570093457943925,0.4329896907216495,0.4857142857142857,0.5428571428571428,0.48214285714285715
602,1232896,4699.7,262,0.04954502359032631,0.6584716796875,0.8999999999999999,0.2417076677083969,-0.01559,0.84206,0.0,0.02864,0.00885,-0.00642,0.10293,0.00027,0.545,0.405,0.02,0.0025,0.05,0.48389627309054517,0.7207207207207207,0.42105263157894735,0.4925373134328358,0.5352112676056338,0.48214285714285715
603,1234944,4707.3,262,0.05563148111104965,0.6500976562499999,0.8999999999999999,0.24172332882881165,-0.02137,0.55176,0.0,0.02689,0.01544,-0.0067,0.16855,0.00018,0.5375,0.415,0.025,0.0025,0.0475,0.48040310905828093,0.7,0.43010752688172044,0.48484848484848486,0.527027027027027,0.47368421052631576
604,1236992,4715.0,262,0.1375972479581833,0.6527099609375,0.8499999999999999,0.24158984422683716,-0.01956,0.61732,0.0,0.0253,0.01163,-0.00659,0.12988,0.00027,0.555,0.405,0.025,0.0025,0.04,0.49548774022391595,0.7,0.44680851063829785,0.5072463768115942,0.5540540540540541,0.5094339622641509
605,1239040,4722.5,262,0.04331182688474655,0.6515136718749999,0.8499999999999999,0.2415260225534439,-0.02089,0.81668,0.0,0.02529,0.01495,-0.00813,0.16719,0.00018,0.53,0.4275,0.025,0.005,0.04,0.4731332786686319,0.6851851851851852,0.4270833333333333,0.463768115942029,0.5316455696202531,0.4791666666666667
606,1241088,4729.9,262,0.11179538071155548,0.646484375,0.8500000000000002,0.24128150939941406,-0.01815,0.63959,0.0,0.02445,0.00878,-0.00895,0.11221,0.00027,0.525,0.435,0.0275,0.005,0.0375,0.47391880089613,0.6728971962616822,0.41836734693877553,0.48484848484848486,0.5185185185185185,0.4791666666666667
607,1243136,4737.5,262,0.08101723343133926,0.64833984375,0.8999999999999999,0.24093055725097656,-0.02087,0.66435,0.0,0.02315,0.01247,-0.01172,0.13916,0.00027,0.525,0.4325,0.03,0.0075,0.0375,0.47165571575508664,0.6698113207547169,0.43,0.4782608695652174,0.5384615384615384,0.44680851063829785
608,1245184,4745.4,262,0.14148066937923431,0.6515624999999999,0.8999999999999999,0.24082419276237488,-0.01968,0.5411,0.0,0.02407,0.01614,-0.01359,0.16182,0.00018,0.5375,0.4175,0.0325,0.0075,0.04,0.48305373530393686,0.6730769230769231,0.42105263157894735,0.4810126582278481,0.5844155844155844,0.4888888888888889
609,1247232,4752.8,262,0.07748556137084961,0.6564453125,0.8999999999999999,0.24079936742782593,-0.01478,0.83969,0.0,0.02581,0.012,-0.01422,0.14346,0.00027,0.535,0.425,0.0375,0.0075,0.035,0.4807220469180423,0.6761904761904762,0.40625,0.4634146341463415,0.6056338028169014,0.5
610,1249280,4759.7,262,0.0886709988117218,0.6558349609374998,0.9000000000000002,0.24088650941848755,-0.01973,0.53081,0.0,0.02628,0.01294,-0.01356,0.15439,0.0004,0.5325,0.4275,0.0375,0.0075,0.035,0.47865872097403767,0.6666666666666666,0.4,0.48148148148148145,0.6056338028169014,0.4791666666666667
611,1251328,4767.2,262,0.08126147836446762,0.66435546875,0.8999999999999999,0.24130667746067047,-0.02027,0.53785,0.0,0.0217,0.02397,-0.01184,0.21758,0.00012,0.53,0.425,0.0375,0.0075,0.04,0.48011968061691346,0.6601941747572816,0.4166666666666667,0.4819277108433735,0.6,0.4583333333333333
612,1253376,4774.7,263,0.08886299282312393,0.6605712890625,0.8500000000000002,0.2415131777524948,-0.01471,0.65117,0.0,0.02161,0.00812,-0.00903,0.10166,0.00027,0.5275,0.425,0.0375,0.01,0.04,0.476319727474978,0.696078431372549,0.40625,0.4823529411764706,0.5735294117647058,0.42857142857142855
613,1255424,4781.8,263,0.07943491637706757,0.6567382812499999,0.8500000000000002,0.24182996153831482,-0.02181,0.51277,0.0,0.02266,0.01473,-0.0069,0.1667,0.00027,0.5325,0.4175,0.04,0.0125,0.04,0.48099752021476744,0.6862745098039216,0.41237113402061853,0.4939759036144578,0.6086956521739131,0.40816326530612246
614,1257472,4789.2,263,0.07629628479480743,0.6523681640624999,0.8000000000000002,0.24153906106948853,-0.0218,0.9396,0.0,0.02151,0.01448,-0.00653,0.15156,0.00027,0.5375,0.41,0.0375,0.0175,0.0375,0.4856999892430721,0.69,0.41237113402061853,0.4939759036144578,0.6338028169014085,0.40816326530612246
615,1259520,4796.4,263,0.1077437698841095,0.6539794921874998,0.8000000000000002,0.24116942286491394,-0.0179,0.57343,0.0,0.01956,0.01377,-0.00989,0.15303,0.00027,0.5425,0.4075,0.0375,0.0175,0.035,0.4910983892222752,0.7070707070707071,0.4444444444444444,0.4942528735632184,0.6119402985074627,0.3958333333333333
616,1261568,4804.0,263,0.0672687217593193,0.6548095703125,0.8499999999999999,0.24117304384708405,-0.01919,0.53061,0.0,0.01743,0.01419,-0.01155,0.15596,0.00027,0.5375,0.4025,0.035,0.0225,0.0375,0.4904577869674066,0.7128712871287128,0.43434343434343436,0.4827586206896552,0.6119402985074627,0.3695652173913043
617,1263616,4811.6,263,0.1260817050933838,0.6561767578125,0.8500000000000002,0.24154609441757202,-0.01733,0.40181,0.0,0.01807,0.01484,-0.01028,0.1584,0.00012,0.5425,0.395,0.0325,0.0225,0.04,0.4959096487215391,0.7289719626168224,0.4387755102040816,0.4578313253012048,0.6268656716417911,0.35555555555555557
618,1265664,4819.2,263,0.04401637986302376,0.6553710937499999,0.8500000000000002,0.24146974086761475,-0.01762,0.49046,0.0,0.01996,0.01099,-0.00868,0.11816,0.00027,0.54,0.3925,0.0325,0.025,0.0425,0.49355705510133374,0.7425742574257426,0.43137254901960786,0.47058823529411764,0.6461538461538462,0.3191489361702128
619,1267712,4826.1,263,0.08933363854885101,0.6580810546875,0.8500000000000002,0.24129445850849152,-0.01993,0.72535,0.0,0.01907,0.0148,-0.00994,0.15947,0.00018,0.5475,0.3875,0.0275,0.025,0.04,0.5008272664386811,0.7676767676767676,0.4095238095238095,0.4880952380952381,0.6461538461538462,0.3617021276595745
620,1269760,4832.6,263,0.024665677919983864,0.658740234375,0.8500000000000002,0.2413548231124878,-0.0149,0.66642,0.0,0.01854,0.0081,-0.01125,0.10654,0.00027,0.5325,0.4025,0.03,0.025,0.04,0.4888945909784027,0.7448979591836735,0.411214953271028,0.4444444444444444,0.6666666666666666,0.3333333333333333
621,1271808,4840.3,263,0.014327053911983967,0.6517822265625,0.8500000000000002,0.24133315682411194,-0.01647,0.91872,0.0,0.01925,0.01294,-0.01038,0.14814,0.00027,0.53,0.4025,0.0325,0.0225,0.045,0.48507759034131825,0.7373737373737373,0.40384615384615385,0.4567901234567901,0.6774193548387096,0.3333333333333333
622,1273856,4847.9,263,0.04545185714960098,0.64580078125,0.8000000000000002,0.24091577529907227,-0.02051,0.65706,0.0,0.01895,0.01473,-0.01163,0.15811,0.00018,0.535,0.3975,0.03,0.0225,0.045,0.4883760575627275,0.7346938775510204,0.4019607843137255,0.45977011494252873,0.7068965517241379,0.36363636363636365
623,1275904,4854.8,263,0.07166468352079391,0.6421874999999999,0.8000000000000002,0.24077990651130676,-0.01643,0.50036,0.0,0.01775,0.01184,-0.01449,0.12344,0.00027,0.53,0.4,0.0325,0.0225,0.0475,0.48080230451647693,0.7281553398058253,0.3838383838383838,0.46511627906976744,0.6842105263157895,0.36363636363636365
624,1277952,4861.4,263,0.08091209828853607,0.6493164062499999,0.8000000000000002,0.24079062044620514,-0.01823,0.42511,0.0,0.01545,0.01221,-0.01512,0.16025,0.0004,0.53,0.4,0.0275,0.02,0.05,0.48426406129021227,0.7403846153846154,0.3763440860215054,0.47126436781609193,0.6451612903225806,0.35185185185185186
625,1280000,4868.7,263,0.03718842566013336,0.648583984375,0.8000000000000002,0.24140754342079163,-0.01543,0.55238,0.0,0.01768,0.01503,-0.01346,0.18564,0.0004,0.52,0.41,0.0275,0.02,0.05,0.4760158597199719,0.7181818181818181,0.3684210526315789,0.48148148148148145,0.6065573770491803,0.33962264150943394
626,1282048,4875.4,263,0.06122032180428505,0.6465087890624999,0.8000000000000002,0.2425866425037384,-0.01949,0.44829,0.0,0.01669,0.01913,-0.00534,0.20039,0.00018,0.525,0.405,0.0275,0.02,0.05,0.47782322966665725,0.7142857142857143,0.3695652173913043,0.48717948717948717,0.6060606060606061,0.34615384615384615
627,1284096,4881.9,263,0.09715639054775238,0.6520751953124999,0.8499999999999999,0.24242495000362396,-0.01624,0.45754,0.0,0.01986,0.01104,-0.00058,0.1291,0.00027,0.525,0.4,0.0275,0.02,0.055,0.47304258428047213,0.7075471698113207,0.37362637362637363,0.48717948717948717,0.6376811594202898,0.3392857142857143
628,1286144,4888.4,263,0.10441021621227264,0.6651367187499999,0.8499999999999999,0.24169251322746277,-0.01379,0.4389,0.0,0.01646,0.01621,-0.00482,0.18838,0.00027,0.535,0.39,0.025,0.02,0.055,0.48067381241064294,0.719626168224299,0.38461538461538464,0.47368421052631576,0.6575342465753424,0.33962264150943394
629,1288192,4895.4,263,0.07031439244747162,0.6712646484375,0.8500000000000002,0.2414739429950714,-0.01886,0.45506,0.0,0.01863,0.01645,-0.00899,0.17236,0.00018,0.525,0.3975,0.03,0.02,0.0575,0.4725061866204207,0.7169811320754716,0.36363636363636365,0.46835443037974683,0.6438356164383562,0.3333333333333333
630,1290240,4902.0,263,0.002677607350051403,0.6663818359375,0.8500000000000002,0.24119940400123596,-0.0139,0.37258,0.0,0.01717,0.00868,-0.0102,0.09893,0.00027,0.52,0.4025,0.03,0.02,0.0575,0.4668695439141203,0.7155963302752294,0.35714285714285715,0.45569620253164556,0.64,0.3018867924528302
631,1292288,4909.5,263,0.10512839257717133,0.6649169921875,0.8000000000000002,0.24104300141334534,-0.01573,0.26133,0.0,0.01758,0.01348,-0.01215,0.15254,0.00027,0.53,0.39,0.0275,0.02,0.06,0.47697930215197376,0.7129629629629629,0.38823529411764707,0.45569620253164556,0.6493506493506493,0.3137254901960784
632,1294336,4916.4,263,0.05849957838654518,0.66865234375,0.8000000000000002,0.24027930200099945,-0.02195,0.46243,0.0,0.02119,0.01641,-0.01552,0.17031,0.00018,0.53,0.3875,0.025,0.02,0.0625,0.475353711100637,0.7037037037037037,0.3855421686746988,0.45569620253164556,0.6666666666666666,0.3076923076923077
633,1296384,4924.1,263,0.07118919491767883,0.66796875,0.8149999999999978,0.24009811878204346,-0.01571,0.57679,0.0,0.02148,0.00953,-0.01996,0.11113,0.00027,0.53,0.385,0.03,0.0175,0.0675,0.47550847083000813,0.7009345794392523,0.39473684210526316,0.4444444444444444,0.6385542168674698,0.33962264150943394
634,1298432,4931.6,263,0.06056327745318413,0.6693603515624998,0.8000000000000002,0.24016693234443665,-0.0189,0.44628,0.0,0.02356,0.0123,-0.02027,0.14287,0.0004,0.525,0.3875,0.035,0.015,0.0725,0.4703086699805259,0.7129629629629629,0.3918918918918919,0.4177215189873418,0.627906976744186,0.32075471698113206
635,1300480,4938.6,263,0.10723552107810974,0.6716064453124999,0.8500000000000002,0.24058379232883453,-0.02515,0.44976,0.0,0.02705,0.02075,-0.0184,0.1998,0.00018,0.53,0.385,0.0325,0.0125,0.0725,0.4697636349352345,0.7142857142857143,0.352112676056338,0.47560975609756095,0.6292134831460674,0.32075471698113206
636,1302528,4946.3,263,0.0618918314576149,0.6794921875,0.8500000000000002,0.24085229635238647,-0.01685,0.79698,0.0,0.02361,0.00932,-0.01575,0.10879,0.0004,0.5275,0.3925,0.0325,0.01,0.07,0.4655617034248736,0.7128712871287128,0.3561643835616438,0.49382716049382713,0.6179775280898876,0.32142857142857145
637,1304576,4953.9,263,0.08473239094018936,0.6710449218749999,0.8999999999999999,0.24096176028251648,-0.01927,0.54814,0.0,0.02463,0.0201,-0.01372,0.20303,0.00018,0.5225,0.4,0.03,0.005,0.0725,0.4587701154227639,0.7227722772277227,0.36486486486486486,0.4939759036144578,0.5795454545454546,0.3148148148148148
638,1306624,4962.2,263,0.032149702310562134,0.6624511718749999,0.8500000000000002,0.2410012036561966,-0.01763,0.77452,0.0,0.02277,0.01245,-0.01337,0.1542,0.00027,0.5125,0.415,0.0325,0.0075,0.065,0.44667515485813036,0.6990291262135923,0.36231884057971014,0.47560975609756095,0.5869565217391305,0.2777777777777778
639,1308672,4969.8,263,0.10226913541555405,0.6536621093749999,0.8499999999999999,0.241414874792099,-0.01561,0.67506,0.0,0.0223,0.01279,-0.01195,0.14648,0.0004,0.52,0.405,0.0325,0.0075,0.0675,0.45589303731103525,0.7281553398058253,0.36923076923076925,0.5,0.5567010309278351,0.2549019607843137
640,1310720,4976.7,263,0.08239681273698807,0.6491943359374999,0.8999999999999999,0.24127495288848877,-0.02183,0.91869,0.0,0.02385,0.0194,-0.00982,0.20596,0.00018,0.5175,0.4125,0.0375,0.0075,0.0625,0.45484894363598455,0.7115384615384616,0.3709677419354839,0.4939759036144578,0.56,0.2549019607843137
641,1312768,4983.6,263,0.0981045588850975,0.6425292968749999,0.8500000000000002,0.24096424877643585,-0.01802,0.70965,0.0,0.02464,0.00948,-0.01206,0.12383,0.00027,0.5175,0.4125,0.04,0.0075,0.0625,0.45673917090645105,0.7227722772277227,0.3709677419354839,0.5,0.5588235294117647,0.23529411764705882
642,1314816,4991.5,263,0.08599556237459183,0.6434326171874999,0.8500000000000002,0.24039903283119202,-0.02037,0.83486,0.0,0.02584,0.01444,-0.01557,0.16357,0.00018,0.5175,0.4175,0.0475,0.0075,0.0575,0.45405688470708255,0.6842105263157895,0.3880597014925373,0.47191011235955055,0.6122448979591837,0.27450980392156865
643,1316864,4998.6,263,0.09981735050678253,0.6422851562499998,0.8000000000000002,0.24025191366672516,-0.01698,0.85072,0.0,0.02615,0.0123,-0.01861,0.14492,0.00027,0.515,0.425,0.045,0.0075,0.0525,0.4528049224150219,0.6770833333333334,0.4117647058823529,0.4666666666666667,0.6129032258064516,0.2641509433962264
644,1318912,5006.1,263,0.14004386961460114,0.6402099609374999,0.8000000000000002,0.2403000295162201,-0.01499,0.53302,0.0,0.0217,0.01358,-0.01869,0.15811,0.00027,0.5225,0.4175,0.0425,0.01,0.05,0.4614751130761246,0.693069306930693,0.4117647058823529,0.4725274725274725,0.5934065934065934,0.2857142857142857
645,1320960,5013.6,263,0.12795186042785645,0.64921875,0.8000000000000002,0.23962782323360443,-0.02061,0.78041,0.0,0.02377,0.01739,-0.02085,0.18311,0.00012,0.52,0.4225,0.0375,0.0125,0.045,0.4597335068421802,0.7070707070707071,0.4166666666666667,0.46153846153846156,0.5777777777777777,0.2916666666666667
646,1323008,5021.3,263,0.14131303131580353,0.6590332031249999,0.8500000000000002,0.23947343230247498,-0.01698,0.55261,0.0,0.0208,0.00732,-0.02475,0.09619,0.00027,0.535,0.415,0.0375,0.01,0.04,0.4729730822328986,0.7052631578947368,0.44871794871794873,0.48314606741573035,0.5824175824175825,0.3404255319148936
647,1325056,5029.5,263,0.11820629239082336,0.665771484375,0.8500000000000002,0.2396535575389862,-0.02056,0.77282,0.0,0.02157,0.0153,-0.02414,0.171,0.00027,0.5375,0.415,0.04,0.0075,0.04,0.47753624596644006,0.7227722772277227,0.43037974683544306,0.47058823529411764,0.5862068965517241,0.3541666666666667
648,1327104,5036.7,263,0.08903731405735016,0.671142578125,0.8500000000000002,0.23958951234817505,-0.01879,0.8088,0.0,0.02106,0.01355,-0.02395,0.16094,0.0004,0.5425,0.4175,0.04,0.01,0.03,0.4823512017899007,0.7169811320754716,0.43037974683544306,0.46987951807228917,0.6265060240963856,0.32653061224489793
649,1329152,5044.9,263,0.10368861258029938,0.6753662109374999,0.8499999999999999,0.2399957776069641,-0.01894,0.41675,0.0,0.01884,0.02082,-0.02216,0.20547,0.00018,0.5425,0.41,0.0375,0.01,0.0375,0.48290326459286775,0.7129629629629629,0.45,0.45,0.6219512195121951,0.34
650,1331200,5052.5,263,0.10520711541175842,0.6841552734375,0.8499999999999999,0.23996934294700623,-0.01887,0.72089,0.0,0.02246,0.01123,-0.01969,0.14307,0.00027,0.54,0.41,0.0375,0.01,0.04,0.4810924080207112,0.6727272727272727,0.4864864864864865,0.4444444444444444,0.6172839506172839,0.37037037037037035
651,1333248,5060.7,263,0.09267072379589081,0.684716796875,0.8499999999999999,0.23975870013237,-0.0185,0.77806,0.0,0.02179,0.01354,-0.02135,0.13125,0.00018,0.555,0.4025,0.0375,0.01,0.0325,0.49532167430997603,0.6696428571428571,0.4931506849315068,0.4567901234567901,0.654320987654321,0.39622641509433965
652,1335296,5068.5,263,0.02291093021631241,0.6870361328124999,0.8500000000000002,0.23968568444252014,-0.01838,0.55685,0.0,0.02118,0.01114,-0.02228,0.13945,0.00027,0.5525,0.4075,0.0375,0.01,0.03,0.49206621389440547,0.6814159292035398,0.4857142857142857,0.4578313253012048,0.6493506493506493,0.38596491228070173
653,1337344,5075.4,263,0.04735146835446358,0.6822021484375,0.8500000000000002,0.2398272305727005,-0.01857,0.44909,0.0,0.02133,0.01418,-0.02174,0.16387,0.00027,0.5525,0.4025,0.0375,0.01,0.035,0.4943808154936677,0.6818181818181818,0.49295774647887325,0.4634146341463415,0.6375,0.38596491228070173
654,1339392,5082.6,264,0.035996176302433014,0.6888916015625,0.8500000000000002,0.23951822519302368,-0.02075,0.18993,0.0,0.0251,0.01484,-0.02146,0.17686,0.00027,0.5675,0.3925,0.035,0.0075,0.0325,0.5075416120342852,0.6972477064220184,0.5138888888888888,0.4823529411764706,0.6455696202531646,0.4
655,1341440,5089.6,264,0.051494285464286804,0.6938720703124999,0.8500000000000002,0.23921045660972595,-0.01686,0.32882,0.0,0.02541,0.01573,-0.02517,0.16729,0.00018,0.5675,0.385,0.0325,0.0075,0.04,0.5064484417750834,0.7,0.527027027027027,0.45,0.6296296296296297,0.43636363636363634
656,1343488,5096.4,264,-0.007112020626664162,0.6942871093749999,0.8500000000000002,0.2394641637802124,-0.01606,0.5536,0.0,0.02366,0.00995,-0.02556,0.12002,0.00027,0.5625,0.3925,0.03,0.0075,0.0375,0.500310376902359,0.6944444444444444,0.5263157894736842,0.4578313253012048,0.6233766233766234,0.42857142857142855
657,1345536,5102.9,264,0.04656200110912323,0.6893798828125,0.8500000000000002,0.23957179486751556,-0.0181,0.31225,0.0,0.02127,0.01475,-0.02323,0.17412,0.00027,0.57,0.375,0.0275,0.01,0.045,0.5089410992166262,0.7,0.5675675675675675,0.4578313253012048,0.6025641025641025,0.43636363636363634
658,1347584,5109.9,264,0.07528991997241974,0.693359375,0.8500000000000002,0.2397633045911789,-0.01951,0.2467,0.0,0.02148,0.01593,-0.02302,0.17744,0.00012,0.58,0.365,0.03,0.01,0.045,0.5183891573782323,0.7142857142857143,0.5733333333333334,0.4819277108433735,0.6,0.43636363636363634
659,1349632,5117.4,264,0.04290255159139633,0.7000732421875,0.9000000000000002,0.239730566740036,-0.01702,0.3219,0.0,0.02278,0.01158,-0.02175,0.14121,0.00027,0.58,0.36,0.025,0.01,0.05,0.5171866226543096,0.7064220183486238,0.5774647887323944,0.49411764705882355,0.618421052631579,0.423728813559322
660,1351680,5126.1,264,0.08206526935100555,0.702294921875,0.9000000000000002,0.23974058032035828,-0.01902,0.35921,0.0,0.02663,0.01637,-0.02202,0.18457,0.00018,0.5775,0.355,0.0275,0.01,0.0575,0.5159882253084233,0.6944444444444444,0.5915492957746479,0.49411764705882355,0.5974025974025974,0.4406779661016949
661,1353728,5133.9,264,0.04785820096731186,0.6971435546875,0.9000000000000002,0.2396717369556427,-0.01689,0.63853,0.0,0.02701,0.00718,-0.02229,0.08643,0.00027,0.575,0.355,0.025,0.01,0.06,0.5158799357622014,0.7117117117117117,0.5733333333333334,0.48717948717948717,0.5657894736842105,0.45
662,1355776,5141.4,264,0.07782959938049316,0.6971923828125,0.8999999999999999,0.23941779136657715,-0.02276,0.36018,0.0,0.02501,0.01569,-0.02371,0.16904,0.00018,0.5725,0.3525,0.025,0.01,0.065,0.516747089504705,0.7211538461538461,0.5789473684210527,0.475,0.5679012345679012,0.4406779661016949
663,1357824,5148.5,264,0.028377356007695198,0.6943359375,0.8999999999999999,0.239180326461792,-0.01677,0.85016,0.0,0.02608,0.00896,-0.02608,0.10547,0.00027,0.5525,0.3725,0.0275,0.0075,0.0675,0.49897230368762335,0.69,0.5641025641025641,0.4675324675324675,0.5595238095238095,0.4098360655737705
664,1359872,5155.8,264,0.09315767884254456,0.6834472656249999,0.8999999999999999,0.23912259936332703,-0.01863,0.64341,0.0,0.02544,0.01505,-0.02777,0.16592,0.00027,0.55,0.3725,0.0325,0.005,0.0725,0.49505985497884564,0.7009345794392523,0.581081081081081,0.4605263157894737,0.5238095238095238,0.3898305084745763
665,1361920,5163.5,264,0.0735178217291832,0.6844970703125,0.8500000000000002,0.23896820843219757,-0.0223,0.5629,0.0,0.02439,0.01474,-0.02804,0.16641,0.00018,0.53,0.39,0.035,0.005,0.075,0.4764337661283615,0.6936936936936937,0.5362318840579711,0.44155844155844154,0.4939759036144578,0.38333333333333336
666,1363968,5171.8,264,0.07151222229003906,0.6709228515625,0.8500000000000002,0.23871085047721863,-0.01989,0.5032,0.0,0.02187,0.0104,-0.02959,0.11768,0.00027,0.5275,0.395,0.0375,0.005,0.0725,0.47664942516000386,0.7087378640776699,0.5671641791044776,0.4186046511627907,0.4880952380952381,0.38333333333333336
667,1366016,5179.5,264,0.0954962819814682,0.6698974609374999,0.8499999999999999,0.23801881074905396,-0.01825,0.5254,0.0,0.02143,0.01336,-0.03316,0.15176,0.00027,0.5275,0.3975,0.0325,0.0025,0.0725,0.47479461810352475,0.711340206185567,0.5735294117647058,0.4418604651162791,0.45977011494252873,0.4032258064516129
668,1368064,5186.5,264,0.05620942264795303,0.6684082031249999,0.8000000000000002,0.23792985081672668,-0.01829,0.60648,0.0,0.02298,0.01338,-0.03768,0.15811,0.00027,0.52,0.405,0.035,0.0025,0.0725,0.4684614912703778,0.7157894736842105,0.5714285714285714,0.4418604651162791,0.44047619047619047,0.38461538461538464
669,1370112,5194.1,264,0.0189223475754261,0.6577392578125,0.7999999999999998,0.23795679211616516,-0.02242,0.42697,0.0,0.02221,0.01327,-0.03705,0.15166,0.00027,0.5,0.4275,0.035,0.005,0.0675,0.4545459225167081,0.6914893617021277,0.5555555555555556,0.4318181818181818,0.42168674698795183,0.3492063492063492
670,1372160,5202.3,264,0.07657620310783386,0.6563720703125,0.8000000000000002,0.23756244778633118,-0.02077,0.3999,0.0,0.02468,0.01138,-0.03876,0.1333,0.0004,0.5025,0.4225,0.035,0.0075,0.0675,0.4546335490823559,0.7191011235955056,0.5540540540540541,0.43333333333333335,0.42857142857142855,0.3333333333333333
671,1374208,5210.9,264,0.10129939764738083,0.65263671875,0.8000000000000002,0.23768627643585205,-0.02334,0.681,0.0,0.02618,0.0187,-0.04114,0.1835,0.00018,0.5025,0.4225,0.035,0.0075,0.0675,0.45603395402474667,0.7,0.5428571428571428,0.42391304347826086,0.4470588235294118,0.36507936507936506
672,1376256,5218.5,264,0.10484535992145538,0.6523681640624999,0.7999999999999998,0.23795169591903687,-0.01781,0.94104,0.0,0.02859,0.00882,-0.03877,0.10811,0.00027,0.495,0.4325,0.0375,0.0075,0.065,0.4490531381024088,0.6875,0.5352112676056338,0.4111111111111111,0.4177215189873418,0.375
673,1378304,5226.6,264,0.14547744393348694,0.659228515625,0.8000000000000002,0.23768708109855652,-0.02018,0.49747,0.0,0.02439,0.01575,-0.03899,0.16416,0.00018,0.51,0.4225,0.04,0.0075,0.06,0.4627363904971024,0.69,0.5147058823529411,0.4421052631578947,0.44,0.4032258064516129
674,1380352,5234.7,264,0.08162371069192886,0.65654296875,0.8000000000000002,0.23732703924179077,-0.01811,0.6007,0.0,0.02258,0.01009,-0.04179,0.12148,0.00027,0.4975,0.4475,0.035,0.005,0.05,0.4517696770394613,0.7052631578947368,0.4861111111111111,0.4111111111111111,0.4666666666666667,0.36764705882352944
675,1382400,5242.0,264,0.0728030726313591,0.65361328125,0.8000000000000002,0.23681023716926575,-0.01994,0.58192,0.0,0.02191,0.01413,-0.04551,0.15791,0.00018,0.49,0.455,0.04,0.0075,0.0475,0.44518542754929596,0.7127659574468085,0.4861111111111111,0.4105263157894737,0.43243243243243246,0.35384615384615387
676,1384448,5250.0,264,0.09126852452754974,0.6503662109374999,0.8000000000000002,0.23656007647514343,-0.01856,0.53709,0.0,0.02565,0.0096,-0.04896,0.12441,0.00027,0.4975,0.45,0.035,0.0075,0.045,0.45226852470097456,0.7096774193548387,0.49295774647887325,0.4166666666666667,0.47297297297297297,0.3484848484848485
677,1386496,5257.9,264,0.13911738991737366,0.6609619140624999,0.8000000000000002,0.236333429813385,-0.01842,0.63253,0.0,0.02501,0.01409,-0.05129,0.16641,0.00027,0.505,0.445,0.035,0.0075,0.0425,0.4580530573751239,0.696969696969697,0.5068493150684932,0.41836734693877553,0.47058823529411764,0.3709677419354839
678,1388544,5266.0,264,0.09896060824394226,0.66259765625,0.8000000000000002,0.23613396286964417,-0.01896,0.85425,0.0,0.02657,0.01498,-0.05326,0.17402,0.00027,0.5225,0.4325,0.0325,0.0075,0.0375,0.47071286516924715,0.7373737373737373,0.5205479452054794,0.4411764705882353,0.453125,0.3870967741935484
679,1390592,5274.2,264,0.05948745459318161,0.6607177734375,0.8000000000000002,0.23612801730632782,-0.0183,0.59851,0.0,0.02377,0.01222,-0.05458,0.14258,0.00027,0.52,0.44,0.035,0.01,0.03,0.4684430017431149,0.7171717171717171,0.49333333333333335,0.45918367346938777,0.47619047619047616,0.38461538461538464
680,1392640,5281.8,264,0.04449937865138054,0.6548583984374999,0.8000000000000002,0.23656442761421204,-0.01724,0.77632,0.0,0.02626,0.01268,-0.05315,0.1415,0.0004,0.5175,0.44,0.03,0.0125,0.03,0.4667284434613678,0.7142857142857143,0.47560975609756095,0.46808510638297873,0.47619047619047616,0.38095238095238093
681,1394688,5289.6,264,0.03458704426884651,0.6497558593749999,0.7999999999999998,0.2365323305130005,-0.0209,0.45908,0.0,0.02068,0.01817,-0.04976,0.20215,0.00018,0.5175,0.44,0.0325,0.0125,0.03,0.46454771995556854,0.71875,0.4523809523809524,0.4943820224719101,0.4925373134328358,0.359375
682,1396736,5296.9,264,0.06415244936943054,0.64677734375,0.7999999999999998,0.23626334965229034,-0.01816,0.5231,0.0,0.01772,0.01154,-0.05173,0.14609,0.00027,0.5125,0.4425,0.035,0.015,0.03,0.4615616895746149,0.696969696969697,0.4578313253012048,0.4888888888888889,0.48484848484848486,0.3548387096774194
683,1398784,5304.5,264,0.06142989546060562,0.6451904296875,0.8000000000000002,0.23579460382461548,-0.01803,0.62776,0.0,0.01838,0.01197,-0.05466,0.14111,0.00027,0.5125,0.4325,0.03,0.0175,0.0375,0.4587125006878337,0.693069306930693,0.4523809523809524,0.5054945054945055,0.47692307692307695,0.3389830508474576
684,1400832,5311.7,264,0.1136523187160492,0.6522216796874999,0.8499999999999999,0.23548266291618347,-0.0182,0.54976,0.0,0.01734,0.01297,-0.05843,0.14082,0.00027,0.525,0.42,0.03,0.015,0.04,0.469337694029832,0.7087378640776699,0.4578313253012048,0.5054945054945055,0.47761194029850745,0.375
685,1402880,5319.2,264,0.10393860191106796,0.6565673828124998,0.8000000000000002,0.23526963591575623,-0.01982,0.77981,0.0,0.01852,0.01476,-0.06081,0.15244,0.00027,0.53,0.42,0.0275,0.0125,0.0375,0.47385294815129037,0.7087378640776699,0.4578313253012048,0.5054945054945055,0.5147058823529411,0.36363636363636365
686,1404928,5326.6,264,0.05396493151783943,0.6565917968749999,0.7999999999999999,0.23477020859718323,-0.01788,0.72194,0.0,0.01923,0.0139,-0.06321,0.16074,0.00027,0.53,0.4175,0.03,0.015,0.0375,0.4747968312355302,0.7211538461538461,0.4444444444444444,0.4942528735632184,0.515625,0.38181818181818183
687,1406976,5334.4,264,0.06043124943971634,0.6564453124999999,0.8149999999999978,0.23428356647491455,-0.017,0.36679,0.0,0.0182,0.01455,-0.06772,0.15449,0.00027,0.525,0.42,0.03,0.015,0.04,0.47131265315582715,0.7254901960784313,0.43617021276595747,0.4939759036144578,0.49230769230769234,0.39285714285714285
688,1409024,5342.9,264,0.06569936126470566,0.6539306640624999,0.8000000000000002,0.23417970538139343,-0.02002,0.60749,0.0,0.02098,0.01404,-0.07072,0.16611,0.00027,0.5225,0.4175,0.03,0.015,0.045,0.46744608989381803,0.7281553398058253,0.43157894736842106,0.4691358024691358,0.5223880597014925,0.37037037037037035
689,1411072,5350.8,264,0.1223938837647438,0.65458984375,0.8000000000000002,0.23326513171195984,-0.02281,0.48395,0.0,0.0202,0.01413,-0.07392,0.15156,0.00018,0.5275,0.41,0.0275,0.015,0.0475,0.4739930842272614,0.7254901960784313,0.42105263157894735,0.5,0.5428571428571428,0.3584905660377358
690,1413120,5358.4,264,0.04779091849923134,0.6601562499999999,0.8000000000000002,0.23325634002685547,-0.02002,0.61098,0.0,0.02251,0.01173,-0.07954,0.13604,0.00027,0.515,0.42,0.0275,0.015,0.05,0.46410632714633643,0.7272727272727273,0.41836734693877553,0.4805194805194805,0.5277777777777778,0.3333333333333333
691,1415168,5365.9,264,0.0711582601070404,0.6502929687499999,0.8000000000000002,0.2332339882850647,-0.02079,0.62873,0.0,0.02203,0.01471,-0.07834,0.16113,0.00018,0.5175,0.415,0.03,0.015,0.0525,0.46635803695301076,0.7272727272727273,0.42857142857142855,0.475,0.5205479452054794,0.34
692,1417216,5374.5,264,0.07375526428222656,0.654833984375,0.7999999999999998,0.23378798365592957,-0.01457,0.7034,0.0,0.02162,0.00817,-0.07701,0.09844,0.00027,0.5225,0.415,0.025,0.0125,0.05,0.46767291378115383,0.7087378640776699,0.4329896907216495,0.4935064935064935,0.5211267605633803,0.36538461538461536
693,1419264,5382.4,264,0.09194861352443695,0.655419921875,0.7999999999999998,0.23383358120918274,-0.019,0.52463,0.0,0.02177,0.01448,-0.07272,0.1458,0.00027,0.53,0.4125,0.025,0.0125,0.045,0.47196941160792816,0.7102803738317757,0.4105263157894737,0.48717948717948717,0.5774647887323944,0.3673469387755102
694,1421312,5390.4,264,0.08632582426071167,0.653955078125,0.7999999999999998,0.233595073223114,-0.02215,0.63693,0.0,0.02198,0.0157,-0.07422,0.16318,0.00018,0.525,0.4175,0.0275,0.0125,0.045,0.4671432993821015,0.7297297297297297,0.40860215053763443,0.4675324675324675,0.5507246376811594,0.34
695,1423360,5399.4,264,0.1087474673986435,0.6543701171874998,0.7999999999999998,0.23353272676467896,-0.01839,0.78731,0.0,0.024,0.01016,-0.07585,0.10957,0.00027,0.5125,0.42,0.025,0.0125,0.055,0.4588851475739111,0.7254901960784313,0.3870967741935484,0.47297297297297297,0.5454545454545454,0.3333333333333333
696,1425408,5407.8,264,0.1362931728363037,0.655908203125,0.7999999999999998,0.23405298590660095,-0.01953,0.75585,0.0,0.02625,0.0123,-0.07425,0.14189,0.00027,0.5225,0.405,0.0175,0.015,0.0575,0.46879186495746444,0.7525773195876289,0.40625,0.47297297297297297,0.5897435897435898,0.2909090909090909
697,1427456,5416.8,264,0.09195534884929657,0.6584472656249999,0.8000000000000002,0.23436924815177917,-0.01875,0.76816,0.0,0.02775,0.01382,-0.06999,0.15605,0.00027,0.52,0.4075,0.0225,0.0125,0.06,0.46560668323961346,0.7263157894736842,0.4,0.4936708860759494,0.5733333333333334,0.3392857142857143
698,1429504,5425.6,263,0.12774263322353363,0.6601074218749998,0.8000000000000002,0.2338102161884308,-0.01813,0.6337,0.0,0.02705,0.01342,-0.07047,0.14795,0.00027,0.53,0.395,0.02,0.0125,0.0625,0.4764854378150348,0.7346938775510204,0.40404040404040403,0.5128205128205128,0.5616438356164384,0.36538461538461536
699,1431552,5434.5,263,0.06478110700845718,0.6592041015624999,0.8000000000000002,0.23378515243530273,-0.02088,0.92618,0.0,0.02468,0.01202,-0.07391,0.13291,0.00027,0.53,0.4025,0.0225,0.01,0.0575,0.47154324194843356,0.75,0.411214953271028,0.4805194805194805,0.5652173913043478,0.39215686274509803
700,1433600,5441.7,263,0.13177865743637085,0.6691406249999999,0.8000000000000002,0.23354995250701904,-0.02117,0.36548,0.0,0.02289,0.01821,-0.07458,0.1751,0.00018,0.5325,0.4025,0.025,0.01,0.055,0.4746910770759215,0.7362637362637363,0.4205607476635514,0.48717948717948717,0.5774647887323944,0.41509433962264153
701,1435648,5450.1,263,0.049968406558036804,0.6749999999999999,0.8000000000000002,0.23315605521202087,-0.01561,0.8951,0.0,0.02465,0.00994,-0.07748,0.10996,0.0004,0.53,0.4,0.0275,0.0125,0.0575,0.47720679175277103,0.7472527472527473,0.4074074074074074,0.5,0.5555555555555556,0.41818181818181815
702,1437696,5458.4,263,0.08068674057722092,0.6744140624999999,0.8499999999999999,0.23315264284610748,-0.02537,0.93957,0.0,0.02747,0.02115,-0.08002,0.18193,0.00018,0.53,0.4075,0.035,0.01,0.0525,0.47652155414297626,0.7526881720430108,0.43119266055045874,0.4864864864864865,0.5492957746478874,0.37735849056603776
703,1439744,5467.2,263,0.024716760963201523,0.670849609375,0.8500000000000002,0.23294112086296082,-0.01848,0.39815,0.0,0.02363,0.01092,-0.08007,0.11895,0.00027,0.53,0.4125,0.04,0.01,0.0475,0.4775454388747139,0.7362637362637363,0.4392523364485981,0.5263157894736842,0.5211267605633803,0.38181818181818183
704,1441792,5474.6,263,0.011096380650997162,0.6674072265625,0.8500000000000002,0.23248714208602905,-0.01988,0.33006,0.0,0.02047,0.01706,-0.0833,0.16475,0.00018,0.53,0.4125,0.0375,0.01,0.0475,0.4779938445903913,0.723404255319149,0.46601941747572817,0.5125,0.5072463768115942,0.37037037037037035
705,1443840,5481.9,263,0.039296746253967285,0.6668945312499999,0.8500000000000002,0.23193109035491943,-0.0182,0.29711,0.0,0.01816,0.0122,-0.08716,0.1459,0.00027,0.5275,0.4175,0.0375,0.01,0.045,0.47602686346198725,0.7252747252747253,0.45,0.5125,0.5142857142857142,0.3898305084745763
706,1445888,5489.8,263,0.02522202394902706,0.6644287109374999,0.8500000000000002,0.23157274723052979,-0.017,0.49866,0.0,0.01823,0.01485,-0.09244,0.15771,0.00027,0.52,0.4225,0.0425,0.0125,0.045,0.4697416522731093,0.7272727272727273,0.46153846153846156,0.49382716049382713,0.5,0.3728813559322034
707,1447936,5497.4,263,0.030357075855135918,0.6604736328124999,0.8000000000000002,0.2314767837524414,-0.01857,0.4395,0.0,0.01619,0.01668,-0.09369,0.19443,0.00027,0.525,0.42,0.045,0.0125,0.0425,0.47365174056281245,0.7204301075268817,0.46534653465346537,0.4878048780487805,0.5151515151515151,0.3793103448275862
708,1449984,5505.2,263,0.07723677903413773,0.6679443359374999,0.8000000000000002,0.2311990112066269,-0.02088,0.38161,0.0,0.01736,0.01524,-0.09534,0.16846,0.00027,0.5275,0.4075,0.0425,0.0125,0.0525,0.4734021791706192,0.7191011235955056,0.46938775510204084,0.5,0.5277777777777778,0.3770491803278688
709,1452032,5513.4,263,0.06132536381483078,0.6673339843749999,0.8499999999999999,0.23098021745681763,-0.02341,0.56984,0.0,0.01829,0.01594,-0.09809,0.17061,0.00018,0.52,0.4125,0.0425,0.0125,0.055,0.4685356600064024,0.7142857142857143,0.45918367346938777,0.5,0.5135135135135135,0.3559322033898305
710,1454080,5521.7,263,0.09579171240329742,0.6690429687499999,0.8500000000000002,0.2307126671075821,-0.02236,0.56556,0.0,0.01834,0.01336,-0.1,0.14336,0.00018,0.525,0.41,0.04,0.0125,0.0525,0.47423896463176335,0.7011494252873564,0.4854368932038835,0.5064935064935064,0.5,0.3968253968253968
711,1456128,5530.5,263,0.060319043695926666,0.6732910156249999,0.8500000000000002,0.23037245869636536,-0.02075,0.44696,0.0,0.01765,0.01201,-0.10301,0.12734,0.00027,0.525,0.405,0.04,0.0125,0.0575,0.47692479726255727,0.6867469879518072,0.5,0.5,0.5,0.4126984126984127
712,1458176,5538.3,263,0.1166064441204071,0.6709228515624999,0.8500000000000002,0.2299879491329193,-0.02288,0.60964,0.0,0.02079,0.01815,-0.10592,0.20879,0.00012,0.535,0.3975,0.04,0.0125,0.055,0.4884406204522433,0.7011494252873564,0.5050505050505051,0.5,0.5217391304347826,0.4153846153846154
713,1460224,5546.4,263,0.08378364145755768,0.672802734375,0.8000000000000002,0.22973543405532837,-0.01763,0.58158,0.0,0.02126,0.00931,-0.10866,0.10908,0.00018,0.5325,0.4025,0.045,0.0125,0.0525,0.48760748968184275,0.7032967032967034,0.5,0.4939759036144578,0.5076923076923077,0.4153846153846154
714,1462272,5554.3,263,0.11914342641830444,0.6813720703124999,0.8499999999999999,0.22959299385547638,-0.01929,0.592,0.0,0.01698,0.01153,-0.11061,0.12393,0.00027,0.5425,0.395,0.0425,0.01,0.0525,0.496491494940486,0.7142857142857143,0.5,0.5116279069767442,0.5076923076923077,0.4393939393939394
715,1464320,5562.2,263,0.06940679997205734,0.6902343749999998,0.8499999999999999,0.22942045331001282,-0.02107,0.42428,0.0,0.01791,0.01585,-0.11158,0.15811,0.00018,0.535,0.395,0.04,0.01,0.06,0.49043349139623105,0.6989247311827957,0.5172413793103449,0.46511627906976744,0.5454545454545454,0.4117647058823529
716,1466368,5569.6,263,0.03468112647533417,0.6879394531249998,0.8999999999999999,0.2296021282672882,-0.01505,0.86301,0.0,0.02025,0.0103,-0.11252,0.12686,0.00027,0.5275,0.41,0.0425,0.0075,0.055,0.4856846266714502,0.6888888888888889,0.5301204819277109,0.4470588235294118,0.5522388059701493,0.4
717,1468416,5576.5,263,0.07910104840993881,0.6828369140625,0.8999999999999999,0.22937849164009094,-0.02036,0.49076,0.0,0.01859,0.01812,-0.1116,0.18604,0.00012,0.54,0.395,0.04,0.01,0.055,0.49995454689169505,0.6989247311827957,0.5443037974683544,0.4567901234567901,0.5571428571428572,0.4155844155844156
718,1470464,5583.6,263,0.006641344632953405,0.6778320312499999,0.8999999999999999,0.2292322814464569,-0.01631,0.43637,0.0,0.01489,0.0099,-0.11407,0.10312,0.00027,0.5325,0.4025,0.04,0.0125,0.0525,0.49253511871016364,0.6979166666666666,0.5189873417721519,0.4567901234567901,0.5588235294117647,0.39473684210526316
719,1472512,5591.4,263,0.031233269721269608,0.6769531249999999,0.8999999999999999,0.22930845618247986,-0.01752,0.38366,0.0,0.01547,0.0148,-0.11408,0.16299,0.00018,0.5275,0.4,0.0375,0.015,0.0575,0.49209324137197114,0.7083333333333334,0.5064935064935064,0.4457831325301205,0.5428571428571428,0.3918918918918919
720,1474560,5599.2,263,0.026013078168034554,0.6756347656249999,0.8999999999999999,0.22911815345287323,-0.01963,0.68169,0.0,0.01751,0.01012,-0.1153,0.11211,0.00027,0.5075,0.4175,0.0375,0.0125,0.0625,0.4726805869713673,0.6808510638297872,0.4625,0.4578313253012048,0.5294117647058824,0.37333333333333335
721,1476608,5606.9,263,0.06560762971639633,0.6729980468749999,0.8999999999999999,0.22954168915748596,-0.02239,0.43422,0.0,0.01746,0.01394,-0.11475,0.13867,0.00018,0.515,0.41,0.0375,0.0125,0.0625,0.4754427027104968,0.6979166666666666,0.47368421052631576,0.4482758620689655,0.5428571428571428,0.36619718309859156
722,1478656,5613.9,263,0.07967223227024078,0.6758056640624999,0.8000000000000002,0.22973263263702393,-0.02039,0.46334,0.0,0.01654,0.01207,-0.11084,0.13682,0.00012,0.5175,0.405,0.0325,0.0125,0.065,0.4773153887362319,0.7052631578947368,0.4594594594594595,0.4606741573033708,0.5588235294117647,0.36486486486486486
723,1480704,5621.3,263,0.05033428966999054,0.6746337890624998,0.8000000000000002,0.22976985573768616,-0.01445,0.51567,0.0,0.01658,0.0078,-0.11031,0.09434,0.00018,0.5125,0.405,0.025,0.0125,0.07,0.4722796987211803,0.7127659574468085,0.4722222222222222,0.4318181818181818,0.5633802816901409,0.3466666666666667
724,1482752,5629.7,263,0.0644252672791481,0.6647949218749999,0.8000000000000002,0.22983631491661072,-0.01718,0.70922,0.0,0.01765,0.01081,-0.10947,0.1168,0.0004,0.51,0.4,0.025,0.0125,0.0775,0.46792303103993765,0.7263157894736842,0.4533333333333333,0.42528735632183906,0.5652173913043478,0.33783783783783783
725,1484800,5637.7,263,0.1419222056865692,0.6666015624999999,0.8499999999999999,0.23028050363063812,-0.02229,0.63992,0.0,0.01629,0.02117,-0.10827,0.20371,0.00018,0.5225,0.3875,0.02,0.01,0.08,0.4792143915533302,0.7021276595744681,0.4358974358974359,0.4444444444444444,0.6133333333333333,0.375
726,1486848,5646.6,263,0.09270878881216049,0.6774414062499998,0.8499999999999999,0.23030304908752441,-0.01873,0.75232,0.0,0.01958,0.01216,-0.1059,0.13145,0.00018,0.52,0.4025,0.0225,0.01,0.0675,0.4808786479062327,0.6907216494845361,0.4457831325301205,0.4230769230769231,0.6285714285714286,0.375
727,1488896,5654.9,263,0.0733066275715828,0.6667480468749999,0.8000000000000002,0.23041287064552307,-0.01584,0.56101,0.0,0.01967,0.01002,-0.10596,0.11465,0.00027,0.5175,0.3975,0.025,0.01,0.075,0.4754767231626662,0.711340206185567,0.4375,0.4050632911392405,0.625,0.3611111111111111
728,1490944,5662.5,263,0.05134633183479309,0.6635742187499998,0.8500000000000002,0.23028340935707092,-0.02279,0.80815,0.0,0.01977,0.01507,-0.10525,0.18164,0.00027,0.5,0.415,0.0275,0.0125,0.0725,0.4594483646387863,0.693069306930693,0.40789473684210525,0.37662337662337664,0.6133333333333333,0.3380281690140845
729,1492992,5669.8,263,0.10067430138587952,0.6602783203124999,0.8500000000000002,0.22959300875663757,-0.02184,0.54192,0.0,0.01902,0.01472,-0.1087,0.14961,0.00018,0.5125,0.4075,0.025,0.0125,0.0675,0.46678195486532803,0.7019230769230769,0.4155844155844156,0.41333333333333333,0.6,0.34782608695652173
730,1495040,5677.6,263,0.10433986783027649,0.6685546874999999,0.8500000000000002,0.22893774509429932,-0.01548,0.45756,0.0,0.019,0.00894,-0.11481,0.11074,0.00027,0.515,0.4075,0.025,0.0125,0.065,0.4693797704828633,0.6952380952380952,0.42105263157894735,0.4305555555555556,0.5875,0.34328358208955223
731,1497088,5685.0,263,0.024241207167506218,0.6621826171874998,0.8500000000000002,0.22854548692703247,-0.01806,0.75372,0.0,0.02061,0.01577,-0.11947,0.1665,0.00018,0.5,0.425,0.0225,0.0125,0.065,0.4561790898850397,0.6699029126213593,0.4358974358974359,0.4,0.5487804878048781,0.3582089552238806
732,1499136,5692.9,263,0.10220799595117569,0.6689453124999999,0.8500000000000002,0.2280643880367279,-0.01809,0.36223,0.0,0.02145,0.00978,-0.1225,0.1124,0.00027,0.5025,0.4225,0.0225,0.0125,0.065,0.4579098457349103,0.6666666666666666,0.45454545454545453,0.4,0.5581395348837209,0.3384615384615385
733,1501184,5700.1,263,0.027715422213077545,0.6689941406249998,0.8000000000000002,0.22685471177101135,-0.01923,0.51503,0.0,0.01944,0.01488,-0.13014,0.14697,0.00027,0.4975,0.4325,0.025,0.0125,0.06,0.45520802306743163,0.6699029126213593,0.45569620253164556,0.38571428571428573,0.5421686746987951,0.3384615384615385
734,1503232,5707.1,263,0.010036960244178772,0.6581542968749999,0.8000000000000002,0.22624081373214722,-0.02062,0.74286,0.0,0.02095,0.01292,-0.13818,0.13779,0.00027,0.4975,0.435,0.025,0.0125,0.0575,0.4493610551184121,0.6601941747572816,0.425,0.4,0.5542168674698795,0.3559322033898305
735,1505280,5714.5,263,0.09943640977144241,0.6558105468749998,0.8000000000000002,0.22576457262039185,-0.02067,0.51381,0.0,0.02248,0.0135,-0.14271,0.15254,0.00027,0.5025,0.43,0.025,0.01,0.06,0.45216249507347284,0.6666666666666666,0.45,0.4,0.5697674418604651,0.3333333333333333
736,1507328,5721.8,263,0.0635882019996643,0.6547363281249998,0.8000000000000002,0.2255786657333374,-0.0202,0.60186,0.0,0.0211,0.01554,-0.14653,0.15127,0.00018,0.5,0.44,0.025,0.0075,0.055,0.4484080477317542,0.6435643564356436,0.43209876543209874,0.4,0.6022727272727273,0.31666666666666665
737,1509376,5729.5,263,0.05507371574640274,0.6572265624999999,0.8500000000000002,0.22558704018592834,-0.01913,0.38553,0.0,0.01812,0.01032,-0.14669,0.11973,0.00027,0.5075,0.435,0.025,0.0075,0.0525,0.45508741655891005,0.64,0.43209876543209874,0.3787878787878788,0.6195652173913043,0.36065573770491804
738,1511424,5737.2,263,0.030618658289313316,0.6518066406249998,0.8500000000000002,0.22543467581272125,-0.02101,0.59886,0.0,0.02204,0.01698,-0.14719,0.18574,0.00018,0.5025,0.4425,0.0225,0.0075,0.05,0.45256074593508516,0.6530612244897959,0.40476190476190477,0.391304347826087,0.6162790697674418,0.36507936507936506
739,1513472,5744.9,263,0.09893232583999634,0.6534423828124999,0.8500000000000002,0.22542917728424072,-0.02202,0.69,0.0,0.02382,0.01387,-0.14754,0.13301,0.00018,0.505,0.44,0.0225,0.0075,0.05,0.45442489622413307,0.6262626262626263,0.4044943820224719,0.40298507462686567,0.627906976744186,0.3898305084745763
740,1515520,5752.1,263,0.011622999794781208,0.6472900390624998,0.8499999999999999,0.22525015473365784,-0.01672,0.85583,0.0,0.02414,0.0113,-0.14823,0.11338,0.00027,0.505,0.4475,0.02,0.0075,0.0425,0.45357929195909025,0.6020408163265306,0.4111111111111111,0.417910447761194,0.6428571428571429,0.39344262295081966
741,1517568,5760.3,263,0.10304728895425797,0.6390380859374999,0.8499999999999999,0.22545617818832397,-0.02021,0.47587,0.0,0.02419,0.0169,-0.14827,0.16416,0.00018,0.5125,0.4375,0.02,0.0075,0.045,0.4628609385079638,0.6020408163265306,0.43333333333333335,0.4153846153846154,0.6470588235294118,0.4032258064516129
742,1519616,5769.1,263,0.07882694900035858,0.6341064453124998,0.8500000000000002,0.22568532824516296,-0.01936,0.61378,0.0,0.03168,0.01392,-0.14662,0.15244,0.00018,0.495,0.46,0.02,0.0075,0.04,0.44562243124485407,0.6105263157894737,0.41836734693877553,0.417910447761194,0.625,0.35
743,1521664,5776.5,263,0.07073117792606354,0.6360351562499998,0.8500000000000002,0.22597108781337738,-0.02056,0.55632,0.0,0.025,0.01195,-0.1444,0.14824,0.00027,0.5075,0.4475,0.0175,0.0075,0.04,0.4549571216477679,0.6185567010309279,0.42105263157894735,0.4492753623188406,0.6296296296296297,0.3620689655172414
744,1523712,5784.2,263,0.04597751051187515,0.6293701171874999,0.8500000000000002,0.2264702022075653,-0.02026,0.65576,0.0,0.02942,0.01625,-0.14134,0.16133,0.00018,0.5025,0.4575,0.0175,0.0075,0.035,0.45395281385486524,0.6344086021505376,0.41237113402061853,0.4411764705882353,0.6144578313253012,0.3559322033898305
745,1525760,5790.9,263,0.04472547397017479,0.6167480468749997,0.8000000000000002,0.22634825110435486,-0.01742,0.73276,0.0,0.03289,0.01296,-0.13877,0.14053,0.00027,0.495,0.4625,0.0175,0.0075,0.0375,0.4470157854635902,0.6590909090909091,0.3979591836734694,0.4166666666666667,0.6144578313253012,0.3389830508474576
746,1527808,5798.4,263,0.08841443061828613,0.6180664062499999,0.7999999999999998,0.22580909729003906,-0.02272,0.50036,0.0,0.02792,0.0181,-0.14135,0.18008,0.00012,0.4975,0.4525,0.0175,0.0075,0.045,0.4522543844446805,0.6666666666666666,0.40816326530612246,0.38028169014084506,0.6235294117647059,0.3559322033898305
747,1529856,5805.8,264,0.07041797786951065,0.6277099609374999,0.8000000000000002,0.22537446022033691,-0.01486,0.41254,0.0,0.03216,0.00915,-0.14602,0.11084,0.00018,0.495,0.4525,0.0175,0.0075,0.0475,0.4495970705820371,0.6470588235294118,0.42424242424242425,0.3698630136986301,0.6385542168674698,0.35
748,1531904,5812.9,264,0.07061783969402313,0.6324951171874998,0.7999999999999998,0.22512635588645935,-0.02238,0.27703,0.0,0.02469,0.01275,-0.14904,0.15361,0.00027,0.5025,0.4475,0.015,0.0075,0.045,0.45430222971615036,0.6547619047619048,0.43,0.3698630136986301,0.6626506024096386,0.35
749,1533952,5820.6,264,0.08681128174066544,0.6394775390624998,0.7999999999999998,0.22452476620674133,-0.01418,0.65598,0.0,0.02307,0.01443,-0.15243,0.15479,0.00027,0.51,0.4325,0.015,0.0075,0.05,0.4594565305190684,0.6404494382022472,0.4329896907216495,0.3783783783783784,0.7073170731707317,0.3275862068965517
750,1536000,5828.4,264,0.019819390028715134,0.6406249999999999,0.8499999999999999,0.22415392100811005,-0.01804,0.64359,0.0,0.02539,0.01479,-0.15736,0.1626,0.00018,0.495,0.4475,0.0175,0.0075,0.05,0.4429365664208569,0.6206896551724138,0.4166666666666667,0.38961038961038963,0.6829268292682927,0.3103448275862069
751,1538048,5836.0,264,0.017218399792909622,0.6295410156249999,0.8000000000000002,0.2240123301744461,-0.01693,0.72146,0.0,0.02811,0.00845,-0.15947,0.09785,0.00027,0.4925,0.44,0.0175,0.0125,0.055,0.44421232230146074,0.6292134831460674,0.422680412371134,0.3918918918918919,0.654320987654321,0.3050847457627119
752,1540096,5843.9,264,0.039220623672008514,0.6156982421874999,0.7999999999999998,0.22387292981147766,-0.02065,0.72185,0.0,0.03217,0.01583,-0.16095,0.17637,0.00012,0.485,0.4475,0.0175,0.0125,0.055,0.4393199328247506,0.6086956521739131,0.41414141414141414,0.4084507042253521,0.6265060240963856,0.2909090909090909
753,1542144,5851.9,264,0.06925270706415176,0.6007568359375,0.7999999999999998,0.22389492392539978,-0.0172,0.60937,0.0,0.02936,0.01062,-0.1612,0.12441,0.00018,0.485,0.445,0.015,0.0125,0.0575,0.44013806905176284,0.6063829787234043,0.4166666666666667,0.4166666666666667,0.6125,0.3103448275862069
754,1544192,5859.6,264,0.08790621906518936,0.6062744140624998,0.8000000000000002,0.2235608845949173,-0.01871,0.46279,0.0,0.024,0.01087,-0.16206,0.12744,0.00027,0.4775,0.45,0.015,0.0125,0.06,0.4332845209419853,0.6060606060606061,0.43157894736842106,0.40789473684210525,0.5972222222222222,0.27586206896551724
755,1546240,5867.3,264,0.08014114946126938,0.6105957031249998,0.8000000000000002,0.22384613752365112,-0.02392,0.65174,0.0,0.02413,0.01537,-0.16301,0.16592,0.00012,0.49,0.435,0.015,0.01,0.065,0.44531852042996534,0.6082474226804123,0.4479166666666667,0.44,0.6,0.2807017543859649
756,1548288,5874.4,264,0.015359325334429741,0.6074218749999998,0.8000000000000002,0.2238500714302063,-0.01562,0.55759,0.0,0.02406,0.00847,-0.16122,0.10391,0.00018,0.4775,0.45,0.0175,0.01,0.0625,0.4332306771361786,0.6041666666666666,0.4148936170212766,0.42857142857142855,0.6,0.27586206896551724
757,1550336,5881.8,264,0.040140923112630844,0.6011474609374998,0.8000000000000002,0.22401125729084015,-0.01794,0.53302,0.0,0.02314,0.0114,-0.16093,0.12334,0.00027,0.49,0.4425,0.0225,0.01,0.0575,0.439128840433618,0.6210526315789474,0.42696629213483145,0.4444444444444444,0.5949367088607594,0.2857142857142857
758,1552384,5890.1,264,0.07129880785942078,0.5992187499999999,0.8000000000000002,0.22437778115272522,-0.01942,0.59504,0.0,0.02395,0.01871,-0.15809,0.18447,0.00012,0.485,0.45,0.0225,0.01,0.055,0.43318144175313267,0.61,0.41379310344827586,0.43902439024390244,0.6,0.2857142857142857
759,1554432,5897.7,264,0.07170173525810242,0.5986816406249998,0.8499999999999999,0.22436213493347168,-0.01665,0.76582,0.0,0.02081,0.01038,-0.1564,0.13379,0.00018,0.49,0.445,0.0225,0.01,0.055,0.4339091335829237,0.6060606060606061,0.425,0.4634146341463415,0.5802469135802469,0.29310344827586204
760,1556480,5904.8,264,0.08548861742019653,0.5990478515624998,0.8500000000000002,0.2240697145462036,-0.01999,0.51191,0.0,0.01989,0.01088,-0.15739,0.12998,0.00027,0.4875,0.445,0.025,0.01,0.0575,0.43443106304714246,0.6082474226804123,0.41333333333333333,0.46511627906976744,0.5853658536585366,0.2833333333333333
761,1558528,5912.1,264,0.08871804177761078,0.6058105468749999,0.8499999999999999,0.22392286360263824,-0.02649,0.45883,0.0,0.02139,0.01853,-0.16001,0.17881,0.00012,0.4975,0.4375,0.03,0.01,0.055,0.4437296459568658,0.6210526315789474,0.4520547945205479,0.45977011494252873,0.5903614457831325,0.2903225806451613
762,1560576,5919.8,264,0.048551443964242935,0.6028808593749999,0.8000000000000002,0.2236844003200531,-0.01692,0.59051,0.0,0.02176,0.01042,-0.16135,0.12598,0.00018,0.505,0.4325,0.0275,0.0075,0.055,0.44994733771457646,0.6161616161616161,0.4594594594594595,0.4819277108433735,0.5853658536585366,0.3064516129032258
763,1562624,5927.8,264,0.08405669033527374,0.6034179687499999,0.8000000000000002,0.2237548530101776,-0.0195,0.60924,0.0,0.02365,0.01122,-0.16227,0.13066,0.00027,0.505,0.4325,0.0275,0.0075,0.055,0.4510650287145552,0.6153846153846154,0.44594594594594594,0.5,0.5625,0.31666666666666665
764,1564672,5936.7,264,0.09957028925418854,0.6093505859374999,0.8000000000000002,0.22311967611312866,-0.02233,0.63987,0.0,0.01961,0.01458,-0.16374,0.16348,0.00018,0.505,0.4325,0.03,0.0075,0.055,0.44729076097231973,0.6226415094339622,0.42857142857142855,0.5060240963855421,0.5542168674698795,0.3103448275862069
765,1566720,5945.3,264,0.16226448118686676,0.6221679687499999,0.8499999999999999,0.22283786535263062,-0.01746,0.52674,0.0,0.02428,0.01117,-0.16902,0.13623,0.00027,0.51,0.43,0.03,0.0075,0.0525,0.4496317626540199,0.6568627450980392,0.4166666666666667,0.5,0.5301204819277109,0.3508771929824561
766,1568768,5953.7,263,0.14573588967323303,0.6330566406249999,0.8000000000000002,0.22303229570388794,-0.02105,0.50614,0.0,0.02301,0.01504,-0.16911,0.17256,0.00027,0.525,0.415,0.03,0.0075,0.0525,0.4684793326931876,0.6764705882352942,0.44,0.5,0.5529411764705883,0.3620689655172414
767,1570816,5961.3,264,0.09479698538780212,0.6451660156249999,0.7999999999999998,0.22271490097045898,-0.02145,0.44208,0.0,0.02548,0.01647,-0.16931,0.16826,0.00018,0.5425,0.41,0.03,0.0025,0.045,0.48618236286587563,0.6981132075471698,0.4520547945205479,0.4819277108433735,0.5882352941176471,0.37735849056603776
768,1572864,5968.5,264,0.035344213247299194,0.6485107421874998,0.7999999999999998,0.2226448357105255,-0.01898,0.43655,0.0,0.02453,0.01151,-0.17096,0.11738,0.00027,0.5475,0.405,0.0325,0.0025,0.045,0.4885562171335198,0.6923076923076923,0.4507042253521127,0.5,0.5888888888888889,0.4
769,1574912,5976.4,264,0.06496942788362503,0.6483398437499999,0.7999999999999998,0.22277957201004028,-0.02161,0.65294,0.0,0.02525,0.01698,-0.17099,0.17842,0.00018,0.555,0.3925,0.0325,0.0025,0.05,0.49366330079031473,0.7184466019417476,0.43478260869565216,0.5,0.6022727272727273,0.40384615384615385
770,1576960,5984.3,264,0.07422300428152084,0.6477783203124998,0.8000000000000002,0.22278672456741333,-0.01956,0.75212,0.0,0.02301,0.01289,-0.16979,0.14531,0.00012,0.555,0.3975,0.0325,0.0025,0.045,0.4937452427057744,0.7272727272727273,0.4393939393939394,0.4942528735632184,0.5913978494623656,0.41818181818181815
771,1579008,5991.8,264,0.02909335494041443,0.6505615234375,0.8000000000000002,0.2227024883031845,-0.01502,0.47677,0.0,0.02326,0.00913,-0.17049,0.10732,0.00018,0.555,0.4025,0.0325,0.0025,0.04,0.4934553212637762,0.7373737373737373,0.44776119402985076,0.4942528735632184,0.5760869565217391,0.41818181818181815
772,1581056,5998.7,264,0.034559592604637146,0.6491943359374999,0.8499999999999999,0.22278554737567902,-0.01931,0.69074,0.0,0.02067,0.01102,-0.17064,0.13408,0.00027,0.5525,0.4075,0.0325,0.0025,0.0375,0.48914470630252355,0.7272727272727273,0.4626865671641791,0.4823529411764706,0.5760869565217391,0.42105263157894735
773,1583104,6006.0,264,-0.0008453798945993185,0.6456787109375,0.8499999999999999,0.22319048643112183,-0.0206,0.39003,0.0,0.01999,0.01723,-0.1681,0.16689,0.00012,0.5475,0.41,0.035,0.005,0.0375,0.4839658230655436,0.7128712871287128,0.47761194029850745,0.47674418604651164,0.5652173913043478,0.4074074074074074
774,1585152,6013.8,264,0.12817248702049255,0.6509033203124999,0.8499999999999999,0.22350573539733887,-0.01824,0.45394,0.0,0.01971,0.00918,-0.16529,0.104,0.00027,0.5675,0.39,0.0275,0.005,0.0375,0.5000498918706842,0.7244897959183674,0.5285714285714286,0.5227272727272727,0.5714285714285714,0.39622641509433965
775,1587200,6020.9,264,0.01833915337920189,0.6554687499999998,0.8499999999999999,0.22336941957473755,-0.02088,0.46935,0.0,0.01981,0.01739,-0.16329,0.15107,0.00018,0.5625,0.3875,0.0275,0.005,0.045,0.49836015165664926,0.7425742574257426,0.5428571428571428,0.5119047619047619,0.532608695652174,0.37735849056603776
776,1589248,6028.5,264,0.07512873411178589,0.6541748046874999,0.8499999999999999,0.22348695993423462,-0.02174,0.35721,0.0,0.0257,0.01297,-0.16444,0.14941,0.00012,0.56,0.3825,0.0275,0.0075,0.05,0.4998472222495491,0.7422680412371134,0.5735294117647058,0.47126436781609193,0.53125,0.40384615384615385
777,1591296,6036.6,264,0.10186076909303665,0.65654296875,0.8500000000000002,0.22353452444076538,-0.01418,0.59991,0.0,0.02477,0.00899,-0.16324,0.11074,0.00018,0.56,0.38,0.025,0.0075,0.0525,0.5025859326745986,0.7272727272727273,0.5882352941176471,0.45454545454545453,0.5306122448979592,0.425531914893617
778,1593344,6043.9,264,0.10445122420787811,0.6632324218749999,0.8499999999999999,0.2237524688243866,-0.02068,0.36155,0.0,0.02291,0.01257,-0.16252,0.13623,0.00018,0.565,0.37,0.02,0.01,0.055,0.5040531917586999,0.7156862745098039,0.5833333333333334,0.4523809523809524,0.5463917525773195,0.4444444444444444
779,1595392,6051.6,264,0.0916227474808693,0.6700927734375,0.8499999999999999,0.2237650752067566,-0.01904,0.59916,0.0,0.02253,0.01071,-0.16087,0.125,0.00027,0.57,0.3675,0.0175,0.0125,0.05,0.5088735266588227,0.7129629629629629,0.5915492957746479,0.4567901234567901,0.5510204081632653,0.42857142857142855
780,1597440,6059.0,264,0.07546533644199371,0.6724609374999999,0.8499999999999999,0.22349929809570312,-0.02031,0.4958,0.0,0.0231,0.01755,-0.16203,0.1833,0.00012,0.5675,0.3675,0.015,0.0125,0.0525,0.5054686193654833,0.7184466019417476,0.5857142857142857,0.45348837209302323,0.5729166666666666,0.4
781,1599488,6067.8,264,0.13188663125038147,0.6763671874999999,0.8999999999999999,0.22332918643951416,-0.01638,0.49841,0.0,0.01986,0.01007,-0.16407,0.11182,0.00018,0.5775,0.365,0.0175,0.0125,0.045,0.5124071878407193,0.7244897959183674,0.6111111111111112,0.47058823529411764,0.59,0.37777777777777777
782,1601536,6076.8,264,0.16388368606567383,0.6895751953125,0.8999999999999999,0.22312089800834656,-0.02223,0.50929,0.0,0.02042,0.01389,-0.166,0.16582,0.00018,0.5875,0.3575,0.015,0.0125,0.0425,0.52908071694959,0.7272727272727273,0.618421052631579,0.4939759036144578,0.5957446808510638,0.3958333333333333
783,1603584,6085.3,264,0.046061862260103226,0.6912597656249999,0.8999999999999999,0.2232550084590912,-0.02155,0.54866,0.0,0.0217,0.014,-0.16645,0.17334,0.00018,0.575,0.3725,0.02,0.0125,0.04,0.518048263505868,0.7156862745098039,0.6266666666666667,0.4878048780487805,0.5824175824175825,0.34
784,1605632,6092.8,264,0.01941877044737339,0.6874023437499999,0.8999999999999999,0.2234867662191391,-0.0188,0.58942,0.0,0.02123,0.01171,-0.16509,0.1165,0.00027,0.5525,0.3875,0.0175,0.0125,0.0475,0.49762966759330324,0.7058823529411765,0.5679012345679012,0.4642857142857143,0.5595238095238095,0.3469387755102041
785,1607680,6100.8,264,0.026451867073774338,0.6785888671874999,0.8999999999999999,0.2234472930431366,-0.0205,0.62718,0.0,0.02045,0.01529,-0.16359,0.15088,0.00018,0.5375,0.395,0.0175,0.015,0.0525,0.48214674768899635,0.6836734693877551,0.5432098765432098,0.47058823529411764,0.5595238095238095,0.3269230769230769
786,1609728,6108.2,264,0.04706782475113869,0.6692138671874999,0.8499999999999999,0.22318971157073975,-0.02236,0.50207,0.0,0.02038,0.0145,-0.16583,0.15078,0.00018,0.5375,0.3925,0.0125,0.0175,0.0525,0.4842899044222511,0.6836734693877551,0.5421686746987951,0.47191011235955055,0.5641025641025641,0.3269230769230769
787,1611776,6115.5,264,0.09444871544837952,0.6751220703124998,0.8499999999999999,0.22288741171360016,-0.02013,0.31986,0.0,0.02045,0.01136,-0.16806,0.1293,0.00027,0.55,0.38,0.0125,0.02,0.05,0.4946119165719851,0.7083333333333334,0.5476190476190477,0.4939759036144578,0.5783132530120482,0.3148148148148148
788,1613824,6123.5,264,0.07030750811100006,0.6832519531249999,0.8499999999999999,0.22310081124305725,-0.02238,0.32064,0.0,0.02336,0.01868,-0.16902,0.19922,0.00012,0.555,0.3725,0.015,0.0175,0.055,0.49830007069174725,0.723404255319149,0.5697674418604651,0.4819277108433735,0.5975609756097561,0.2909090909090909
789,1615872,6132.0,264,0.05381795018911362,0.68359375,0.8500000000000002,0.2229117453098297,-0.01791,0.37244,0.0,0.0251,0.00924,-0.16805,0.10713,0.00018,0.5475,0.38,0.02,0.0175,0.055,0.4941208445974726,0.7127659574468085,0.5862068965517241,0.47058823529411764,0.5769230769230769,0.2857142857142857
790,1617920,6139.3,264,0.05849014222621918,0.6852050781249999,0.8500000000000002,0.2226332426071167,-0.01781,0.34474,0.0,0.02288,0.0095,-0.1708,0.11387,0.00027,0.5525,0.375,0.02,0.0175,0.055,0.49667497844967967,0.717391304347826,0.5955056179775281,0.47619047619047616,0.5949367088607594,0.26785714285714285
791,1619968,6145.8,264,0.019035447388887405,0.6876220703124999,0.8500000000000002,0.22218367457389832,-0.01626,0.13272,0.0,0.01949,0.01439,-0.17298,0.17373,0.00027,0.555,0.3725,0.0225,0.0175,0.055,0.4998030966469959,0.7127659574468085,0.6022727272727273,0.4819277108433735,0.5875,0.2727272727272727
792,1622016,6152.8,264,0.02361072227358818,0.6897705078124999,0.8999999999999999,0.22204957902431488,-0.01985,0.51691,0.0,0.026,0.01494,-0.17678,0.154,0.00018,0.5525,0.3675,0.0225,0.0175,0.0625,0.4970893245183987,0.7216494845360825,0.5862068965517241,0.4691358024691358,0.5949367088607594,0.26785714285714285
793,1624064,6161.0,264,0.04200443625450134,0.6869628906249998,0.8500000000000002,0.22209548950195312,-0.01667,0.49654,0.0,0.02573,0.00904,-0.17638,0.10205,0.00027,0.5425,0.37,0.0225,0.015,0.0725,0.48907003621209677,0.7373737373737373,0.5568181818181818,0.43037974683544306,0.5974025974025974,0.2631578947368421
794,1626112,6168.5,264,0.03613975644111633,0.6817626953124998,0.8500000000000002,0.22237056493759155,-0.01834,0.42643,0.0,0.02622,0.01401,-0.17517,0.14492,0.00018,0.535,0.3725,0.0225,0.0175,0.075,0.4824268977377567,0.7326732673267327,0.5393258426966292,0.42105263157894735,0.5769230769230769,0.26785714285714285
795,1628160,6176.7,264,0.09819428622722626,0.6833984374999997,0.8500000000000002,0.2221028208732605,-0.02065,0.48072,0.0,0.03095,0.00986,-0.17416,0.11436,0.00027,0.5425,0.37,0.025,0.015,0.0725,0.4851894440422987,0.7346938775510204,0.5543478260869565,0.44155844155844154,0.5789473684210527,0.2807017543859649
796,1630208,6184.6,264,0.07334486395120621,0.6909423828125,0.8500000000000002,0.22179460525512695,-0.01891,0.42438,0.0,0.02674,0.01768,-0.17728,0.17002,0.00012,0.5525,0.365,0.0275,0.015,0.0675,0.49416085334206356,0.7373737373737373,0.5567010309278351,0.4594594594594595,0.5833333333333334,0.3103448275862069
797,1632256,6193.3,264,0.05019327253103256,0.693994140625,0.8999999999999999,0.22202041745185852,-0.01853,0.39667,0.0,0.027,0.00958,-0.17795,0.11279,0.00027,0.55,0.3725,0.03,0.015,0.0625,0.4905540673732745,0.7272727272727273,0.5520833333333334,0.4794520547945205,0.5774647887323944,0.3114754098360656
798,1634304,6200.7,264,0.024389857426285744,0.69375,0.8500000000000002,0.22171932458877563,-0.01858,0.41919,0.0,0.02879,0.01305,-0.17699,0.13633,0.00027,0.545,0.375,0.0325,0.015,0.065,0.48682608490644524,0.75,0.5306122448979592,0.4722222222222222,0.5571428571428572,0.328125
799,1636352,6208.2,264,0.07985212653875351,0.6947021484374999,0.8500000000000002,0.221745565533638,-0.01929,0.26194,0.0,0.02332,0.01632,-0.17967,0.15537,0.00012,0.5425,0.375,0.035,0.01,0.0725,0.4839380996870251,0.7311827956989247,0.5154639175257731,0.5068493150684932,0.5652173913043478,0.3382352941176471
800,1638400,6216.1,264,0.014195045456290245,0.6948486328124999,0.8500000000000002,0.22168931365013123,-0.01709,0.3906,0.0,0.02727,0.00945,-0.17952,0.11416,0.00018,0.5375,0.38,0.0375,0.01,0.0725,0.4797778143787227,0.7391304347826086,0.5050505050505051,0.5,0.5362318840579711,0.3484848484848485
801,1640448,6223.0,264,0.043795499950647354,0.6933593749999999,0.8500000000000002,0.22145378589630127,-0.02112,0.41103,0.0,0.02611,0.01032,-0.18077,0.11719,0.00027,0.535,0.38,0.04,0.01,0.075,0.47774126332720857,0.7311827956989247,0.51,0.5066666666666667,0.5147058823529411,0.34375
802,1642496,6230.5,264,0.05112922936677933,0.6958740234374998,0.8500000000000002,0.22078029811382294,-0.0177,0.3344,0.0,0.02008,0.01481,-0.1845,0.16543,0.00027,0.5275,0.3825,0.0425,0.01,0.08,0.47104648436379093,0.7263157894736842,0.5098039215686274,0.5,0.47619047619047616,0.3484848484848485
803,1644544,6237.7,264,0.08711297810077667,0.7013183593749999,0.8499999999999999,0.2199835181236267,-0.01813,0.24183,0.0,0.02257,0.01519,-0.19133,0.17061,0.00027,0.5325,0.3775,0.045,0.01,0.08,0.47348871418772354,0.7326732673267327,0.5,0.5,0.47619047619047616,0.359375
804,1646592,6244.6,264,0.009205641224980354,0.7048095703124999,0.8499999999999999,0.21906918287277222,-0.01665,0.25531,0.0,0.01832,0.01369,-0.19863,0.14805,0.0004,0.535,0.375,0.0425,0.01,0.08,0.4763501391059137,0.7352941176470589,0.5,0.5,0.4838709677419355,0.359375
805,1648640,6251.6,264,0.023666292428970337,0.7061279296874998,0.8500000000000002,0.21887661516666412,-0.02053,0.27577,0.0,0.01959,0.01755,-0.20542,0.19316,0.00012,0.525,0.38,0.0475,0.01,0.085,0.4634804883839472,0.7227722772277227,0.494949494949495,0.4931506849315068,0.47619047619047616,0.34375
806,1650688,6258.3,264,0.02977174147963524,0.7077636718749999,0.8500000000000002,0.21868667006492615,-0.0121,0.23161,0.0,0.02181,0.00977,-0.20611,0.11123,0.00018,0.5225,0.375,0.05,0.0125,0.09,0.4577115418748873,0.7244897959183674,0.5,0.47368421052631576,0.47692307692307695,0.35384615384615387
807,1652736,6265.7,264,0.056346990168094635,0.7152587890625,0.8500000000000002,0.2185242474079132,-0.01861,0.29671,0.0,0.02398,0.01163,-0.20786,0.13037,0.00027,0.5225,0.365,0.0475,0.0125,0.1,0.4544537001811744,0.7244897959183674,0.5157894736842106,0.45,0.484375,0.3492063492063492
808,1654784,6273.1,264,0.05491989105939865,0.7156494140624999,0.8500000000000002,0.21806836128234863,-0.02195,0.54988,0.0,0.02946,0.01415,-0.21001,0.15166,0.00027,0.525,0.3675,0.045,0.0125,0.095,0.45691805139433994,0.7252747252747253,0.5157894736842106,0.45348837209302323,0.4925373134328358,0.3770491803278688
809,1656832,6280.5,264,0.06690787523984909,0.7171630859374999,0.8999999999999999,0.2175191044807434,-0.0213,0.39429,0.0,0.02615,0.02012,-0.21552,0.18359,0.00012,0.5375,0.355,0.045,0.0125,0.095,0.4658225772831639,0.7340425531914894,0.532608695652174,0.46987951807228917,0.5,0.3770491803278688
810,1658880,6288.2,264,0.04009217768907547,0.7127685546875,0.8999999999999999,0.21726888418197632,-0.01893,0.30698,0.0,0.02709,0.0123,-0.21882,0.12979,0.00012,0.535,0.36,0.0475,0.01,0.095,0.46308152833160876,0.7391304347826086,0.5543478260869565,0.4578313253012048,0.4857142857142857,0.36507936507936506
811,1660928,6295.8,264,0.09750061482191086,0.7157958984374999,0.8999999999999999,0.21687406301498413,-0.01744,0.6331,0.0,0.0288,0.00895,-0.22135,0.10508,0.00027,0.5475,0.3425,0.045,0.01,0.1,0.47140095401398197,0.7346938775510204,0.5698924731182796,0.47435897435897434,0.4927536231884058,0.3709677419354839
812,1662976,6303.0,264,0.0706091970205307,0.7183593749999999,0.8999999999999999,0.21642963588237762,-0.02378,0.39587,0.0,0.03149,0.01628,-0.22544,0.16738,0.00018,0.535,0.3525,0.0475,0.01,0.1025,0.4621454444651669,0.71875,0.5833333333333334,0.45,0.4492753623188406,0.3728813559322034
813,1665024,6310.9,264,0.06658244132995605,0.7190185546874999,0.8999999999999999,0.21589413285255432,-0.01755,0.31953,0.0,0.02747,0.0122,-0.22951,0.14609,0.00027,0.5375,0.355,0.0475,0.01,0.0975,0.46552317181931857,0.7127659574468085,0.574468085106383,0.475,0.4383561643835616,0.4067796610169492
814,1667072,6318.3,264,0.07820076495409012,0.7236572265625,0.9000000000000002,0.21575842797756195,-0.0246,0.37357,0.0,0.02768,0.01837,-0.23322,0.18398,0.00018,0.5425,0.3475,0.0425,0.01,0.1,0.46751475138312754,0.7319587628865979,0.5494505494505495,0.5,0.44155844155844154,0.40350877192982454
815,1669120,6325.1,264,0.04499509185552597,0.7221435546874999,0.9000000000000002,0.21537405252456665,-0.02045,0.27469,0.0,0.02621,0.01608,-0.23472,0.15488,0.00018,0.545,0.3425,0.0425,0.01,0.1025,0.46990828024698245,0.7319587628865979,0.5444444444444444,0.5,0.44871794871794873,0.42105263157894735
816,1671168,6332.3,264,0.040569551289081573,0.7268798828124999,0.8999999999999999,0.2148851454257965,-0.01687,0.39533,0.0,0.02658,0.01228,-0.23913,0.13799,0.00018,0.5425,0.35,0.0425,0.01,0.0975,0.46630720475959025,0.7244897959183674,0.5384615384615384,0.5125,0.44,0.4107142857142857
817,1673216,6340.9,264,0.04029262065887451,0.72802734375,0.8999999999999999,0.21496149897575378,-0.01868,0.20635,0.0,0.0213,0.01446,-0.24201,0.15576,0.00018,0.55,0.3425,0.0425,0.01,0.0975,0.4721005662572539,0.7291666666666666,0.5698924731182796,0.5189873417721519,0.43243243243243246,0.41379310344827586
818,1675264,6348.4,264,0.06332050263881683,0.7320556640624999,0.8999999999999999,0.21490103006362915,-0.01865,0.31038,0.0,0.02811,0.00954,-0.24121,0.09814,0.00027,0.5575,0.34,0.0425,0.01,0.0925,0.47907487696810364,0.7311827956989247,0.574468085106383,0.5256410256410257,0.44,0.45
819,1677312,6355.0,264,0.0031495820730924606,0.7330566406249999,0.8999999999999999,0.2144370973110199,-0.01971,0.263,0.0,0.02365,0.0182,-0.24421,0.19834,0.00018,0.555,0.345,0.0425,0.01,0.09,0.47784612632365636,0.7282608695652174,0.574468085106383,0.5394736842105263,0.4342105263157895,0.43548387096774194
820,1679360,6362.3,264,0.06325244158506393,0.7350830078124999,0.8999999999999999,0.2138405293226242,-0.02315,0.34855,0.0,0.02409,0.01748,-0.2483,0.18164,0.00012,0.56,0.335,0.0425,0.0075,0.0975,0.4813352151128455,0.7333333333333333,0.5684210526315789,0.5324675324675324,0.47297297297297297,0.4375
821,1681408,6370.3,264,0.046911537647247314,0.7378173828124999,0.8999999999999999,0.21347111463546753,-0.01938,0.51022,0.0,0.02454,0.01069,-0.25346,0.11133,0.00027,0.555,0.34,0.0425,0.0075,0.0975,0.4805879925913763,0.7472527472527473,0.5483870967741935,0.5256410256410257,0.4861111111111111,0.4090909090909091
822,1683456,6377.1,264,0.05386481061577797,0.7394775390624999,0.8999999999999999,0.21305285394191742,-0.02453,0.42899,0.0,0.02528,0.01846,-0.25673,0.1835,0.00018,0.555,0.3375,0.04,0.0075,0.1,0.48029797220342124,0.7391304347826086,0.5376344086021505,0.5375,0.49295774647887325,0.40625
823,1685504,6385.6,264,0.03248986601829529,0.7418457031249999,0.8999999999999999,0.21298664808273315,-0.01767,0.3348,0.0,0.02606,0.01425,-0.25939,0.17139,0.00027,0.55,0.3375,0.045,0.0075,0.105,0.4706266813659619,0.7282608695652174,0.5393258426966292,0.5487804878048781,0.49295774647887325,0.3787878787878788
824,1687552,6393.0,264,0.05968853458762169,0.74658203125,0.8999999999999999,0.21324262022972107,-0.02305,0.40988,0.0,0.03056,0.01927,-0.25832,0.17412,0.00012,0.5525,0.3325,0.04,0.01,0.105,0.4739595714569069,0.7282608695652174,0.5376344086021505,0.5542168674698795,0.4927536231884058,0.38095238095238093
825,1689600,6400.4,264,0.08102164417505264,0.75078125,0.8999999999999999,0.213223397731781,-0.0185,0.3652,0.0,0.03536,0.01363,-0.25672,0.12549,0.00012,0.5575,0.3275,0.0425,0.01,0.105,0.4778089550483966,0.7222222222222222,0.5789473684210527,0.5411764705882353,0.4927536231884058,0.3770491803278688
826,1691648,6407.8,264,0.045321665704250336,0.752734375,0.9000000000000002,0.2133566439151764,-0.01837,0.45229,0.0,0.03603,0.00865,-0.25654,0.10176,0.00018,0.555,0.335,0.04,0.01,0.1,0.4764288649204003,0.7252747252747253,0.5578947368421052,0.5465116279069767,0.4852941176470588,0.38333333333333336
827,1693696,6415.2,264,0.009248093701899052,0.7501708984375,0.8999999999999999,0.21355928480625153,-0.01856,0.47027,0.0,0.03272,0.01095,-0.25512,0.11299,0.00018,0.555,0.335,0.0375,0.0125,0.0975,0.47420141650002046,0.7191011235955056,0.5510204081632653,0.5764705882352941,0.48484848484848486,0.3709677419354839
828,1695744,6423.3,264,0.04937265068292618,0.7455078125,0.8999999999999999,0.21372641623020172,-0.01745,0.38385,0.0,0.02917,0.01007,-0.25292,0.11855,0.00027,0.555,0.335,0.0375,0.0125,0.0975,0.47581223060511435,0.7444444444444445,0.53125,0.5764705882352941,0.47058823529411764,0.3770491803278688
829,1697792,6430.6,264,0.020916787907481194,0.750927734375,0.8999999999999999,0.21379244327545166,-0.02478,0.16548,0.0,0.02863,0.01813,-0.25177,0.19141,0.00018,0.5575,0.33,0.0375,0.0125,0.1,0.4796435756001405,0.7415730337078652,0.5204081632653061,0.5930232558139535,0.4696969696969697,0.39344262295081966
830,1699840,6438.3,264,0.04338255524635315,0.7542236328125,0.8999999999999999,0.21375712752342224,-0.02116,0.27613,0.0,0.02706,0.01304,-0.25224,0.14248,0.00027,0.56,0.3225,0.035,0.0125,0.105,0.4805140475231396,0.7528089887640449,0.5360824742268041,0.5909090909090909,0.45454545454545453,0.38333333333333336
831,1701888,6445.9,264,0.016033146530389786,0.7599365234375,0.9000000000000002,0.21398262679576874,-0.02209,0.35207,0.0,0.02647,0.01653,-0.25121,0.16318,0.00012,0.5475,0.33,0.03,0.0125,0.11,0.47248461897589844,0.7317073170731707,0.5353535353535354,0.6,0.4411764705882353,0.36065573770491804
832,1703936,6453.5,264,0.050107162445783615,0.7544677734374999,0.9000000000000002,0.21380490064620972,-0.01854,0.25794,0.0,0.0287,0.00801,-0.2506,0.08154,0.00018,0.55,0.3375,0.03,0.01,0.1025,0.4776841975486218,0.7317073170731707,0.5242718446601942,0.6235294117647059,0.44776119402985076,0.36507936507936506
833,1705984,6461.2,264,0.09495499730110168,0.7623779296875,0.8999999999999999,0.2136363387107849,-0.0203,0.21797,0.0,0.03009,0.01416,-0.25278,0.13252,0.00012,0.55,0.34,0.03,0.01,0.1,0.48035321772348866,0.7375,0.5283018867924528,0.6219512195121951,0.45588235294117646,0.359375
834,1708032,6468.5,264,-0.0027057272382080555,0.7641845703125,0.8999999999999999,0.21357086300849915,-0.02291,0.26154,0.0,0.03038,0.01262,-0.25363,0.12383,0.00018,0.5525,0.3425,0.03,0.01,0.095,0.4829716830912371,0.7375,0.5135135135135135,0.6710526315789473,0.4507042253521127,0.3548387096774194
835,1710080,6476.5,264,0.07622829079627991,0.7623291015625,0.8999999999999999,0.2134552299976349,-0.02205,0.19785,0.0,0.02915,0.01483,-0.25469,0.16465,8e-05,0.555,0.34,0.0325,0.01,0.0975,0.48478421072190103,0.7380952380952381,0.5229357798165137,0.6619718309859155,0.4782608695652174,0.34328358208955223
836,1712128,6485.8,264,0.08073572814464569,0.7690429687499999,0.9000000000000002,0.2133566439151764,-0.0173,0.28711,0.0,0.02754,0.00879,-0.25552,0.09111,0.00018,0.565,0.33,0.0325,0.01,0.0975,0.49565363144057856,0.7317073170731707,0.5272727272727272,0.7027027027027027,0.47058823529411764,0.36363636363636365
837,1714176,6494.3,264,0.05112423002719879,0.7742919921875,0.95,0.21341049671173096,-0.01733,0.28233,0.0,0.0284,0.01324,-0.25614,0.14678,0.00018,0.56,0.3275,0.03,0.01,0.105,0.49067572138046933,0.7108433734939759,0.5327102803738317,0.7066666666666667,0.4492753623188406,0.36363636363636365
838,1716224,6501.5,264,0.015187670476734638,0.7760498046875,0.9000000000000002,0.21357786655426025,-0.01898,0.48625,0.0,0.03023,0.01331,-0.25533,0.13174,0.00018,0.555,0.3325,0.035,0.0075,0.1075,0.4886575018841117,0.7195121951219512,0.5392156862745098,0.6973684210526315,0.4507042253521127,0.3333333333333333
839,1718272,6508.8,264,0.06169314309954643,0.7742675781249999,0.95,0.2137933075428009,-0.02039,0.32919,0.0,0.03238,0.01771,-0.25285,0.171,8e-05,0.5575,0.335,0.035,0.0075,0.1025,0.49023119293960227,0.7349397590361446,0.5392156862745098,0.6933333333333334,0.45714285714285713,0.32857142857142857
840,1720320,6517.2,264,0.08054105192422867,0.7773681640624999,0.95,0.21389512717723846,-0.01325,0.31133,0.0,0.02988,0.00715,-0.25164,0.08701,0.00018,0.565,0.3325,0.035,0.005,0.1,0.4944872283100388,0.7349397590361446,0.5306122448979592,0.7012987012987013,0.4852941176470588,0.35135135135135137
841,1722368,6526.0,264,0.05795302987098694,0.7822265624999999,0.95,0.2140401303768158,-0.01485,0.20943,0.0,0.03207,0.0108,-0.25069,0.11992,0.00027,0.555,0.3375,0.0375,0.005,0.105,0.4882829894325094,0.7108433734939759,0.5294117647058824,0.6753246753246753,0.49230769230769234,0.3424657534246575
842,1724416,6534.4,264,0.09408389776945114,0.780615234375,0.95,0.21418482065200806,-0.01965,0.47164,0.0,0.03328,0.01618,-0.24946,0.17832,0.00018,0.5525,0.3425,0.0425,0.005,0.1025,0.49063713187663693,0.6904761904761905,0.5436893203883495,0.6455696202531646,0.48333333333333334,0.36486486486486486
843,1726464,6542.4,264,0.10139434039592743,0.7851806640624999,0.95,0.21441230177879333,-0.0161,0.5763,0.0,0.03021,0.01247,-0.24769,0.14316,0.00027,0.5575,0.34,0.04,0.005,0.1,0.4974340977100381,0.7176470588235294,0.5306122448979592,0.65,0.49206349206349204,0.36486486486486486
844,1728512,6551.0,264,0.054910436272621155,0.7917480468749999,0.9500000000000003,0.21428823471069336,-0.01649,0.35174,0.0,0.02842,0.0151,-0.24639,0.15557,0.00027,0.5525,0.3425,0.0425,0.005,0.1025,0.49477431683791145,0.7241379310344828,0.5157894736842106,0.6375,0.5076923076923077,0.3424657534246575
845,1730560,6560.1,264,0.05702057480812073,0.79560546875,0.95,0.21411795914173126,-0.0149,0.24532,0.0,0.02437,0.01191,-0.2483,0.12949,0.0004,0.5625,0.3425,0.04,0.005,0.0925,0.5024633577886305,0.75,0.5368421052631579,0.6341463414634146,0.484375,0.352112676056338
846,1732608,6567.9,264,0.03771262615919113,0.795703125,0.95,0.21407285332679749,-0.02152,0.37457,0.0,0.02282,0.0193,-0.2495,0.18057,0.00018,0.555,0.345,0.04,0.005,0.0975,0.49753720730089895,0.7294117647058823,0.5416666666666666,0.6419753086419753,0.47692307692307695,0.3424657534246575
847,1734656,6576.2,264,0.10948438942432404,0.805322265625,1.0,0.21371214091777802,-0.01772,0.43631,0.0,0.02482,0.01022,-0.25086,0.11631,0.00027,0.57,0.3325,0.04,0.005,0.095,0.507926846566577,0.7386363636363636,0.5638297872340425,0.6625,0.47692307692307695,0.3561643835616438
848,1736704,6587.7,264,0.030857916921377182,0.811083984375,1.0,0.21380627155303955,-0.02177,0.19795,0.0,0.0253,0.01433,-0.25396,0.14648,0.00018,0.5675,0.335,0.04,0.0075,0.0925,0.5075510978636532,0.75,0.5591397849462365,0.6375,0.46153846153846156,0.3783783783783784
849,1738752,6596.7,264,0.05966097116470337,0.8079833984375,1.0,0.21375885605812073,-0.02124,0.43247,0.0,0.0272,0.01473,-0.2528,0.13145,0.00012,0.57,0.34,0.0325,0.005,0.0875,0.5085329971054002,0.7674418604651163,0.5652173913043478,0.6172839506172839,0.46875,0.38961038961038963
850,1740800,6604.6,264,0.02379109524190426,0.8064941406249999,0.95,0.21385687589645386,-0.01835,0.24303,0.0,0.02454,0.01136,-0.25298,0.13887,0.00012,0.565,0.3425,0.035,0.0075,0.0875,0.5031714823317635,0.7701149425287356,0.532608695652174,0.6172839506172839,0.46875,0.39473684210526316
851,1742848,6612.8,264,0.043896932154893875,0.8040771484375,1.0,0.21381549537181854,-0.01801,0.42432,0.0,0.02457,0.00946,-0.2522,0.11289,0.00018,0.56,0.35,0.035,0.0075,0.085,0.4996083615827246,0.7752808988764045,0.4945054945054945,0.6153846153846154,0.47619047619047616,0.4050632911392405
852,1744896,6619.9,264,0.0651569664478302,0.8007324218749998,1.0,0.21357008814811707,-0.01742,0.28643,0.0,0.02745,0.01226,-0.25384,0.14004,0.00018,0.555,0.3425,0.035,0.005,0.1,0.4956599280857437,0.7840909090909091,0.5172413793103449,0.5641025641025641,0.4852941176470588,0.3924050632911392
853,1746944,6628.1,264,0.06261900812387466,0.7989746093750001,0.95,0.2133331000804901,-0.01703,0.38914,0.0,0.02543,0.01163,-0.25601,0.12705,0.00027,0.5625,0.3375,0.0325,0.005,0.0975,0.49801431636056315,0.782608695652174,0.5287356321839081,0.5394736842105263,0.5151515151515151,0.4050632911392405
854,1748992,6637.1,264,0.0596303790807724,0.8017089843749999,0.9500000000000003,0.21346943080425262,-0.01775,0.55135,0.0,0.02322,0.01952,-0.25695,0.20322,8e-05,0.5575,0.3425,0.04,0.0075,0.095,0.49287952169653965,0.7582417582417582,0.5568181818181818,0.5256410256410257,0.4925373134328358,0.40789473684210525
855,1751040,6645.4,263,0.040901072323322296,0.798388671875,0.9500000000000003,0.21365053951740265,-0.01003,0.62652,0.0,0.02387,0.00578,-0.25542,0.06992,0.00018,0.5475,0.3575,0.0425,0.0075,0.09,0.48483026356744047,0.75,0.5111111111111111,0.5,0.5223880597014925,0.41333333333333333
856,1753088,6653.1,263,0.07746003568172455,0.8013427734375,0.9500000000000003,0.21372821927070618,-0.0168,0.33239,0.0,0.0225,0.01449,-0.25353,0.15947,0.00018,0.56,0.345,0.0425,0.0075,0.09,0.4961674986383897,0.7659574468085106,0.5280898876404494,0.47435897435897434,0.5454545454545454,0.4383561643835616
857,1755136,6660.7,264,0.07139408588409424,0.8044921875,0.95,0.21388930082321167,-0.02052,0.22747,0.0,0.02058,0.0144,-0.25294,0.15254,0.00012,0.56,0.345,0.0425,0.0075,0.09,0.4984605439320895,0.7659574468085106,0.5393258426966292,0.47368421052631576,0.5441176470588235,0.4246575342465753
858,1757184,6668.5,264,0.008446495980024338,0.8042724609374999,0.95,0.214006245136261,-0.01653,0.34863,0.0,0.0187,0.01187,-0.25129,0.13037,0.00018,0.55,0.3525,0.0475,0.0075,0.0925,0.4889016441008305,0.7422680412371134,0.5121951219512195,0.4675324675324675,0.5588235294117647,0.42105263157894735
859,1759232,6676.3,264,0.013761341571807861,0.8044677734374999,0.95,0.2139488011598587,-0.01811,0.26433,0.0,0.02118,0.00934,-0.25115,0.11152,0.00027,0.5525,0.35,0.0475,0.01,0.09,0.4890330243309285,0.7346938775510204,0.5,0.47435897435897434,0.5757575757575758,0.4342105263157895
860,1761280,6683.8,264,0.014669876545667648,0.7973876953125,0.9500000000000003,0.21349956095218658,-0.01941,0.46149,0.0,0.02057,0.01436,-0.25323,0.13486,0.00018,0.535,0.36,0.0475,0.01,0.095,0.4717837946080213,0.71875,0.47435897435897434,0.4430379746835443,0.5882352941176471,0.4177215189873418
861,1763328,6691.7,264,0.006940273568034172,0.7841796875,0.9500000000000003,0.2133771926164627,-0.0183,0.62089,0.0,0.02343,0.01232,-0.25651,0.1376,0.00018,0.52,0.3775,0.0475,0.01,0.0925,0.4587453807442602,0.711340206185567,0.45454545454545453,0.4050632911392405,0.5797101449275363,0.41025641025641024
862,1765376,6699.7,263,0.05135994404554367,0.7798339843749998,0.9500000000000003,0.21345111727714539,-0.02002,0.36292,0.0,0.02292,0.01657,-0.25652,0.15313,0.00012,0.5225,0.38,0.05,0.01,0.0875,0.4613403289762503,0.7096774193548387,0.47560975609756095,0.4177215189873418,0.5970149253731343,0.3924050632911392
863,1767424,6707.0,264,0.08606673032045364,0.7815185546874999,0.95,0.21295113861560822,-0.01702,0.36514,0.0,0.02314,0.00922,-0.25763,0.09756,0.00027,0.535,0.37,0.045,0.01,0.085,0.47516070156562973,0.7065217391304348,0.4823529411764706,0.43037974683544306,0.6212121212121212,0.4230769230769231
864,1769472,6715.3,263,0.011997050605714321,0.7840820312499999,0.95,0.21268105506896973,-0.02038,0.38875,0.0,0.02336,0.01612,-0.26265,0.16191,0.00018,0.525,0.375,0.045,0.01,0.09,0.46356477166154336,0.6956521739130435,0.45977011494252873,0.425,0.609375,0.42857142857142855
865,1771520,6722.3,264,0.0012300985399633646,0.7822021484374999,0.95,0.2126142978668213,-0.01871,0.20054,0.0,0.02372,0.01173,-0.26388,0.12207,0.00027,0.5175,0.3775,0.045,0.01,0.095,0.45765233379307757,0.6989247311827957,0.45348837209302323,0.4177215189873418,0.6,0.4025974025974026
866,1773568,6731.3,263,-0.0006827972829341888,0.7785400390624999,0.95,0.2128814458847046,-0.02226,0.33863,0.0,0.02553,0.0159,-0.26252,0.16123,0.00027,0.51,0.3825,0.045,0.0125,0.095,0.4472228602986141,0.6989247311827957,0.43529411764705883,0.4177215189873418,0.609375,0.379746835443038
867,1775616,6738.8,263,0.057072658091783524,0.7657470703124999,0.95,0.21270933747291565,-0.01787,0.54665,0.0,0.0339,0.01718,-0.26134,0.17764,0.00027,0.495,0.395,0.045,0.0125,0.0975,0.43019077124587896,0.6813186813186813,0.42528735632183906,0.3924050632911392,0.5970149253731343,0.3684210526315789
868,1777664,6746.6,263,0.09370425343513489,0.7640380859374999,0.95,0.2122596651315689,-0.02098,0.3402,0.0,0.02851,0.02259,-0.26487,0.20801,0.00012,0.495,0.395,0.045,0.0125,0.0975,0.4286026786351856,0.6703296703296703,0.4318181818181818,0.3972602739726027,0.5857142857142857,0.3717948717948718
869,1779712,6754.5,263,0.05698680877685547,0.7613037109374999,0.95,0.2120625078678131,-0.01249,0.45181,0.0,0.02706,0.00866,-0.26794,0.1042,0.00018,0.4875,0.4,0.0425,0.0125,0.1,0.42419624079833923,0.6704545454545454,0.44086021505376344,0.38666666666666666,0.5571428571428572,0.36486486486486486
870,1781760,6762.1,263,0.06363941729068756,0.7571044921874999,0.95,0.21196560561656952,-0.01803,0.55491,0.0,0.02689,0.01177,-0.26934,0.12871,0.00018,0.4825,0.4075,0.0425,0.015,0.095,0.4198269796105468,0.6363636363636364,0.44086021505376344,0.3974358974358974,0.5671641791044776,0.36486486486486486
871,1783808,6769.6,264,0.06660304963588715,0.7541748046875,0.9000000000000002,0.21203896403312683,-0.02138,0.42448,0.0,0.03025,0.01145,-0.26923,0.12734,0.00027,0.4875,0.4125,0.0425,0.015,0.085,0.42470102789573483,0.6263736263736264,0.43478260869565216,0.3924050632911392,0.5970149253731343,0.38028169014084506
872,1785856,6776.4,264,0.0505935363471508,0.7622314453125,0.9000000000000002,0.21168914437294006,-0.02054,0.29851,0.0,0.02222,0.01381,-0.26973,0.15273,0.00018,0.48,0.415,0.045,0.0175,0.0875,0.4211872137146987,0.6136363636363636,0.43478260869565216,0.3875,0.5797101449275363,0.38028169014084506
873,1787904,6783.5,264,0.06439560651779175,0.7686279296875,0.9000000000000002,0.21097874641418457,-0.01669,0.27089,0.0,0.02371,0.0151,-0.27487,0.16934,0.00018,0.4825,0.4075,0.045,0.015,0.095,0.4219516347378607,0.6222222222222222,0.42391304347826086,0.3974358974358974,0.589041095890411,0.3582089552238806
874,1789952,6791.6,264,0.037366967648267746,0.772021484375,0.9000000000000002,0.21035544574260712,-0.01907,0.44998,0.0,0.02653,0.01333,-0.28231,0.13867,0.00012,0.4775,0.4125,0.045,0.015,0.095,0.41562008226499925,0.6179775280898876,0.4148936170212766,0.4025974025974026,0.5657894736842105,0.359375
875,1792000,6799.3,264,0.05532693862915039,0.7720458984374999,0.9000000000000002,0.2104358971118927,-0.01752,0.41026,0.0,0.02874,0.01083,-0.28511,0.11074,0.00018,0.4825,0.4075,0.045,0.0125,0.0975,0.4201688908581373,0.6043956043956044,0.4444444444444444,0.4230769230769231,0.5394736842105263,0.36923076923076925
876,1794048,6806.5,264,0.03719226270914078,0.7701904296875,0.95,0.2104378640651703,-0.01585,0.31259,0.0,0.02447,0.01534,-0.28416,0.15918,0.00012,0.4875,0.4025,0.0425,0.0125,0.0975,0.4232165414851927,0.6021505376344086,0.449438202247191,0.4230769230769231,0.5641025641025641,0.3548387096774194
877,1796096,6814.9,264,0.04853115230798721,0.7698974609375,0.9000000000000002,0.21032190322875977,-0.01858,0.36952,0.0,0.02805,0.00914,-0.28479,0.10078,0.00018,0.4875,0.41,0.0425,0.0125,0.09,0.4232557180976046,0.6,0.44565217391304346,0.4342105263157895,0.5753424657534246,0.34375
878,1798144,6823.8,264,0.030080240219831467,0.7718261718749999,0.9,0.21004626154899597,-0.01839,0.41728,0.0,0.02598,0.01253,-0.28632,0.14092,0.00027,0.4925,0.405,0.045,0.0125,0.09,0.42893226541790525,0.6041666666666666,0.4725274725274725,0.44594594594594594,0.5675675675675675,0.3230769230769231
879,1800192,6832.0,263,0.09681719541549683,0.7764404296874999,0.9000000000000002,0.20908322930335999,-0.01984,0.19093,0.0,0.02423,0.01556,-0.29146,0.17852,0.00018,0.5025,0.395,0.04,0.0125,0.09,0.439027248565925,0.6129032258064516,0.5052631578947369,0.45714285714285713,0.5657894736842105,0.3181818181818182
880,1802240,6839.5,264,0.0055875410325825214,0.7787109375,0.9000000000000002,0.20882615447044373,-0.015,0.42305,0.0,0.02988,0.01135,-0.29813,0.13076,0.00027,0.495,0.405,0.04,0.01,0.09,0.43206849701452354,0.5913978494623656,0.4945054945054945,0.4647887323943662,0.5584415584415584,0.3235294117647059
881,1804288,6848.4,263,0.07844990491867065,0.7815185546875,0.9500000000000003,0.20855683088302612,-0.0228,0.28933,0.0,0.02915,0.01781,-0.29977,0.15791,0.00018,0.505,0.3925,0.035,0.01,0.0925,0.4396496949137334,0.5909090909090909,0.5222222222222223,0.4864864864864865,0.569620253164557,0.3188405797101449
882,1806336,6856.5,263,0.05992932245135307,0.78505859375,0.9500000000000003,0.20821018517017365,-0.01759,0.29803,0.0,0.02541,0.01368,-0.30299,0.15156,0.00027,0.505,0.3925,0.035,0.01,0.0925,0.4395599682986859,0.5930232558139535,0.5280898876404494,0.49333333333333335,0.5569620253164557,0.323943661971831
883,1808384,6865.1,263,0.03900810331106186,0.7866943359375,0.95,0.20801988244056702,-0.01621,0.19257,0.0,0.02229,0.01568,-0.30626,0.16465,0.00027,0.5,0.395,0.035,0.01,0.095,0.43363874903817895,0.5764705882352941,0.5280898876404494,0.4935064935064935,0.5443037974683544,0.32857142857142857
884,1810432,6872.5,263,0.09088420867919922,0.7920898437499999,0.95,0.20782840251922607,-0.02092,0.2801,0.0,0.0254,0.01602,-0.30769,0.18467,0.00018,0.505,0.39,0.0325,0.01,0.095,0.43685472137620224,0.5853658536585366,0.5333333333333333,0.5063291139240507,0.525,0.34782608695652173
885,1812480,6880.5,263,0.03891696035861969,0.7909423828125,0.95,0.20725451409816742,-0.02141,0.31375,0.0,0.02665,0.01371,-0.3108,0.13682,0.00018,0.505,0.39,0.03,0.01,0.095,0.4377999799211465,0.611764705882353,0.5393258426966292,0.4810126582278481,0.5189873417721519,0.3382352941176471
886,1814528,6888.4,263,0.04612039774656296,0.7854248046874999,0.95,0.20719362795352936,-0.02078,0.48618,0.0,0.02552,0.01159,-0.31482,0.12314,0.00027,0.505,0.3875,0.0325,0.01,0.0975,0.439635607062904,0.6190476190476191,0.5454545454545454,0.5063291139240507,0.49382716049382713,0.3235294117647059
887,1816576,6896.0,263,0.08618281781673431,0.7909179687499999,0.95,0.20753005146980286,-0.02356,0.16129,0.0,0.02483,0.02207,-0.31277,0.21006,0.00012,0.525,0.3675,0.03,0.01,0.0975,0.4576516154506176,0.6352941176470588,0.5760869565217391,0.5324675324675324,0.5,0.3333333333333333
888,1818624,6904.5,263,0.0368722639977932,0.7978271484374999,0.95,0.20751500129699707,-0.01574,0.42685,0.0,0.03007,0.00903,-0.31142,0.09854,0.00027,0.5275,0.3625,0.0325,0.0125,0.0975,0.4589975063021035,0.6263736263736264,0.5795454545454546,0.5324675324675324,0.4810126582278481,0.36923076923076925
889,1820672,6913.7,263,0.08793628215789795,0.79560546875,0.95,0.20756244659423828,-0.02106,0.38167,0.0,0.02832,0.01889,-0.31149,0.19043,0.00012,0.5225,0.3625,0.0325,0.0125,0.1025,0.4523991276023604,0.651685393258427,0.5747126436781609,0.5131578947368421,0.4642857142857143,0.359375
890,1822720,6921.5,263,0.07179535180330276,0.7964843749999999,0.95,0.2075207382440567,-0.01714,0.62113,0.0,0.03358,0.00917,-0.31166,0.10137,0.00027,0.5275,0.3625,0.0325,0.015,0.095,0.45903020742951384,0.6477272727272727,0.5862068965517241,0.5,0.4642857142857143,0.4
891,1824768,6929.1,263,0.039623845368623734,0.7900634765625,0.95,0.2074858695268631,-0.02412,0.53251,0.0,0.02817,0.01526,-0.31184,0.15098,0.00018,0.5275,0.365,0.03,0.0125,0.095,0.4608475801656884,0.6555555555555556,0.5730337078651685,0.48,0.4642857142857143,0.41935483870967744
892,1826816,6936.6,263,0.04198563098907471,0.78857421875,0.95,0.20746049284934998,-0.01663,0.34449,0.0,0.02235,0.01092,-0.31238,0.10508,0.00027,0.5375,0.3575,0.0275,0.0125,0.0925,0.470839282379691,0.6630434782608695,0.5730337078651685,0.4864864864864865,0.4819277108433735,0.43548387096774194
893,1828864,6943.9,263,0.010870041325688362,0.7884765624999999,0.95,0.20745539665222168,-0.01918,0.23368,0.0,0.02034,0.01573,-0.31207,0.15342,0.00012,0.535,0.3575,0.0275,0.0125,0.095,0.46698634667468525,0.6739130434782609,0.5795454545454546,0.47368421052631576,0.47560975609756095,0.41935483870967744
894,1830912,6952.2,263,0.029885701835155487,0.7932373046874999,0.95,0.2072312831878662,-0.01637,0.27513,0.0,0.01999,0.00885,-0.31303,0.09707,0.00018,0.53,0.3525,0.025,0.015,0.1025,0.46265597392001295,0.6593406593406593,0.5697674418604651,0.45569620253164556,0.4880952380952381,0.43333333333333335
895,1832960,6960.6,263,0.0211259126663208,0.792041015625,0.95,0.20660626888275146,-0.02055,0.46709,0.0,0.01901,0.01251,-0.31697,0.12686,0.00027,0.53,0.3525,0.0275,0.015,0.1025,0.4603869308942248,0.6630434782608695,0.5411764705882353,0.4625,0.5,0.4406779661016949
896,1835008,6968.9,263,0.025323715060949326,0.7898925781249999,0.95,0.20632338523864746,-0.02116,0.57497,0.0,0.02085,0.01575,-0.32256,0.14121,0.00018,0.5275,0.355,0.03,0.0175,0.1,0.4584445165911002,0.6666666666666666,0.5180722891566265,0.45569620253164556,0.5180722891566265,0.4461538461538462
897,1837056,6976.5,263,0.029496893286705017,0.7807373046874999,0.95,0.20677846670150757,-0.01757,0.54983,0.0,0.02104,0.00988,-0.32194,0.10527,0.00027,0.5225,0.355,0.0325,0.02,0.1025,0.4553020183935641,0.6853932584269663,0.5060240963855421,0.4358974358974359,0.5,0.453125
898,1839104,6983.3,263,0.0292682945728302,0.7745361328124999,0.95,0.20722079277038574,-0.02105,0.36972,0.0,0.01899,0.01982,-0.3163,0.16201,0.00012,0.5175,0.3575,0.035,0.0225,0.1025,0.4504339035753151,0.6931818181818182,0.5058823529411764,0.4342105263157895,0.4823529411764706,0.4393939393939394
899,1841152,6989.8,263,-0.010738884098827839,0.7686523437499998,0.95,0.2073664665222168,-0.01838,0.39961,0.0,0.02063,0.01085,-0.31409,0.09463,0.00018,0.505,0.37,0.04,0.0225,0.1025,0.4374020434115345,0.6931818181818182,0.4823529411764706,0.41333333333333333,0.4642857142857143,0.4411764705882353
900,1843200,6996.7,263,0.030807998031377792,0.7631103515625,0.95,0.20720843970775604,-0.02027,0.22698,0.0,0.01796,0.0166,-0.31355,0.15459,8e-05,0.5,0.37,0.0375,0.02,0.11,0.43591471517108377,0.6781609195402298,0.5,0.4266666666666667,0.4418604651162791,0.4264705882352941
901,1845248,7003.8,263,0.06948915123939514,0.7675537109374999,0.95,0.20709434151649475,-0.01682,0.20579,0.0,0.02038,0.0075,-0.31527,0.07529,0.00018,0.5025,0.3675,0.04,0.02,0.11,0.43967837815204874,0.6777777777777778,0.48148148148148145,0.43243243243243246,0.4588235294117647,0.42857142857142855
902,1847296,7010.5,264,0.06511656194925308,0.771044921875,0.95,0.2068396657705307,-0.02029,0.38046,0.0,0.02115,0.01496,-0.3171,0.1624,0.00018,0.5,0.36,0.0425,0.02,0.12,0.4399521230697239,0.6629213483146067,0.4939759036144578,0.410958904109589,0.47674418604651164,0.42028985507246375
903,1849344,7017.8,264,0.090329110622406,0.772265625,0.95,0.20660093426704407,-0.02015,0.24643,0.0,0.02469,0.01307,-0.31908,0.15527,0.00018,0.5025,0.36,0.0475,0.02,0.1175,0.4447296201256299,0.6741573033707865,0.5294117647058824,0.40540540540540543,0.4578313253012048,0.4057971014492754
904,1851392,7026.2,263,0.054095592349767685,0.7725097656249998,1.0,0.20645572245121002,-0.02073,0.41281,0.0,0.02464,0.01361,-0.32161,0.14004,0.00018,0.505,0.36,0.0475,0.02,0.115,0.4450296503808731,0.6705882352941176,0.5357142857142857,0.3972602739726027,0.4777777777777778,0.4117647058823529
905,1853440,7033.1,264,0.05344953015446663,0.7682128906249999,0.95,0.20625469088554382,-0.02133,0.26845,0.0,0.01901,0.01585,-0.3222,0.1585,0.00018,0.505,0.36,0.0475,0.0225,0.1125,0.4464930125463626,0.6746987951807228,0.5232558139534884,0.3972602739726027,0.48314606741573035,0.42028985507246375
906,1855488,7040.2,264,0.055202145129442215,0.7719482421874998,0.95,0.20611077547073364,-0.0166,0.16823,0.0,0.01896,0.01233,-0.32425,0.11904,0.00027,0.4975,0.365,0.0475,0.0225,0.115,0.4401305105538599,0.6666666666666666,0.5,0.3888888888888889,0.4891304347826087,0.4142857142857143
907,1857536,7047.4,264,0.04101937636733055,0.7713867187499999,0.95,0.2061055600643158,-0.01976,0.37889,0.0,0.02174,0.01719,-0.32546,0.16191,0.00018,0.4975,0.3675,0.0475,0.0225,0.1125,0.4403665199924333,0.7023809523809523,0.4810126582278481,0.4,0.4731182795698925,0.4057971014492754
908,1859584,7055.4,264,0.054172903299331665,0.7702148437499999,0.95,0.2063056379556656,-0.02006,0.32264,0.0,0.02378,0.01584,-0.32424,0.154,0.00012,0.49,0.3675,0.0475,0.0275,0.115,0.4349730684206344,0.7045454545454546,0.45569620253164556,0.3972602739726027,0.45555555555555555,0.4
909,1861632,7063.1,264,0.022376764565706253,0.7717041015624999,0.8999999999999999,0.20660348236560822,-0.017,0.44262,0.0,0.02203,0.01146,-0.32223,0.1251,0.00027,0.4875,0.37,0.05,0.03,0.1125,0.4337189583105907,0.6966292134831461,0.44871794871794873,0.4084507042253521,0.45555555555555555,0.3888888888888889
910,1863680,7070.1,264,0.035825543105602264,0.7662841796874998,0.8999999999999999,0.2068181335926056,-0.02362,0.23535,0.0,0.02124,0.02014,-0.3186,0.18008,0.00018,0.4875,0.37,0.05,0.03,0.1125,0.43396544971722295,0.6966292134831461,0.4375,0.4142857142857143,0.4659090909090909,0.3835616438356164
911,1865728,7077.8,264,0.025949060916900635,0.7679687499999999,0.8999999999999999,0.2066650390625,-0.01468,0.48177,0.0,0.02114,0.012,-0.31919,0.12861,0.00018,0.475,0.3775,0.055,0.03,0.1175,0.42320473796007974,0.6888888888888889,0.41025641025641024,0.4084507042253521,0.4606741573033708,0.3611111111111111
912,1867776,7086.2,264,0.024997854605317116,0.7669433593749999,0.8999999999999999,0.20674170553684235,-0.01663,0.86073,0.0,0.02264,0.00931,-0.31961,0.10361,0.00027,0.475,0.3875,0.06,0.0275,0.11,0.4217525810213108,0.6666666666666666,0.4146341463414634,0.4084507042253521,0.48314606741573035,0.36619718309859156
913,1869824,7094.7,264,0.08618447929620743,0.7611083984374998,0.8999999999999999,0.2071080505847931,-0.01973,0.36992,0.0,0.02043,0.0196,-0.31741,0.18711,0.00012,0.465,0.39,0.0625,0.0275,0.1175,0.41139279438560833,0.6521739130434783,0.3924050632911392,0.3972602739726027,0.46987951807228917,0.3698630136986301
914,1871872,7102.9,264,0.09768323600292206,0.7653808593749999,0.8999999999999999,0.2071698009967804,-0.01839,0.44756,0.0,0.02459,0.00901,-0.31531,0.11025,0.00018,0.47,0.39,0.0575,0.025,0.115,0.41828426349638226,0.6781609195402298,0.3950617283950617,0.4,0.4939759036144578,0.35135135135135137
915,1873920,7110.1,264,0.07858237624168396,0.7723144531249999,0.8999999999999999,0.20667210221290588,-0.01822,0.25992,0.0,0.02193,0.01218,-0.31726,0.13887,0.00018,0.4725,0.395,0.0575,0.025,0.1075,0.4196095934060202,0.6781609195402298,0.4,0.3950617283950617,0.5061728395061729,0.352112676056338
916,1875968,7117.5,264,0.08216528594493866,0.7757324218749999,0.8999999999999999,0.20595118403434753,-0.01825,0.40657,0.0,0.01952,0.01441,-0.32308,0.17061,0.00027,0.4775,0.395,0.0575,0.0225,0.105,0.4259907334628706,0.6781609195402298,0.3875,0.4155844155844156,0.5180722891566265,0.3561643835616438
917,1878016,7125.3,264,0.09813660383224487,0.7782226562499999,0.8999999999999999,0.2058284729719162,-0.01955,0.37296,0.0,0.01936,0.01562,-0.32847,0.1499,0.00018,0.49,0.3825,0.055,0.0225,0.105,0.4382104160192533,0.6896551724137931,0.43209876543209874,0.4342105263157895,0.5119047619047619,0.3472222222222222
918,1880064,7131.8,264,0.09436909854412079,0.7865722656249998,0.8999999999999999,0.2057434320449829,-0.01572,0.41855,0.0,0.0196,0.01776,-0.32864,0.16953,8e-05,0.4975,0.375,0.055,0.0225,0.105,0.4483121477732031,0.6704545454545454,0.4375,0.45454545454545453,0.524390243902439,0.3698630136986301
919,1882112,7138.2,264,0.05220161750912666,0.7879150390624999,0.8999999999999999,0.20565716922283173,-0.01363,0.43709,0.0,0.02134,0.00671,-0.32967,0.08076,0.00018,0.4975,0.385,0.06,0.02,0.0975,0.45029878754003205,0.6896551724137931,0.43209876543209874,0.4666666666666667,0.5121951219512195,0.36
920,1884160,7144.9,264,0.026360120624303818,0.7886962890625,0.8999999999999999,0.20525027811527252,-0.01678,0.17746,0.0,0.01692,0.0118,-0.33173,0.12793,0.00027,0.4975,0.3825,0.0575,0.02,0.1,0.45013078216136365,0.6896551724137931,0.44871794871794873,0.45454545454545453,0.5,0.3684210526315789
921,1886208,7152.5,264,0.03264983743429184,0.7904052734375,0.8999999999999999,0.2051849067211151,-0.02017,0.42125,0.0,0.01862,0.01887,-0.33464,0.20068,0.00012,0.495,0.3825,0.06,0.0175,0.105,0.44624125045188284,0.6881720430107527,0.44871794871794873,0.4666666666666667,0.4642857142857143,0.35714285714285715
922,1888256,7159.2,264,0.08294256031513214,0.7890380859374998,0.95,0.20526716113090515,-0.0173,0.31982,0.0,0.01719,0.00782,-0.33408,0.08545,0.00018,0.5075,0.3725,0.06,0.015,0.105,0.4554930041400499,0.6956521739130435,0.4605263157894737,0.4868421052631579,0.4823529411764706,0.36619718309859156
923,1890304,7166.9,264,0.03292806074023247,0.7922607421874999,0.8999999999999999,0.20522142946720123,-0.0192,0.49206,0.0,0.01888,0.01161,-0.33358,0.12119,0.0004,0.51,0.3725,0.055,0.0125,0.105,0.45348570083451956,0.7127659574468085,0.4583333333333333,0.4691358024691358,0.48148148148148145,0.375
924,1892352,7174.9,264,-0.02238452062010765,0.7777099609374999,0.8999999999999999,0.2054334133863449,-0.02288,0.64479,0.0,0.01915,0.01881,-0.33338,0.18008,0.00018,0.5025,0.3825,0.0525,0.0125,0.1025,0.44684665249331773,0.6808510638297872,0.4473684210526316,0.47560975609756095,0.4936708860759494,0.36231884057971014
925,1894400,7183.7,264,0.13483180105686188,0.7670410156249998,0.8999999999999999,0.2055465281009674,-0.0154,0.62695,0.0,0.02209,0.0107,-0.33067,0.12119,0.00027,0.4975,0.395,0.0475,0.0125,0.095,0.4417883104327075,0.7083333333333334,0.4025974025974026,0.43529411764705883,0.52,0.3582089552238806
926,1896448,7191.2,264,0.07188645005226135,0.7669433593749999,0.8999999999999999,0.20543180406093597,-0.01855,0.7666,0.0,0.02224,0.01236,-0.33058,0.13623,0.00027,0.49,0.4025,0.045,0.0125,0.095,0.43515431232242335,0.7096774193548387,0.358974358974359,0.44047619047619047,0.5064935064935064,0.38235294117647056
927,1898496,7199.5,264,0.0854969173669815,0.7566650390624998,0.8999999999999999,0.20552664995193481,-0.02381,0.56035,0.0,0.02374,0.01415,-0.3311,0.15752,0.00027,0.49,0.405,0.0425,0.01,0.095,0.43350118051528935,0.7096774193548387,0.34210526315789475,0.4777777777777778,0.4666666666666667,0.3939393939393939
928,1900544,7208.1,264,0.07190439105033875,0.7557861328125,0.8999999999999999,0.20587033033370972,-0.02197,0.57273,0.0,0.02627,0.01666,-0.32925,0.17354,0.00018,0.4925,0.4125,0.0425,0.01,0.085,0.4362146090965783,0.7078651685393258,0.35365853658536583,0.4673913043478261,0.4857142857142857,0.417910447761194
929,1902592,7215.7,264,0.06465460360050201,0.7525146484374999,0.8999999999999999,0.20578843355178833,-0.02137,0.39456,0.0,0.02289,0.01408,-0.3274,0.15879,8e-05,0.4975,0.4125,0.0425,0.0075,0.0825,0.44071893813598934,0.7078651685393258,0.35802469135802467,0.45161290322580644,0.5072463768115942,0.4411764705882353
930,1904640,7223.3,264,0.0955234244465828,0.7547119140624998,0.8999999999999999,0.2056298851966858,-0.01181,0.52576,0.0,0.02172,0.00796,-0.32853,0.09834,0.00018,0.5025,0.415,0.04,0.0025,0.08,0.44444774294641676,0.7222222222222222,0.3902439024390244,0.42857142857142855,0.5068493150684932,0.4375
931,1906688,7231.2,264,0.05690232664346695,0.7544677734374998,0.8999999999999999,0.2055899202823639,-0.01959,0.52899,0.0,0.02215,0.00946,-0.33009,0.10967,0.00027,0.505,0.4175,0.0375,0.0025,0.075,0.4479672847604498,0.7204301075268817,0.38823529411764707,0.42045454545454547,0.5142857142857142,0.453125
932,1908736,7239.1,264,0.06460460275411606,0.7520507812499999,0.8499999999999999,0.20592211186885834,-0.02153,0.31108,0.0,0.02449,0.01813,-0.32821,0.16631,0.00018,0.51,0.4175,0.035,0.0025,0.07,0.45304479487135185,0.7419354838709677,0.38372093023255816,0.42696629213483145,0.5294117647058824,0.4375
933,1910784,7246.5,264,0.023188268765807152,0.7517333984374999,0.8499999999999999,0.20609605312347412,-0.017,0.23141,0.0,0.02324,0.01038,-0.32548,0.12529,0.00027,0.5175,0.4075,0.03,0.0025,0.0725,0.46054157858876155,0.7525773195876289,0.39759036144578314,0.4318181818181818,0.5147058823529411,0.4375
934,1912832,7254.3,264,0.05682924762368202,0.7567382812499999,0.8500000000000002,0.20615988969802856,-0.01447,0.27478,0.0,0.02082,0.01824,-0.32409,0.1833,0.00012,0.5225,0.405,0.0275,0.0025,0.07,0.46285292313057225,0.776595744680851,0.40963855421686746,0.4318181818181818,0.5070422535211268,0.4375
935,1914880,7261.9,264,0.009069297462701797,0.7544677734374998,0.8999999999999999,0.20593005418777466,-0.01705,0.44998,0.0,0.0198,0.01185,-0.32495,0.13711,0.00018,0.515,0.4125,0.0275,0.0025,0.07,0.45356557631487093,0.75,0.3924050632911392,0.42045454545454547,0.5205479452054794,0.45588235294117646
936,1916928,7269.7,264,0.07279781252145767,0.7494384765624998,0.8999999999999999,0.2055627703666687,-0.01721,0.48148,0.0,0.01857,0.01302,-0.3278,0.14893,0.00018,0.5075,0.4125,0.0275,0.0025,0.0775,0.4500053696804657,0.7282608695652174,0.42857142857142855,0.40229885057471265,0.5070422535211268,0.4393939393939394
937,1918976,7277.3,264,0.05312330275774002,0.7539306640624999,0.8999999999999999,0.20554731786251068,-0.01608,0.49888,0.0,0.0199,0.0132,-0.33001,0.13428,0.00018,0.5025,0.4125,0.03,0.0025,0.0825,0.4435746665351853,0.7096774193548387,0.4235294117647059,0.4111111111111111,0.5,0.4375
938,1921024,7285.3,264,0.07174260914325714,0.7587890624999998,0.8999999999999999,0.2055419385433197,-0.01494,0.47485,0.0,0.01988,0.01064,-0.32981,0.11465,0.00027,0.5025,0.4125,0.035,0.0025,0.0825,0.44034009738596674,0.6923076923076923,0.449438202247191,0.41304347826086957,0.5,0.4375
939,1923072,7292.5,264,0.08403193950653076,0.7583007812499999,0.8999999999999999,0.20545069873332977,-0.02019,0.40411,0.0,0.02057,0.01573,-0.32976,0.175,0.00027,0.5,0.4175,0.0325,0.0025,0.08,0.4376000780538681,0.7032967032967034,0.4186046511627907,0.42391304347826086,0.5074626865671642,0.421875
940,1925120,7300.1,264,0.06343059241771698,0.7645019531249998,0.95,0.20549914240837097,-0.01931,0.59265,0.0,0.02076,0.01278,-0.33079,0.12773,0.00027,0.5,0.4175,0.03,0.0025,0.08,0.43540177922773,0.7142857142857143,0.41379310344827586,0.42857142857142855,0.5072463768115942,0.4032258064516129
941,1927168,7307.4,264,0.08965077251195908,0.7656494140624999,0.95,0.20538321137428284,-0.01844,0.31863,0.0,0.02273,0.01805,-0.32995,0.18965,0.00018,0.505,0.415,0.0325,0.0025,0.0775,0.44142958662364845,0.7204301075268817,0.43023255813953487,0.43023255813953487,0.5,0.3968253968253968
942,1929216,7315.4,264,0.06563562899827957,0.7675048828125,0.8999999999999999,0.2053222507238388,-0.01665,0.46797,0.0,0.02287,0.01197,-0.33137,0.14268,0.00027,0.51,0.4175,0.0325,0.0,0.0725,0.45011559797587725,0.7111111111111111,0.45054945054945056,0.42168674698795183,0.5342465753424658,0.3968253968253968
943,1931264,7325.2,264,0.042554765939712524,0.76787109375,0.8999999999999999,0.2050887644290924,-0.0151,0.65075,0.0,0.02105,0.01585,-0.33283,0.17373,0.00027,0.5025,0.4275,0.035,0.0,0.07,0.44920949057314485,0.6741573033707865,0.4666666666666667,0.4268292682926829,0.52,0.390625
944,1933312,7333.6,264,0.006714271381497383,0.7523925781249999,0.8999999999999999,0.20519594848155975,-0.01824,0.40344,0.0,0.01932,0.0144,-0.33353,0.14414,0.00018,0.5075,0.42,0.035,0.0025,0.07,0.45461700151124956,0.6847826086956522,0.4772727272727273,0.425,0.527027027027027,0.3787878787878788
945,1935360,7341.0,264,0.07203201949596405,0.7521484375,0.8999999999999999,0.20493632555007935,-0.01721,0.28253,0.0,0.01795,0.01311,-0.33346,0.15059,0.00018,0.5175,0.415,0.0375,0.0025,0.065,0.46488711837785085,0.7065217391304348,0.4942528735632184,0.4230769230769231,0.5342465753424658,0.38571428571428573
946,1937408,7350.2,264,0.04480309784412384,0.7546142578124999,0.8999999999999999,0.20489802956581116,-0.01891,0.66805,0.0,0.02193,0.01187,-0.33566,0.13975,0.00027,0.5075,0.4225,0.0375,0.0025,0.0675,0.4530406803841325,0.6777777777777778,0.5,0.44155844155844154,0.5142857142857142,0.37333333333333335
947,1939456,7358.2,264,0.0943242758512497,0.7495849609374999,0.8999999999999999,0.20517069101333618,-0.01927,0.47836,0.0,0.02446,0.01387,-0.33416,0.15781,0.00018,0.515,0.415,0.035,0.0025,0.0675,0.4613744472769307,0.6781609195402298,0.5340909090909091,0.45,0.5217391304347826,0.3684210526315789
948,1941504,7366.0,264,0.058440037071704865,0.7541748046874999,0.8999999999999999,0.2050708532333374,-0.02011,0.38743,0.0,0.02094,0.01286,-0.33274,0.1334,0.00018,0.5225,0.41,0.0375,0.0025,0.065,0.4717502950082133,0.6853932584269663,0.550561797752809,0.4155844155844156,0.5507246376811594,0.3815789473684211
949,1943552,7373.9,264,0.07125017046928406,0.760302734375,0.8999999999999999,0.20495282113552094,-0.01863,0.28319,0.0,0.0199,0.01362,-0.33422,0.15332,0.00018,0.525,0.4075,0.0425,0.0025,0.065,0.4745230384463771,0.6888888888888889,0.5632183908045977,0.41025641025641024,0.5522388059701493,0.38461538461538464
950,1945600,7382.2,264,0.09413757175207138,0.7700927734374998,0.8999999999999999,0.20474672317504883,-0.01755,0.47195,0.0,0.02045,0.01111,-0.33537,0.13164,0.00027,0.5325,0.4,0.045,0.0025,0.065,0.48389250417861845,0.6881720430107527,0.5632183908045977,0.44,0.5454545454545454,0.3924050632911392
951,1947648,7391.8,263,0.08569348603487015,0.7811767578125,0.95,0.20472264289855957,-0.01597,0.60069,0.0,0.02111,0.01921,-0.33749,0.17998,0.00012,0.535,0.3975,0.045,0.0025,0.065,0.48586408351594984,0.6847826086956522,0.5568181818181818,0.47368421052631576,0.5538461538461539,0.379746835443038
952,1949696,7399.4,263,0.04795036464929581,0.7810791015624999,0.8999999999999999,0.2047361433506012,-0.01954,0.28505,0.0,0.02296,0.00798,-0.33679,0.0876,0.00018,0.5375,0.39,0.04,0.0025,0.07,0.4895347782063111,0.6923076923076923,0.5517241379310345,0.47435897435897434,0.5692307692307692,0.379746835443038
953,1951744,7407.3,263,0.03097422420978546,0.7794189453124999,0.8999999999999999,0.20420710742473602,-0.01828,0.23091,0.0,0.02354,0.0146,-0.33895,0.16006,0.00018,0.5325,0.3925,0.0425,0.0025,0.0725,0.48429541773342655,0.6853932584269663,0.5517241379310345,0.46153846153846156,0.5671641791044776,0.379746835443038
954,1953792,7416.0,263,0.05146610364317894,0.7811035156249999,0.8999999999999999,0.20423215627670288,-0.0167,0.55447,0.0,0.02199,0.00956,-0.34283,0.11553,0.00027,0.53,0.3875,0.0425,0.0025,0.08,0.4814728698858504,0.6588235294117647,0.5697674418604651,0.47368421052631576,0.56,0.3717948717948718
955,1955840,7423.5,263,0.0348953902721405,0.783251953125,0.8999999999999999,0.20439940690994263,-0.02044,0.47407,0.0,0.02456,0.01334,-0.34093,0.14062,0.00027,0.525,0.395,0.0425,0.0025,0.0775,0.47827389918811947,0.6463414634146342,0.5681818181818182,0.4805194805194805,0.5405405405405406,0.379746835443038
956,1957888,7430.6,263,0.05074238032102585,0.7788085937499999,0.8999999999999999,0.203886941075325,-0.02152,0.34396,0.0,0.02079,0.0146,-0.34215,0.15225,0.00018,0.5225,0.3975,0.0425,0.0025,0.0775,0.48213729676065253,0.6352941176470588,0.5517241379310345,0.49333333333333335,0.5555555555555556,0.37037037037037035
957,1959936,7437.8,264,0.032460540533065796,0.7836669921874999,0.95,0.20368260145187378,-0.01813,0.34375,0.0,0.02255,0.00985,-0.34696,0.10645,0.00027,0.5325,0.3875,0.045,0.0025,0.0775,0.4927200523728976,0.6666666666666666,0.5617977528089888,0.5068493150684932,0.5540540540540541,0.35064935064935066
958,1961984,7445.7,264,0.04415544867515564,0.7865478515625,0.95,0.20358756184577942,-0.01872,0.31714,0.0,0.02383,0.01686,-0.3482,0.17529,0.00018,0.5325,0.3925,0.045,0.0025,0.0725,0.4934263138754858,0.6777777777777778,0.5340909090909091,0.5070422535211268,0.5675675675675675,0.35064935064935066
959,1964032,7453.8,263,0.015272729098796844,0.7874999999999999,0.95,0.2036135196685791,-0.01844,0.34558,0.0,0.02343,0.0117,-0.34829,0.12275,0.00018,0.53,0.3925,0.045,0.0025,0.075,0.4897505651163009,0.6853932584269663,0.5340909090909091,0.5068493150684932,0.5540540540540541,0.34210526315789475
960,1966080,7462.2,263,0.018792172893881798,0.7788574218749998,0.8999999999999999,0.20374713838100433,-0.01965,0.45492,0.0,0.02509,0.01526,-0.34769,0.1585,0.00018,0.52,0.395,0.04,0.0025,0.0825,0.4804891553175075,0.6966292134831461,0.5054945054945055,0.4857142857142857,0.5394736842105263,0.33783783783783783
961,1968128,7470.1,263,0.05838608741760254,0.7747314453124998,0.8999999999999999,0.20340584218502045,-0.02095,0.31332,0.0,0.02097,0.01203,-0.34792,0.1377,0.00027,0.5175,0.3975,0.0425,0.0025,0.0825,0.4805574518706896,0.6777777777777778,0.5113636363636364,0.5,0.5316455696202531,0.3287671232876712
962,1970176,7479.0,263,0.06953601539134979,0.7679687499999999,0.9000000000000002,0.20316475629806519,-0.02269,0.46371,0.0,0.02279,0.02198,-0.35173,0.21543,0.00012,0.515,0.4025,0.0475,0.0025,0.08,0.4792633907286333,0.6931818181818182,0.5172413793103449,0.45714285714285713,0.5194805194805194,0.358974358974359
963,1972224,7487.1,263,0.03366026282310486,0.7682373046875,0.8999999999999999,0.20319071412086487,-0.0156,0.50243,0.0,0.01981,0.00808,-0.35234,0.10088,0.00018,0.505,0.4125,0.0475,0.0025,0.08,0.470363632161075,0.6704545454545454,0.5057471264367817,0.4520547945205479,0.527027027027027,0.34615384615384615
964,1974272,7495.1,263,0.055591560900211334,0.7631835937499999,0.8999999999999999,0.20310240983963013,-0.01864,0.48977,0.0,0.02138,0.01248,-0.35256,0.13262,0.00027,0.5025,0.4075,0.0425,0.005,0.085,0.4686673355267121,0.6744186046511628,0.47126436781609193,0.46153846153846156,0.5277777777777778,0.36363636363636365
965,1976320,7502.6,263,0.08126986026763916,0.7596191406249998,0.8999999999999999,0.2029305398464203,-0.02121,0.34583,0.0,0.02216,0.01714,-0.35408,0.16777,0.00018,0.5025,0.4025,0.04,0.0075,0.0875,0.4683837682651897,0.6931818181818182,0.45977011494252873,0.43037974683544306,0.5571428571428572,0.35526315789473684
966,1978368,7511.3,263,0.09746385365724564,0.7640624999999999,0.9000000000000002,0.20299574732780457,-0.01992,0.65427,0.0,0.02227,0.01365,-0.35478,0.14775,0.00012,0.5225,0.385,0.0375,0.005,0.0875,0.48572976703667053,0.6976744186046512,0.4945054945054945,0.42857142857142855,0.5833333333333334,0.3918918918918919
967,1980416,7519.5,263,0.025487154722213745,0.7611816406249998,0.9000000000000002,0.20291845500469208,-0.01664,0.61483,0.0,0.02587,0.00972,-0.35472,0.09814,0.00027,0.505,0.3975,0.0375,0.005,0.0925,0.4712897263664601,0.6781609195402298,0.4673913043478261,0.43209876543209874,0.5675675675675675,0.3484848484848485
968,1982464,7527.8,263,0.07019568979740143,0.7538818359374999,0.9000000000000002,0.20305046439170837,-0.01562,0.53259,0.0,0.02041,0.01399,-0.35478,0.15664,0.00018,0.5175,0.3925,0.04,0.005,0.085,0.4849748802770418,0.6777777777777778,0.45977011494252873,0.4691358024691358,0.5657894736842105,0.3787878787878788
969,1984512,7535.8,263,0.1271446794271469,0.7575439453124999,0.9000000000000002,0.20281530916690826,-0.01787,0.4403,0.0,0.02325,0.01396,-0.35466,0.13994,0.00012,0.53,0.3825,0.04,0.005,0.0825,0.4927195572098397,0.7,0.46511627906976744,0.4875,0.5569620253164557,0.4
970,1986560,7543.2,263,0.06293478608131409,0.7593749999999999,0.9000000000000002,0.2027609646320343,-0.01781,0.48496,0.0,0.02652,0.00845,-0.35651,0.09443,0.00018,0.5225,0.385,0.0375,0.005,0.0875,0.4837714633551116,0.6923076923076923,0.4659090909090909,0.5131578947368421,0.5394736842105263,0.36231884057971014
971,1988608,7550.4,263,0.07305708527565002,0.7654785156249999,0.8999999999999999,0.20279258489608765,-0.01818,0.41658,0.0,0.02111,0.01236,-0.35655,0.1416,0.00018,0.515,0.39,0.035,0.005,0.09,0.4760955390268176,0.6774193548387096,0.4772727272727273,0.5,0.5526315789473685,0.31343283582089554
972,1990656,7557.5,263,0.10890791565179825,0.7768554687499999,0.8999999999999999,0.20256799459457397,-0.02151,0.30382,0.0,0.0216,0.01142,-0.35665,0.12637,0.00027,0.515,0.385,0.0325,0.0075,0.0925,0.4750891081360104,0.6666666666666666,0.47674418604651164,0.5,0.55,0.3382352941176471
973,1992704,7564.8,263,0.07701397687196732,0.7856445312499999,0.8999999999999999,0.20239675045013428,-0.02154,0.25564,0.0,0.01769,0.02038,-0.35954,0.18994,0.00012,0.525,0.3725,0.0325,0.0075,0.095,0.4852294115402765,0.6813186813186813,0.5113636363636364,0.5,0.5375,0.3384615384615385
974,1994752,7572.3,263,0.05685803294181824,0.7939941406249998,0.9000000000000002,0.20227423310279846,-0.01592,0.17325,0.0,0.01584,0.00938,-0.36013,0.09893,0.00018,0.53,0.3725,0.035,0.0075,0.09,0.48979666866798705,0.6813186813186813,0.5172413793103449,0.5064935064935064,0.5384615384615384,0.3582089552238806
975,1996800,7580.5,263,0.05673184245824814,0.7977783203124998,0.95,0.20188398659229279,-0.02008,0.20409,0.0,0.0165,0.01341,-0.36265,0.14287,0.00018,0.5375,0.3675,0.0375,0.0075,0.0875,0.49625623881997655,0.6666666666666666,0.5294117647058824,0.5384615384615384,0.55,0.34375
976,1998848,7589.1,263,0.013816970400512218,0.8043212890624998,0.95,0.20173956453800201,-0.01529,0.08345,0.0,0.01521,0.01048,-0.36552,0.12002,0.00027,0.5425,0.36,0.0375,0.0075,0.09,0.5014283801924888,0.6808510638297872,0.5340909090909091,0.5256410256410257,0.5512820512820513,0.3548387096774194
977,2000896,7597.4,263,0.03620028495788574,0.8025146484374999,0.95,0.2019467055797577,-0.01221,0.31089,0.0,0.01811,0.01404,-0.36544,0.13887,0.00018,0.54,0.36,0.04,0.0075,0.0925,0.49767680956993277,0.6875,0.5176470588235295,0.525,0.5454545454545454,0.3548387096774194
978,2002944,7605.0,263,0.015996692702174187,0.8015136718749999,0.95,0.20198321342468262,-0.01665,0.41224,0.0,0.02053,0.01401,-0.36422,0.14551,0.00018,0.54,0.3625,0.0475,0.0075,0.09,0.4968252460435334,0.6842105263157895,0.5287356321839081,0.5061728395061729,0.5384615384615384,0.3728813559322034
979,2004992,7611.9,263,0.010051680728793144,0.7977539062499999,0.95,0.20176281034946442,-0.01845,0.31605,0.0,0.02029,0.01227,-0.36497,0.13301,0.00018,0.5325,0.365,0.05,0.0075,0.095,0.48832497221063675,0.6947368421052632,0.5232558139534884,0.4878048780487805,0.5189873417721519,0.3620689655172414
980,2007040,7691.0,261,0.05741065740585327,0.7947998046875,0.95,0.201673686504364,-0.02095,0.3264,0.0,0.02155,0.01572,-0.36703,0.16104,8e-05,0.53,0.3675,0.0475,0.0075,0.095,0.4845546473734258,0.6808510638297872,0.5168539325842697,0.49382716049382713,0.5256410256410257,0.3620689655172414
981,2009088,7775.9,258,0.03664633259177208,0.7937744140624998,0.8999999999999999,0.2017257809638977,-0.01589,0.30166,0.0,0.02027,0.00787,-0.3669,0.09111,0.00018,0.525,0.37,0.055,0.0075,0.0975,0.47748008850458284,0.6774193548387096,0.5227272727272727,0.5,0.475,0.3898305084745763
982,2011136,7861.4,256,0.08754807710647583,0.7984863281249999,0.8999999999999999,0.20147836208343506,-0.01819,0.19454,0.0,0.02152,0.01357,-0.36747,0.15127,0.00018,0.5425,0.355,0.0525,0.0075,0.095,0.49282997232877335,0.6736842105263158,0.5595238095238095,0.5189873417721519,0.5121951219512195,0.38333333333333336
983,2013184,7946.6,253,0.0542285218834877,0.806689453125,0.95,0.2012816220521927,-0.02259,0.3034,0.0,0.02188,0.01558,-0.37043,0.13818,0.00018,0.55,0.3525,0.055,0.0075,0.09,0.5005573830728456,0.6595744680851063,0.5609756097560976,0.5375,0.524390243902439,0.41935483870967744
984,2015232,7981.0,253,0.013794618658721447,0.8131347656249999,0.95,0.20098429918289185,-0.01482,0.19501,0.0,0.01699,0.01241,-0.37242,0.15293,0.00027,0.55,0.35,0.055,0.0075,0.0925,0.500392199693613,0.6595744680851063,0.5662650602409639,0.5180722891566265,0.525,0.43333333333333335
985,2017280,7988.4,253,0.0465221107006073,0.8116943359374998,0.95,0.20039419829845428,-0.02055,0.18253,0.0,0.01782,0.01609,-0.37717,0.17402,0.00018,0.55,0.3425,0.05,0.0075,0.1,0.499235444120225,0.6526315789473685,0.5679012345679012,0.5180722891566265,0.5365853658536586,0.423728813559322
986,2019328,8007.0,252,0.040299586951732635,0.8090820312499999,0.95,0.20055478811264038,-0.0192,0.41419,0.0,0.01685,0.01065,-0.38012,0.11475,0.00027,0.545,0.3475,0.05,0.0075,0.1,0.4951185351584936,0.6632653061224489,0.5421686746987951,0.5185185185185185,0.5301204819277109,0.4
987,2021376,8014.8,252,0.03954462707042694,0.8043701171875,0.95,0.20069241523742676,-0.0223,0.26976,0.0,0.01974,0.01788,-0.37779,0.17363,0.00012,0.55,0.345,0.05,0.0075,0.0975,0.49783772879313415,0.6739130434782609,0.5465116279069767,0.5185185185185185,0.5402298850574713,0.4074074074074074
988,2023424,8021.8,252,0.06695718318223953,0.8088378906249999,0.95,0.20073601603507996,-0.01772,0.17131,0.0,0.01927,0.01128,-0.37739,0.13447,0.00012,0.5575,0.345,0.05,0.0075,0.09,0.504596033872631,0.6739130434782609,0.5730337078651685,0.5308641975308642,0.5465116279069767,0.38461538461538464
989,2025472,8028.8,252,-0.00186513876542449,0.8079833984374999,0.95,0.20104175806045532,-0.01728,0.32731,0.0,0.02014,0.01064,-0.37595,0.1165,0.00018,0.5525,0.345,0.05,0.005,0.0975,0.4992029667632518,0.6739130434782609,0.5795454545454546,0.5263157894736842,0.5581395348837209,0.3448275862068966
990,2027520,8036.2,252,0.04767783358693123,0.8111816406249998,1.0,0.20087972283363342,-0.01876,0.20479,0.0,0.021,0.01225,-0.37378,0.12373,0.00027,0.555,0.3425,0.05,0.0025,0.1,0.5004808709814152,0.6630434782608695,0.5862068965517241,0.5540540540540541,0.5632183908045977,0.3333333333333333
991,2029568,8043.2,252,-0.007163718342781067,0.8095947265624999,1.0,0.20051534473896027,-0.0176,0.28272,0.0,0.01799,0.01706,-0.37745,0.15879,0.00012,0.54,0.35,0.05,0.0025,0.1075,0.4861433200579232,0.6436781609195402,0.5813953488372093,0.5394736842105263,0.5444444444444444,0.32786885245901637
992,2031616,8050.4,252,0.019029729068279266,0.80419921875,1.0,0.20034363865852356,-0.01477,0.19744,0.0,0.01959,0.00917,-0.37982,0.1166,0.00018,0.5375,0.3525,0.05,0.0025,0.1075,0.4835483014885971,0.6551724137931034,0.5833333333333334,0.5375,0.5340909090909091,0.3114754098360656
993,2033664,8057.5,252,0.04536053538322449,0.8059326171875,1.0,0.19989252090454102,-0.01786,0.18559,0.0,0.01708,0.01288,-0.38261,0.14062,0.00012,0.5425,0.3475,0.05,0.0025,0.1075,0.4874416440507743,0.6703296703296703,0.5802469135802469,0.5512820512820513,0.5393258426966292,0.29508196721311475
994,2035712,8096.8,251,0.02259843423962593,0.8112060546875,1.0,0.1994897425174713,-0.01614,0.20766,0.0,0.01808,0.00881,-0.3871,0.09824,0.00027,0.5475,0.345,0.0525,0.0025,0.105,0.48979135296484017,0.6888888888888889,0.5802469135802469,0.56,0.5333333333333333,0.3125
995,2037760,8104.0,251,0.03810672461986542,0.8128662109375,1.0,0.19938844442367554,-0.01667,0.31797,0.0,0.01892,0.0135,-0.39052,0.14365,0.00018,0.5525,0.335,0.0475,0.0025,0.11,0.49459451134049404,0.7,0.6024096385542169,0.56,0.5402298850574713,0.2923076923076923
996,2039808,8111.7,251,0.059185322374105453,0.8150146484374998,1.0,0.1986524760723114,-0.02131,0.26267,0.0,0.01986,0.01224,-0.39292,0.12578,0.00018,0.545,0.335,0.0525,0.0025,0.1175,0.48672750260101877,0.6941176470588235,0.6024096385542169,0.52,0.5444444444444444,0.31343283582089554
