iter,steps,time_s,sps,rew,level_mean,level_p90,std,pi_loss,v_loss,est_loss,sym_loss,kl,ent,clipfrac,lr,r_track_v,r_track_w,r_steady,r_tilt,r_act_rate,r_act_smooth,r_power,r_saturation,r_pendulum,r_bob_limit
1,4800,2.7,1762,0.14058,0.0,0.0,0.30006,-0.00413,2.54822,0.05999,0.00052,0.00389,0.64701,0.04717,0.001,0.74613,0.53127,0.17908,-5e-05,-0.01066,-0.01596,-0.01248,0.0,-0.0115,0.0
2,9600,6.1,1570,0.14282,0.0,0.0,0.2986,-0.00528,0.15192,0.00569,0.00104,0.0049,0.63889,0.05733,0.001,0.75168,0.57775,0.15012,-7e-05,-0.01124,-0.01692,-0.0113,0.0,-0.01187,0.0
3,14400,8.8,1633,0.12807,0.0,0.0,0.29923,-0.00553,0.07656,0.00291,0.00184,0.00435,0.63105,0.051,0.001,0.70036,0.49037,0.14218,-9e-05,-0.01067,-0.01602,-0.01377,0.0,-0.01162,0.0
4,19200,11.3,1696,0.13611,0.0,0.0,0.29917,-0.0052,0.07252,0.00225,0.00244,0.00453,0.63836,0.05096,0.001,0.73501,0.54684,0.13428,-0.00025,-0.01064,-0.01587,-0.01531,0.0,-0.01287,-5e-05
5,24000,13.7,1753,0.12701,0.0,0.0,0.29964,-0.00573,0.05375,0.00197,0.00218,0.00615,0.63699,0.07875,0.001,0.68091,0.51871,0.12939,-0.00022,-0.01061,-0.01586,-0.01707,-3e-05,-0.01514,-0.0
6,28800,15.9,1807,0.1257,0.0,0.0,0.2994,-0.00607,0.04202,0.00176,0.00281,0.00478,0.64212,0.05321,0.001,0.72752,0.46904,0.12455,-0.00057,-0.01072,-0.01609,-0.02022,-0.00024,-0.01628,0.0
7,33600,18.5,1819,0.11839,0.0,0.0,0.30005,-0.00785,0.03846,0.00209,0.00319,0.0066,0.64023,0.08421,0.001,0.6768,0.46161,0.11464,-0.00084,-0.01117,-0.01683,-0.02002,-6e-05,-0.02021,-0.0
8,38400,20.8,1847,0.12295,0.0,0.0,0.29956,-0.00664,0.04128,0.00185,0.00478,0.00522,0.64449,0.0625,0.001,0.6972,0.48431,0.11067,-0.00059,-0.01093,-0.01632,-0.01735,-3e-05,-0.01742,-1e-05
9,43200,23.1,1872,0.1209,0.0,0.0,0.2993,-0.0071,0.03658,0.00211,0.00447,0.00787,0.63838,0.1025,0.001,0.70797,0.45739,0.10905,-0.00057,-0.01134,-0.01703,-0.02048,0.0,-0.01596,0.0
10,48000,27.0,1776,0.1245,0.0,0.0,0.29964,-0.00692,0.03784,0.00241,0.00573,0.00634,0.63915,0.07975,0.001,0.71917,0.48719,0.10516,-0.00117,-0.01138,-0.01721,-0.02077,-2e-05,-0.01584,-9e-05
11,52800,29.5,1791,0.13384,0.0375,0.05,0.29901,-0.00714,0.02282,0.00219,0.00443,0.00832,0.63793,0.10375,0.001,0.70787,0.50734,0.17621,-5e-05,-0.01134,-0.01715,-0.014,-7e-05,-0.01042,0.0
12,57600,31.9,1805,0.13824,0.0375,0.05,0.29867,-0.00809,0.03661,0.00234,0.00569,0.00743,0.63401,0.09792,0.001,0.75218,0.55047,0.13185,-6e-05,-0.0112,-0.01698,-0.01413,-7e-05,-0.00963,0.0
13,62400,34.3,1817,0.13398,0.0375,0.05,0.29688,-0.00795,0.02896,0.00232,0.00509,0.00913,0.62316,0.12342,0.001,0.72664,0.53034,0.13634,-6e-05,-0.01137,-0.01721,-0.01447,-7e-05,-0.01031,0.0
14,67200,36.8,1827,0.13512,0.0375,0.05,0.2973,-0.00759,0.04095,0.00228,0.00626,0.00735,0.6131,0.09475,0.001,0.76354,0.50948,0.13024,-7e-05,-0.01086,-0.01634,-0.01499,-7e-05,-0.00978,0.0
15,72000,39.1,1842,0.12567,0.0375,0.05,0.29841,-0.00964,0.03058,0.00224,0.00603,0.00795,0.62227,0.1085,0.001,0.69695,0.49273,0.12243,-8e-05,-0.01126,-0.01709,-0.01578,-7e-05,-0.01117,-0.0
16,76800,41.4,1856,0.13016,0.0375,0.05,0.29769,-0.01196,0.03113,0.00253,0.0069,0.00932,0.6253,0.12179,0.001,0.72156,0.52372,0.11257,-0.00018,-0.01148,-0.01743,-0.01542,-6e-05,-0.01163,-1e-05
17,81600,43.9,1860,0.12041,0.0375,0.05,0.29524,-0.01141,0.0227,0.00262,0.0067,0.00868,0.61017,0.11387,0.001,0.69296,0.46454,0.10714,-0.00025,-0.0115,-0.0175,-0.01839,-6e-05,-0.01281,-1e-05
18,86400,46.2,1869,0.13148,0.0375,0.05,0.29511,-0.01022,0.02985,0.00282,0.00799,0.00997,0.59229,0.12379,0.001,0.74223,0.53015,0.10212,-0.00079,-0.01099,-0.01659,-0.01788,-7e-05,-0.01309,-0.00027
19,91200,48.6,1875,0.12273,0.0375,0.05,0.29546,-0.01112,0.02576,0.00291,0.00761,0.00982,0.59717,0.13012,0.001,0.72971,0.45428,0.10096,-0.00056,-0.01106,-0.0166,-0.01653,-8e-05,-0.01278,-0.0
20,96000,51.7,1857,0.1277,0.0375,0.05,0.29512,-0.01233,0.02882,0.00283,0.00715,0.01098,0.59705,0.14496,0.001,0.73455,0.50317,0.09911,-0.00133,-0.0114,-0.01741,-0.01766,-7e-05,-0.012,0.0
21,100800,54.3,1857,0.1434,0.07812,0.1,0.29377,-0.0112,0.01989,0.00305,0.0061,0.00999,0.59001,0.12454,0.001,0.76016,0.546,0.17829,-4e-05,-0.01154,-0.01742,-0.01286,-0.00014,-0.00843,0.0
22,105600,56.8,1859,0.13831,0.07812,0.1,0.2931,-0.01396,0.03332,0.00319,0.00787,0.01019,0.57653,0.13304,0.001,0.72253,0.56589,0.14983,-6e-05,-0.01147,-0.01745,-0.01685,-0.00014,-0.00914,0.0
23,110400,59.5,1856,0.1356,0.07812,0.1,0.29132,-0.01201,0.036,0.00319,0.00832,0.01235,0.56704,0.15692,0.001,0.70861,0.55604,0.14731,-6e-05,-0.01157,-0.0175,-0.01673,-0.00013,-0.00997,0.0
24,115200,62.2,1852,0.1367,0.07812,0.1,0.28938,-0.01211,0.02499,0.00312,0.00876,0.01248,0.54521,0.16388,0.001,0.71243,0.56486,0.14667,-7e-05,-0.01138,-0.01742,-0.0186,-0.00014,-0.00933,-0.0
25,120000,64.7,1853,0.13439,0.07812,0.1,0.28807,-0.01307,0.02245,0.00317,0.00952,0.01111,0.52961,0.15237,0.001,0.72899,0.53092,0.14146,-7e-05,-0.01137,-0.01711,-0.01822,-0.00015,-0.01057,0.0
26,124800,67.5,1850,0.13427,0.07812,0.1,0.28806,-0.01162,0.03165,0.00327,0.00948,0.01231,0.52096,0.15887,0.001,0.73073,0.52939,0.13647,-0.00012,-0.01129,-0.01711,-0.01505,-0.00014,-0.01015,0.0
27,129600,69.8,1856,0.12678,0.07812,0.1,0.2873,-0.01663,0.0306,0.00351,0.01188,0.01303,0.51942,0.16625,0.00067,0.68608,0.49243,0.14328,-0.00012,-0.01157,-0.01762,-0.01458,-0.00015,-0.00993,-1e-05
28,134400,72.1,1863,0.13147,0.07812,0.1,0.28675,-0.01454,0.03296,0.00308,0.01242,0.0147,0.51019,0.17896,0.00044,0.74526,0.48523,0.14018,-0.00035,-0.01122,-0.0169,-0.01734,-0.00014,-0.00997,-0.0
29,139200,74.3,1875,0.1284,0.07812,0.1,0.28738,-0.01322,0.03109,0.00314,0.0105,0.00901,0.51107,0.11325,0.00067,0.70308,0.49974,0.13799,-0.00103,-0.01157,-0.01752,-0.01644,-0.00014,-0.01014,0.0
30,144000,77.3,1862,0.12843,0.07812,0.1,0.28817,-0.01464,0.02229,0.00341,0.01056,0.01099,0.52064,0.13425,0.001,0.67959,0.52644,0.13748,-0.00173,-0.01152,-0.01744,-0.01677,-0.00016,-0.01158,0.0
31,148800,79.5,1872,0.13915,0.11563,0.15,0.28855,-0.01153,0.02096,0.00284,0.00749,0.01005,0.52589,0.13258,0.001,0.73318,0.53722,0.17223,-6e-05,-0.01117,-0.01672,-0.01457,-0.0002,-0.00841,0.0
32,153600,81.8,1878,0.1352,0.11563,0.15,0.28856,-0.01525,0.02708,0.00317,0.01076,0.01321,0.52799,0.16217,0.00067,0.71319,0.57566,0.12038,-0.00011,-0.0114,-0.0171,-0.01747,-0.00021,-0.01088,-2e-05
33,158400,84.2,1882,0.13012,0.11563,0.15,0.28684,-0.01505,0.02194,0.00331,0.01078,0.01077,0.52108,0.13575,0.001,0.70567,0.54051,0.11445,-0.00021,-0.01136,-0.01704,-0.02001,-0.00022,-0.01061,-1e-05
34,163200,86.4,1888,0.13438,0.11563,0.15,0.28713,-0.01269,0.02826,0.00359,0.00979,0.01458,0.50888,0.18637,0.00067,0.73092,0.5693,0.10153,-0.0007,-0.01095,-0.01654,-0.01675,-0.00021,-0.01278,-0.0
35,168000,89.0,1888,0.13028,0.11563,0.15,0.28704,-0.013,0.02891,0.00329,0.00882,0.01182,0.51314,0.15563,0.001,0.71824,0.54747,0.0955,-0.00149,-0.01111,-0.01663,-0.01626,-0.00031,-0.01263,0.0
36,172800,91.8,1882,0.12418,0.11469,0.15,0.287,-0.01416,0.03946,0.00324,0.0101,0.01333,0.51106,0.15979,0.001,0.70073,0.51206,0.10052,-0.00344,-0.01122,-0.01683,-0.01921,-0.00022,-0.0122,0.0
37,177600,94.3,1883,0.12308,0.11354,0.15,0.28635,-0.01326,0.02113,0.00357,0.00833,0.01282,0.50712,0.15892,0.001,0.69859,0.49978,0.09882,-0.00293,-0.01124,-0.01699,-0.02074,-0.00038,-0.01412,-1e-05
38,182400,96.9,1883,0.13071,0.11354,0.15,0.28528,-0.01503,0.02583,0.00397,0.00792,0.01436,0.4983,0.17238,0.00067,0.74969,0.53582,0.09283,-0.00285,-0.01158,-0.01761,-0.02317,-0.0005,-0.01554,0.0
39,187200,99.3,1885,0.11826,0.11354,0.15,0.28436,-0.01342,0.03393,0.00389,0.00817,0.01344,0.48812,0.16583,0.00067,0.69271,0.46102,0.09484,-0.0026,-0.01104,-0.01669,-0.02177,-0.00023,-0.01366,0.0
40,192000,102.1,1881,0.12332,0.11354,0.15,0.28476,-0.01497,0.02657,0.00369,0.0091,0.01409,0.48297,0.169,0.001,0.71832,0.48353,0.09585,-0.00191,-0.01115,-0.01682,-0.0213,-0.00022,-0.01306,-8e-05
41,196800,104.3,1886,0.13466,0.14896,0.2,0.28355,-0.01247,0.01884,0.00362,0.00668,0.0089,0.48367,0.11521,0.001,0.73186,0.49385,0.17199,-4e-05,-0.0113,-0.01704,-0.01451,-0.0003,-0.0079,0.0
42,201600,106.9,1885,0.1381,0.14896,0.2,0.28179,-0.01411,0.01927,0.00374,0.00772,0.01035,0.46345,0.13554,0.001,0.75284,0.55444,0.13208,-0.00017,-0.01156,-0.01758,-0.01928,-0.00029,-0.00945,-3e-05
43,206400,109.2,1889,0.13129,0.14896,0.2,0.28257,-0.01501,0.02464,0.00397,0.00834,0.01084,0.45718,0.13621,0.001,0.74266,0.50419,0.12581,-0.00162,-0.01144,-0.01719,-0.01829,-0.00028,-0.0107,-0.00027
44,211200,111.4,1896,0.13021,0.14804,0.2,0.28192,-0.01133,0.026,0.00378,0.00907,0.01048,0.46149,0.12542,0.001,0.74966,0.49161,0.12291,-0.00043,-0.01126,-0.01701,-0.01959,-0.00026,-0.00926,-7e-05
45,216000,113.7,1900,0.13024,0.14792,0.2,0.28137,-0.01391,0.02978,0.00388,0.00941,0.01234,0.45412,0.15833,0.001,0.68587,0.56137,0.11353,-0.00023,-0.0116,-0.0176,-0.01764,-0.00028,-0.01102,-5e-05
46,220800,116.4,1897,0.12343,0.14885,0.2,0.2806,-0.01027,0.03602,0.00393,0.01014,0.01228,0.44589,0.16208,0.001,0.67053,0.51636,0.11155,-0.00052,-0.01115,-0.01683,-0.02356,-0.00031,-0.01174,0.0
47,225600,119.2,1893,0.12017,0.15,0.2,0.28062,-0.01179,0.0271,0.00383,0.00966,0.01308,0.44217,0.17054,0.001,0.68806,0.46211,0.11414,-0.00063,-0.01113,-0.01684,-0.02226,-0.00037,-0.01133,-7e-05
48,230400,121.5,1896,0.12789,0.15,0.2,0.28014,-0.01523,0.02225,0.00354,0.00938,0.01563,0.44077,0.19333,0.00044,0.70291,0.52243,0.11524,-0.0013,-0.01119,-0.01693,-0.02029,-0.00029,-0.01158,-8e-05
49,235200,123.8,1900,0.12889,0.14905,0.2,0.27951,-0.01084,0.03448,0.00348,0.00973,0.00886,0.43526,0.11125,0.00067,0.7225,0.50833,0.12278,-0.00097,-0.01142,-0.01734,-0.02043,-0.00028,-0.00999,-9e-05
50,240000,126.6,1896,0.11346,0.14896,0.2,0.27956,-0.01447,0.03706,0.00344,0.01093,0.01188,0.43015,0.15146,0.001,0.60855,0.47567,0.11349,-0.0002,-0.01133,-0.01716,-0.0224,-0.00029,-0.01177,0.0
51,244800,128.9,1899,0.1297,0.18021,0.25,0.27893,-0.01139,0.01928,0.00446,0.00955,0.00875,0.43023,0.11646,0.001,0.6486,0.5118,0.19422,-5e-05,-0.0115,-0.01736,-0.01993,-0.00036,-0.00838,0.0
52,249600,131.2,1902,0.13968,0.18021,0.25,0.27779,-0.01345,0.01778,0.00485,0.01022,0.01488,0.41852,0.18092,0.00067,0.75981,0.54958,0.14682,-0.00016,-0.01116,-0.0168,-0.02096,-0.00032,-0.00996,-0.0
53,254400,133.6,1904,0.12751,0.18021,0.25,0.27656,-0.01641,0.02415,0.0049,0.01251,0.01337,0.40599,0.17137,0.001,0.67106,0.53608,0.12761,-0.00022,-0.01104,-0.01668,-0.01922,-0.00034,-0.01218,0.0
54,259200,135.9,1908,0.1283,0.18021,0.25,0.27666,-0.01545,0.02817,0.00537,0.01124,0.01355,0.39908,0.17279,0.00067,0.69332,0.52267,0.12644,-0.00046,-0.01078,-0.01627,-0.01954,-0.00053,-0.01188,0.0
55,264000,138.1,1912,0.12606,0.18021,0.25,0.27589,-0.01541,0.03073,0.00567,0.01175,0.01315,0.39721,0.16029,0.001,0.67213,0.52184,0.12618,-0.00103,-0.01112,-0.01677,-0.01892,-0.00032,-0.01143,0.0
56,268800,140.3,1916,0.12764,0.18115,0.25,0.27527,-0.01545,0.02565,0.00497,0.01105,0.01505,0.38811,0.18183,0.00044,0.70442,0.51524,0.12019,-0.00111,-0.01134,-0.01716,-0.02318,-0.00033,-0.01027,-5e-05
57,273600,142.7,1917,0.12576,0.18221,0.25,0.27573,-0.0119,0.03566,0.00562,0.0114,0.01017,0.38727,0.13017,0.00067,0.71599,0.4955,0.11676,-0.00141,-0.01111,-0.01681,-0.02465,-0.00035,-0.01206,-7e-05
58,278400,144.8,1922,0.13406,0.18125,0.25,0.27524,-0.01557,0.01841,0.00515,0.01293,0.01275,0.38734,0.15633,0.00067,0.77059,0.52065,0.11049,-0.00163,-0.01097,-0.01646,-0.02116,-0.00033,-0.01054,-4e-05
59,283200,147.3,1922,0.12425,0.1822,0.25,0.2735,-0.01474,0.02822,0.00533,0.01327,0.01222,0.37569,0.151,0.001,0.6928,0.49674,0.11512,-0.00237,-0.01137,-0.0171,-0.01974,-0.00034,-0.01127,-0.0
60,288000,150.3,1916,0.12278,0.18185,0.25,0.27225,-0.01003,0.03997,0.00582,0.0117,0.01555,0.35775,0.17721,0.001,0.70235,0.48161,0.11809,-0.00263,-0.01082,-0.0163,-0.02394,-0.00034,-0.01188,-5e-05
61,292800,152.6,1919,0.13274,0.21458,0.3,0.27162,-0.01308,0.02241,0.00532,0.01014,0.01014,0.34666,0.12808,0.001,0.62415,0.57539,0.18425,-8e-05,-0.01084,-0.01638,-0.0201,-0.00037,-0.00864,0.0
62,297600,154.8,1923,0.1417,0.21458,0.3,0.27095,-0.01204,0.03273,0.00572,0.00965,0.01379,0.34031,0.17921,0.001,0.74539,0.58343,0.14582,-0.00011,-0.01091,-0.01632,-0.02154,-0.00035,-0.00845,-0.0
63,302400,157.0,1926,0.12631,0.21458,0.3,0.27,-0.01496,0.0345,0.00591,0.01048,0.01478,0.33177,0.1855,0.00044,0.647,0.53944,0.13587,-0.00141,-0.01092,-0.01634,-0.01956,-0.00038,-0.01039,-0.00025
64,307200,159.2,1929,0.13165,0.2155,0.3,0.26925,-0.01233,0.02546,0.00585,0.01064,0.00979,0.32217,0.1275,0.00067,0.698,0.54811,0.12946,-0.00056,-0.01099,-0.01647,-0.0209,-0.00045,-0.00971,0.0
65,312000,161.6,1930,0.12658,0.21563,0.3,0.26987,-0.01429,0.02952,0.00574,0.00964,0.01435,0.31964,0.18146,0.00044,0.7058,0.4912,0.12732,-0.00052,-0.01092,-0.01644,-0.02054,-0.0004,-0.00948,-0.00018
66,316800,164.0,1931,0.11568,0.21466,0.3,0.27065,-0.01207,0.03896,0.00572,0.00919,0.00962,0.32958,0.12367,0.00067,0.63597,0.46386,0.12265,-0.00036,-0.01091,-0.01659,-0.02211,-0.00038,-0.01114,0.0
67,321600,166.6,1931,0.11961,0.21563,0.3,0.26947,-0.01455,0.03839,0.00588,0.00935,0.01358,0.32925,0.17567,0.00067,0.66533,0.4699,0.12248,-0.00022,-0.01083,-0.01651,-0.02348,-0.00044,-0.01009,0.0
68,326400,168.9,1932,0.1228,0.21563,0.3,0.26883,-0.01463,0.02774,0.00596,0.00947,0.01428,0.31587,0.18504,0.001,0.67658,0.48802,0.12117,-0.00068,-0.01054,-0.01593,-0.02081,-0.00041,-0.00923,-0.00021
69,331200,171.4,1933,0.12038,0.21657,0.3,0.26809,-0.01505,0.02384,0.00621,0.00911,0.01542,0.3101,0.19262,0.00044,0.68683,0.47048,0.1134,-0.00196,-0.01058,-0.01596,-0.02539,-0.0004,-0.01234,-0.00026
70,336000,174.1,1930,0.12512,0.2171,0.3,0.26745,-0.01395,0.02133,0.00658,0.01016,0.00907,0.30187,0.11896,0.00067,0.73657,0.46528,0.11099,-0.00097,-0.0105,-0.01554,-0.02103,-0.00042,-0.01276,-0.0004
71,340800,176.5,1931,0.12899,0.24167,0.3,0.26673,-0.01215,0.01975,0.00579,0.00801,0.01323,0.29346,0.1655,0.00044,0.61651,0.53471,0.19577,-7e-05,-0.0104,-0.01547,-0.02107,-0.00048,-0.00957,-1e-05
72,345600,178.9,1932,0.13625,0.24167,0.3,0.26635,-0.01357,0.02924,0.00608,0.00882,0.01014,0.28788,0.13329,0.00067,0.71433,0.55412,0.15529,-0.00018,-0.01024,-0.01521,-0.025,-0.00046,-0.01006,-0.00011
73,350400,181.2,1934,0.11888,0.24167,0.3,0.26702,-0.01209,0.0269,0.00641,0.01003,0.0121,0.28788,0.16046,0.001,0.6282,0.47835,0.14686,-0.00107,-0.01029,-0.01523,-0.02465,-0.00048,-0.01285,-3e-05
74,355200,183.5,1935,0.12274,0.24121,0.3,0.26683,-0.01264,0.04572,0.0066,0.00995,0.01479,0.29292,0.18575,0.00067,0.64225,0.50656,0.14451,-0.00155,-0.01033,-0.01531,-0.02251,-0.00044,-0.01161,-3e-05
75,360000,185.8,1937,0.12442,0.24063,0.3,0.26642,-0.01245,0.02877,0.00616,0.00955,0.01243,0.28841,0.16979,0.00067,0.65801,0.51926,0.13155,-0.0004,-0.01061,-0.01558,-0.02524,-0.00056,-0.01223,0.0
76,364800,188.1,1939,0.1159,0.24256,0.3,0.26529,-0.01566,0.04325,0.00626,0.01034,0.01503,0.28013,0.18588,0.00044,0.60119,0.50072,0.12001,-0.00134,-0.01059,-0.01548,-0.02113,-0.00049,-0.01392,0.0
77,369600,190.5,1940,0.11404,0.24284,0.3,0.26589,-0.01217,0.03389,0.00683,0.0108,0.01173,0.27542,0.14729,0.00067,0.60992,0.4891,0.11244,-0.00143,-0.01013,-0.01475,-0.02689,-0.0005,-0.01318,-6e-05
78,374400,192.7,1943,0.1186,0.24375,0.3,0.26621,-0.01451,0.03359,0.00659,0.01148,0.01652,0.28244,0.20421,0.00044,0.64861,0.5005,0.10737,-0.00229,-0.01046,-0.01521,-0.02842,-0.0005,-0.01351,-6e-05
79,379200,194.9,1945,0.11241,0.2431,0.3,0.26589,-0.01304,0.0389,0.0067,0.01087,0.01078,0.28285,0.14004,0.00067,0.63377,0.46315,0.10238,-0.0023,-0.0101,-0.01462,-0.02899,-0.00052,-0.01444,-8e-05
80,384000,197.5,1945,0.10524,0.2422,0.3,0.26519,-0.01181,0.03826,0.00654,0.0099,0.0144,0.2769,0.1725,0.00067,0.59278,0.42547,0.10875,-0.00204,-0.01008,-0.01478,-0.02814,-0.00054,-0.01491,-0.0
81,388800,199.9,1945,0.13018,0.26146,0.35,0.2655,-0.01307,0.02303,0.00741,0.00779,0.0121,0.27253,0.156,0.001,0.64955,0.53125,0.17848,-0.00043,-0.00987,-0.01425,-0.02203,-0.00052,-0.01035,0.0
82,393600,202.6,1943,0.12932,0.26146,0.35,0.26648,-0.01306,0.04384,0.00716,0.00935,0.01494,0.2808,0.19033,0.00067,0.69507,0.5187,0.14047,-0.00049,-0.01018,-0.01449,-0.02356,-0.00052,-0.01177,0.0
83,398400,205.2,1941,0.11715,0.26146,0.35,0.26644,-0.00992,0.02746,0.00748,0.01049,0.01172,0.28727,0.15129,0.00067,0.64439,0.4592,0.13492,-0.00038,-0.0103,-0.01484,-0.0283,-0.00053,-0.01265,0.0
84,403200,207.7,1941,0.12896,0.26192,0.35,0.26637,-0.01105,0.02529,0.00742,0.00789,0.0152,0.28649,0.18771,0.00067,0.73471,0.48902,0.12995,-0.00015,-0.01041,-0.01507,-0.02621,-0.00049,-0.01174,0.0
85,408000,210.3,1940,0.11869,0.2625,0.35,0.2667,-0.01364,0.03866,0.00815,0.009,0.01383,0.28651,0.17429,0.001,0.64274,0.48542,0.11875,-0.00244,-0.00977,-0.01394,-0.02039,-0.00051,-0.01301,0.0
86,412800,213.0,1938,0.12419,0.26301,0.35,0.26819,-0.01203,0.03342,0.00813,0.01027,0.0157,0.29756,0.17304,0.00067,0.70937,0.47863,0.12295,-0.00234,-0.0094,-0.01343,-0.02202,-0.0005,-0.013,-2e-05
87,417600,215.7,1936,0.12338,0.26461,0.35,0.26959,-0.01531,0.02464,0.00756,0.01009,0.0133,0.31296,0.17017,0.001,0.66518,0.51263,0.12683,-0.00199,-0.00999,-0.01452,-0.02969,-0.0006,-0.01406,0.0
88,422400,218.0,1937,0.11978,0.26562,0.35,0.26905,-0.01309,0.02774,0.00711,0.01121,0.01517,0.31996,0.18333,0.00067,0.65773,0.50131,0.11373,-0.00318,-0.01019,-0.01487,-0.03067,-0.00056,-0.01554,0.0
89,427200,220.6,1936,0.11206,0.26537,0.35,0.26993,-0.01219,0.03669,0.00789,0.01093,0.01457,0.31811,0.17775,0.001,0.6132,0.48974,0.09539,-0.00316,-0.01,-0.01448,-0.02654,-0.00097,-0.01842,-0.0
90,432000,223.4,1934,0.1084,0.26482,0.35,0.27138,-0.0138,0.04278,0.00812,0.0103,0.01193,0.33282,0.15233,0.001,0.62608,0.44046,0.092,-0.00214,-0.00984,-0.01429,-0.02632,-0.00066,-0.01714,0.0
91,436800,225.6,1936,0.12958,0.28646,0.35,0.2713,-0.01281,0.02188,0.00712,0.00871,0.014,0.34166,0.18075,0.001,0.68997,0.50861,0.15648,-0.00011,-0.01036,-0.01515,-0.02076,-0.00057,-0.01232,0.0
92,441600,227.8,1938,0.14048,0.28646,0.35,0.27075,-0.01316,0.02547,0.00763,0.01067,0.01452,0.33677,0.18983,0.00067,0.79335,0.54466,0.13016,-0.00029,-0.01091,-0.01577,-0.02419,-0.00052,-0.01171,0.0
93,446400,230.3,1938,0.1219,0.28593,0.35,0.27098,-0.01336,0.03739,0.00812,0.01117,0.01605,0.33329,0.19733,0.00044,0.6761,0.47676,0.13042,-0.00043,-0.01045,-0.01505,-0.02078,-0.00054,-0.01288,0.0
94,451200,232.6,1940,0.1185,0.28587,0.35,0.27114,-0.01294,0.03292,0.00792,0.01025,0.01205,0.33754,0.15742,0.00067,0.63821,0.48889,0.12456,-0.00038,-0.01031,-0.01514,-0.02559,-0.00139,-0.0138,-2e-05
95,456000,234.9,1941,0.11543,0.28632,0.35,0.27213,-0.01061,0.04713,0.00811,0.01131,0.01506,0.34282,0.18429,0.00067,0.63468,0.47364,0.12137,-0.00096,-0.01067,-0.01569,-0.02818,-0.00059,-0.01508,0.0
96,460800,237.4,1941,0.12035,0.28684,0.35,0.27346,-0.01543,0.03104,0.00782,0.01027,0.01316,0.35584,0.17092,0.001,0.67025,0.49026,0.11143,-0.00182,-0.01054,-0.01527,-0.02516,-0.00064,-0.015,0.0
97,465600,239.9,1941,0.11685,0.288,0.35,0.27338,-0.0126,0.03058,0.00761,0.01116,0.01659,0.36264,0.20833,0.00044,0.61428,0.5106,0.11881,-0.00226,-0.01051,-0.01535,-0.02768,-0.00051,-0.01475,0.0
98,470400,242.3,1942,0.11112,0.28854,0.35,0.27404,-0.01281,0.04874,0.00832,0.01269,0.0131,0.36431,0.16242,0.00067,0.63633,0.44132,0.10406,-0.0016,-0.01015,-0.01466,-0.02833,-0.0008,-0.01501,0.0
99,475200,244.9,1940,0.11256,0.28962,0.35,0.2739,-0.00958,0.04129,0.00811,0.01076,0.01262,0.36948,0.162,0.00067,0.62776,0.47297,0.10056,-0.00358,-0.00985,-0.01419,-0.02635,-0.00059,-0.01699,0.0
100,480000,248.1,1935,0.12107,0.28981,0.35,0.27331,-0.01568,0.03537,0.00835,0.01149,0.0145,0.36362,0.1705,0.00044,0.68113,0.49204,0.12053,-0.00434,-0.00978,-0.01419,-0.02508,-0.00068,-0.01649,0.0
101,484800,250.4,1936,0.13084,0.30417,0.35,0.27316,-0.01331,0.02599,0.00692,0.00949,0.01025,0.36092,0.13342,0.00067,0.64141,0.55207,0.17703,-0.00017,-0.00963,-0.01378,-0.02506,-0.00058,-0.01284,0.0
102,489600,253.0,1936,0.13301,0.30417,0.35,0.27319,-0.01022,0.03429,0.00742,0.01073,0.01561,0.36079,0.19267,0.00067,0.67773,0.56199,0.15524,-0.00081,-0.00984,-0.01419,-0.02609,-0.00083,-0.01312,0.0
103,494400,255.4,1935,0.12483,0.30424,0.35,0.274,-0.01021,0.03669,0.00732,0.01059,0.01248,0.36391,0.15142,0.001,0.66309,0.51266,0.1455,-0.00226,-0.00983,-0.01416,-0.02735,-0.00063,-0.0145,0.0
104,499200,257.9,1936,0.12933,0.30554,0.35,0.27432,-0.01537,0.02629,0.00706,0.01136,0.0122,0.37191,0.15458,0.001,0.66647,0.55603,0.1397,-0.00244,-0.00983,-0.01409,-0.02623,-0.00077,-0.0155,0.0
105,504000,260.4,1936,0.11799,0.30565,0.35,0.27422,-0.01405,0.03995,0.00682,0.01116,0.01622,0.37091,0.18942,0.00044,0.64138,0.48872,0.12956,-0.00248,-0.00974,-0.014,-0.03108,-0.00059,-0.0177,0.0
106,508800,263.3,1933,0.1183,0.30549,0.35,0.27363,-0.0136,0.02318,0.00732,0.01198,0.0102,0.36773,0.13146,0.00067,0.63441,0.49673,0.12712,-0.00298,-0.00983,-0.01401,-0.0267,-0.00065,-0.01689,0.0
107,513600,281.7,1824,0.12475,0.30688,0.35,0.27257,-0.01471,0.02786,0.00772,0.0113,0.01505,0.3586,0.18392,0.00067,0.64618,0.55075,0.12259,-0.00146,-0.01007,-0.01425,-0.03018,-0.00068,-0.01535,0.0
108,518400,288.7,1796,0.12039,0.30729,0.35,0.27303,-0.01053,0.025,0.00776,0.01161,0.01568,0.35499,0.194,0.00044,0.6265,0.5228,0.12414,-0.00038,-0.00994,-0.01401,-0.0293,-0.00061,-0.01533,0.0
109,523200,291.2,1797,0.11362,0.3077,0.35,0.27303,-0.0117,0.04391,0.00746,0.01268,0.01227,0.35913,0.15421,0.00067,0.6145,0.493,0.10176,-0.00318,-0.00964,-0.01349,-0.02416,-0.00079,-0.01761,0.0
110,528000,297.1,1777,0.11901,0.30802,0.35,0.27339,-0.0119,0.04055,0.00802,0.01215,0.01303,0.35955,0.16475,0.001,0.65761,0.49634,0.11703,-0.00387,-0.00965,-0.01375,-0.02689,-0.00069,-0.01771,0.0
111,532800,307.2,1734,0.13917,0.32708,0.4,0.27355,-0.01392,0.01613,0.01017,0.01087,0.01324,0.36324,0.16629,0.001,0.72755,0.56021,0.16724,-0.0013,-0.00997,-0.01397,-0.02424,-0.00089,-0.0129,0.0
112,537600,309.5,1737,0.1366,0.32708,0.4,0.27336,-0.01197,0.02182,0.01014,0.01204,0.01551,0.36225,0.19437,0.00067,0.7287,0.54445,0.14808,-0.00142,-0.00981,-0.01368,-0.01723,-0.00066,-0.0124,0.0
113,542400,311.9,1739,0.12908,0.32761,0.4,0.27274,-0.01609,0.0349,0.01019,0.01222,0.01529,0.35818,0.18421,0.00044,0.69412,0.52123,0.13995,-0.00209,-0.0101,-0.01422,-0.0226,-0.00063,-0.01489,0.0
114,547200,318.6,1718,0.1208,0.32904,0.4,0.27244,-0.01376,0.0332,0.00945,0.01052,0.01058,0.35236,0.13733,0.00067,0.62722,0.51569,0.13426,-0.00124,-0.00985,-0.01382,-0.02809,-0.00062,-0.01555,0.0
115,552000,321.0,1720,0.12216,0.32977,0.4,0.2716,-0.01552,0.01839,0.01083,0.01115,0.01603,0.34724,0.19363,0.00044,0.65227,0.51357,0.12536,-0.00097,-0.0094,-0.01318,-0.0283,-0.00065,-0.01707,0.0
116,556800,323.4,1722,0.12022,0.3323,0.4,0.27148,-0.01168,0.04361,0.00985,0.01119,0.01005,0.34094,0.12812,0.00067,0.65722,0.48546,0.13246,-0.00144,-0.00994,-0.01396,-0.02689,-0.00064,-0.01586,0.0
117,561600,325.7,1724,0.10769,0.33189,0.4,0.27258,-0.01434,0.04606,0.01022,0.01099,0.01473,0.34563,0.18767,0.001,0.59017,0.45259,0.11739,-0.00373,-0.01006,-0.01412,-0.0319,-0.00073,-0.0185,0.0
118,566400,328.3,1725,0.11873,0.33191,0.4,0.27366,-0.01351,0.04261,0.01009,0.01206,0.01425,0.35929,0.17938,0.001,0.65409,0.49217,0.11962,-0.00143,-0.01033,-0.01425,-0.03119,-0.00064,-0.01653,0.0
119,571200,330.4,1729,0.11726,0.33166,0.4,0.27366,-0.0138,0.02862,0.01017,0.01136,0.01534,0.36742,0.19396,0.00044,0.62463,0.49708,0.12785,-0.00106,-0.01032,-0.01422,-0.02967,-0.00062,-0.0169,0.0
120,576000,333.3,1728,0.12273,0.33596,0.4,0.27478,-0.01206,0.04883,0.0094,0.01072,0.01034,0.37113,0.14121,0.00067,0.63359,0.53335,0.13207,-0.00103,-0.01069,-0.01473,-0.02356,-0.00064,-0.01685,0.0
121,580800,335.7,1730,0.12181,0.35,0.4,0.27565,-0.01288,0.03813,0.00861,0.0108,0.01574,0.38459,0.18412,0.00044,0.60346,0.53012,0.15191,-0.0001,-0.01063,-0.01446,-0.02492,-0.00073,-0.01655,0.0
122,585600,338.0,1732,0.13605,0.35,0.4,0.27459,-0.01396,0.03363,0.00984,0.01254,0.01249,0.38328,0.16183,0.00067,0.7257,0.56875,0.13169,-0.00021,-0.01117,-0.01509,-0.02363,-0.00068,-0.01487,0.0
123,590400,340.3,1735,0.11923,0.35053,0.4,0.27403,-0.01455,0.03834,0.00969,0.01322,0.01666,0.37221,0.20192,0.00044,0.6294,0.50414,0.12687,-0.00073,-0.01102,-0.01468,-0.02473,-0.00071,-0.01622,0.0
124,595200,342.7,1737,0.12137,0.35196,0.4,0.27407,-0.01414,0.02607,0.01031,0.0124,0.01297,0.3705,0.16604,0.00067,0.66344,0.50137,0.12733,-0.0014,-0.01045,-0.01426,-0.03448,-0.00103,-0.01681,0.0
125,600000,345.1,1739,0.11368,0.35216,0.4,0.27371,-0.01201,0.04721,0.01,0.01244,0.01499,0.36917,0.18404,0.00044,0.61559,0.4834,0.11944,-0.00318,-0.01002,-0.01388,-0.03303,-0.00075,-0.01656,0.0
126,604800,347.4,1741,0.10633,0.35441,0.4,0.27352,-0.01095,0.04563,0.01196,0.01225,0.01215,0.3656,0.15396,0.00067,0.61028,0.42249,0.11359,-0.00297,-0.01002,-0.01388,-0.03328,-0.00073,-0.01803,0.0
127,609600,349.9,1742,0.10251,0.35424,0.4,0.27366,-0.01446,0.05369,0.01218,0.01333,0.01277,0.36489,0.16675,0.001,0.55912,0.45037,0.12013,-0.00586,-0.00989,-0.01376,-0.03599,-0.0015,-0.02084,0.0
128,614400,352.3,1744,0.11403,0.35368,0.4,0.27469,-0.01564,0.02641,0.01162,0.01323,0.01729,0.37128,0.20654,0.00044,0.63117,0.47509,0.1236,-0.00178,-0.01035,-0.01437,-0.03977,-0.0008,-0.01833,0.0
129,619200,354.5,1747,0.11603,0.35417,0.4,0.27503,-0.01486,0.03283,0.0126,0.01273,0.01294,0.37866,0.16308,0.00044,0.65505,0.46314,0.11972,-0.00205,-0.01057,-0.01488,-0.03227,-0.00091,-0.01697,0.0
130,624000,357.6,1745,0.11158,0.3549,0.4,0.2753,-0.01395,0.05008,0.012,0.01313,0.01095,0.38159,0.13388,0.00067,0.61153,0.46578,0.1351,-0.00362,-0.01043,-0.01441,-0.03556,-0.0009,-0.01915,-0.0
131,628800,359.9,1747,0.12959,0.3625,0.45,0.27557,-0.01196,0.03157,0.01232,0.01256,0.01482,0.38575,0.17204,0.00044,0.66238,0.54464,0.16109,-0.00167,-0.01069,-0.01448,-0.0302,-0.00083,-0.01433,0.0
132,633600,391.0,1620,0.12906,0.3625,0.45,0.27557,-0.01224,0.04457,0.01295,0.01404,0.01313,0.38675,0.16104,0.00067,0.71291,0.50891,0.13895,-0.00108,-0.01081,-0.0149,-0.02743,-0.00077,-0.0152,0.0
133,638400,426.4,1497,0.11932,0.36139,0.45,0.27536,-0.01273,0.04649,0.01313,0.01266,0.01558,0.38575,0.1925,0.00067,0.65343,0.48479,0.13216,-0.00401,-0.01049,-0.01461,-0.02446,-0.00082,-0.01441,-4e-05
134,643200,462.1,1392,0.11106,0.36192,0.45,0.27506,-0.01484,0.04974,0.01171,0.01213,0.01356,0.38267,0.16917,0.001,0.56951,0.49571,0.12587,-0.00093,-0.0102,-0.01428,-0.03523,-0.00133,-0.01852,0.0
135,648000,501.6,1292,0.11535,0.36324,0.45,0.27645,-0.0132,0.03086,0.01302,0.01198,0.01342,0.38932,0.17108,0.001,0.63084,0.48612,0.111,-0.00057,-0.00992,-0.01381,-0.03266,-0.00081,-0.01671,-1e-05
136,652800,538.4,1213,0.10689,0.36639,0.45,0.27591,-0.01185,0.03133,0.01233,0.01131,0.01411,0.39693,0.182,0.001,0.59321,0.43959,0.12015,-0.00434,-0.00965,-0.01342,-0.03393,-0.00114,-0.01736,-5e-05
137,657600,575.4,1143,0.11507,0.37084,0.45,0.2767,-0.01213,0.02633,0.01308,0.01145,0.01578,0.39502,0.20567,0.001,0.61889,0.47753,0.13135,-0.00163,-0.01009,-0.01415,-0.03271,-0.00077,-0.01773,-1e-05
138,662400,614.3,1078,0.11784,0.37314,0.45,0.27663,-0.01573,0.02504,0.01281,0.01157,0.01558,0.40071,0.20554,0.001,0.63519,0.50244,0.12056,-0.00263,-0.00979,-0.01355,-0.03514,-0.00081,-0.01783,0.0
139,667200,653.5,1021,0.10918,0.37448,0.45,0.27636,-0.01177,0.0472,0.01235,0.01069,0.01051,0.39739,0.14325,0.001,0.58845,0.48342,0.11188,-0.00316,-0.00971,-0.01348,-0.03328,-0.00113,-0.01866,0.0
140,672000,692.1,971,0.11828,0.3729,0.45,0.27717,-0.01444,0.02488,0.01123,0.01066,0.01559,0.39901,0.1875,0.00067,0.63157,0.49192,0.13082,-0.00169,-0.0096,-0.01345,-0.02932,-0.00115,-0.0163,0.0
141,676800,746.9,906,0.12199,0.38229,0.45,0.27626,-0.01338,0.02363,0.01185,0.0102,0.01582,0.40221,0.19262,0.00067,0.59174,0.54258,0.1523,-0.00141,-0.00955,-0.01311,-0.02567,-0.00079,-0.01624,0.0
142,681600,766.0,890,0.1352,0.38229,0.45,0.27525,-0.01438,0.02758,0.01272,0.01179,0.01492,0.3898,0.17721,0.00067,0.71831,0.57251,0.13208,-0.00209,-0.00991,-0.01367,-0.02889,-0.00092,-0.01546,0.0
143,686400,768.5,893,0.12403,0.38197,0.45,0.27585,-0.01458,0.03216,0.01168,0.01069,0.01461,0.38735,0.17679,0.00067,0.64757,0.52694,0.13432,-0.00118,-0.00956,-0.01315,-0.02495,-0.00074,-0.01478,0.0
144,691200,770.9,897,0.12156,0.38154,0.45,0.27542,-0.01339,0.03991,0.01219,0.00929,0.01609,0.38948,0.19492,0.0003,0.66551,0.49584,0.12712,-0.00048,-0.01009,-0.01391,-0.02767,-0.00077,-0.01579,0.0
145,696000,773.5,900,0.11039,0.38139,0.45,0.27495,-0.01279,0.03724,0.01257,0.00951,0.00878,0.38385,0.11233,0.00044,0.53719,0.51568,0.12937,-0.00113,-0.00961,-0.01342,-0.03631,-0.00117,-0.01673,0.0
146,700800,776.1,903,0.11038,0.38465,0.45,0.27339,-0.01409,0.0315,0.01273,0.01089,0.01134,0.37375,0.14242,0.00067,0.61988,0.4584,0.1062,-0.00192,-0.00989,-0.0137,-0.0354,-0.00131,-0.01841,0.0
147,705600,778.6,906,0.11046,0.38801,0.45,0.27196,-0.01325,0.04059,0.0125,0.00988,0.01462,0.35658,0.18196,0.00067,0.61438,0.46504,0.10388,-0.0024,-0.00975,-0.01336,-0.03023,-0.00089,-0.01787,0.0
148,710400,781.0,910,0.11668,0.39046,0.45,0.27034,-0.01328,0.03328,0.01178,0.00956,0.01419,0.33882,0.18179,0.00067,0.65315,0.46446,0.12264,-0.00087,-0.01022,-0.01388,-0.03181,-0.00132,-0.01538,0.0
149,715200,783.4,913,0.11958,0.3913,0.45,0.26989,-0.01536,0.02543,0.01146,0.00799,0.0154,0.32664,0.18512,0.00044,0.63737,0.50248,0.13165,-0.00138,-0.00949,-0.01298,-0.03461,-0.00179,-0.01541,0.0
150,720000,786.0,916,0.12122,0.39678,0.45,0.27132,-0.01268,0.03244,0.01201,0.00864,0.01037,0.33106,0.13079,0.00067,0.62416,0.5136,0.15201,-0.0021,-0.01003,-0.01355,-0.03327,-0.00086,-0.01355,0.0
151,724800,788.4,919,0.11956,0.40656,0.5,0.27033,-0.01408,0.03768,0.01131,0.00916,0.0135,0.33753,0.15854,0.001,0.63371,0.50341,0.14679,-0.00423,-0.01007,-0.0138,-0.03541,-0.00096,-0.01548,-0.0
152,729600,790.7,923,0.11201,0.40521,0.5,0.26913,-0.01722,0.02936,0.01133,0.01113,0.01526,0.32139,0.19208,0.00044,0.63789,0.44219,0.1243,-0.00258,-0.01029,-0.014,-0.03924,-0.00087,-0.01734,0.0
153,734400,793.3,926,0.11227,0.40494,0.5,0.26903,-0.01103,0.04425,0.0123,0.01065,0.0108,0.31569,0.14079,0.00067,0.63801,0.4362,0.13549,-0.00268,-0.00957,-0.01304,-0.03108,-0.0013,-0.01683,-0.0
154,739200,795.8,929,0.11558,0.4037,0.5,0.26819,-0.01424,0.03855,0.01221,0.01125,0.01414,0.31061,0.18329,0.00067,0.65086,0.44714,0.13107,-0.0022,-0.00996,-0.01357,-0.02663,-0.00086,-0.01591,0.0
155,744000,798.2,932,0.10847,0.40326,0.5,0.26803,-0.01436,0.04253,0.01181,0.01056,0.01373,0.30392,0.1815,0.001,0.59901,0.44919,0.11414,-0.00201,-0.00985,-0.01315,-0.03641,-0.00102,-0.01516,0.0
156,748800,800.6,935,0.10339,0.40522,0.5,0.26809,-0.0132,0.0535,0.01222,0.01079,0.01681,0.30417,0.19621,0.0003,0.57547,0.42988,0.11269,-0.00317,-0.00989,-0.01348,-0.03838,-0.00092,-0.01418,-0.0
157,753600,802.9,939,0.10649,0.40544,0.5,0.26801,-0.01093,0.03921,0.01147,0.00965,0.00884,0.30357,0.12029,0.00044,0.57845,0.44848,0.12091,-0.00246,-0.00974,-0.01349,-0.03678,-0.00086,-0.01545,-1e-05
158,758400,805.6,941,0.10901,0.40625,0.5,0.26699,-0.01304,0.04389,0.01181,0.01145,0.0137,0.29709,0.16417,0.00067,0.61064,0.44093,0.1113,-0.00458,-0.00972,-0.01341,-0.02763,-0.00078,-0.01663,0.0
159,763200,808.3,944,0.10296,0.40516,0.5,0.26714,-0.0126,0.04267,0.0118,0.01135,0.0158,0.29066,0.19154,0.00067,0.55905,0.46108,0.10445,-0.00531,-0.01012,-0.01376,-0.03811,-0.00133,-0.01804,0.0
160,768000,811.1,947,0.10278,0.40806,0.5,0.26706,-0.0115,0.03996,0.01246,0.01079,0.01372,0.29368,0.16679,0.00067,0.53766,0.46828,0.10741,-0.00407,-0.0096,-0.0132,-0.03137,-0.00093,-0.01809,0.0
161,772800,813.4,950,0.11829,0.41121,0.5,0.26695,-0.01579,0.03173,0.01366,0.0099,0.01328,0.29082,0.166,0.001,0.59356,0.53738,0.13074,-0.00166,-0.00924,-0.01264,-0.03464,-0.00086,-0.01555,0.0
162,777600,815.7,953,0.12262,0.41042,0.5,0.26653,-0.01192,0.0301,0.01438,0.00979,0.01365,0.28823,0.17237,0.001,0.67758,0.51315,0.10931,-0.00094,-0.00926,-0.01265,-0.0368,-0.00079,-0.01343,0.0
163,782400,817.9,957,0.10599,0.41279,0.5,0.26713,-0.01499,0.0317,0.01441,0.01206,0.01401,0.2877,0.17892,0.001,0.56793,0.46521,0.10345,-0.0016,-0.00937,-0.01302,-0.03482,-0.00118,-0.01671,0.0
164,787200,820.6,959,0.10448,0.41386,0.5,0.26814,-0.01524,0.05241,0.01409,0.01265,0.01436,0.29748,0.1715,0.00067,0.58456,0.45329,0.09886,-0.00443,-0.00911,-0.01265,-0.03525,-0.00125,-0.01673,-1e-05
165,792000,823.3,962,0.10211,0.41146,0.5,0.26829,-0.01059,0.0271,0.01476,0.01297,0.01204,0.30441,0.15921,0.00067,0.57564,0.44155,0.08883,-0.00519,-0.00903,-0.01245,-0.04014,-0.00121,-0.01686,0.0
166,796800,828.1,962,0.09858,0.41222,0.5,0.26787,-0.01581,0.0391,0.01488,0.01264,0.0172,0.3027,0.20554,0.0003,0.56052,0.42924,0.09119,-0.0044,-0.00921,-0.0127,-0.03889,-0.0026,-0.02318,0.0
167,801600,830.4,965,0.10454,0.41301,0.5,0.26778,-0.01257,0.04894,0.01424,0.01134,0.00887,0.3001,0.11658,0.00044,0.58753,0.44562,0.10499,-0.00436,-0.00924,-0.01269,-0.02895,-0.00114,-0.01968,-2e-05
168,806400,833.1,968,0.11448,0.41184,0.5,0.26749,-0.01537,0.02882,0.01416,0.01035,0.01175,0.29781,0.15525,0.00067,0.6681,0.45078,0.09671,-0.00259,-0.00919,-0.01243,-0.02755,-0.00088,-0.01818,-0.0
169,811200,835.6,971,0.09934,0.41305,0.5,0.26784,-0.01372,0.04579,0.01429,0.01172,0.015,0.29731,0.18325,0.00067,0.59516,0.40047,0.0852,-0.00305,-0.00903,-0.01231,-0.03553,-0.00122,-0.02216,0.0
170,816000,838.5,973,0.10748,0.41445,0.5,0.26782,-0.01827,0.03454,0.01597,0.01287,0.01725,0.29935,0.20558,0.00044,0.62907,0.43791,0.091,-0.00389,-0.00891,-0.01202,-0.03423,-0.00096,-0.01901,0.0
171,820800,841.2,976,0.10567,0.41522,0.5,0.26786,-0.01376,0.04783,0.01421,0.0112,0.01216,0.29992,0.145,0.00067,0.57944,0.4435,0.11805,-0.00386,-0.00887,-0.01203,-0.03116,-0.00087,-0.01917,0.0
172,825600,843.7,979,0.11207,0.41364,0.5,0.26881,-0.0139,0.02867,0.01355,0.01278,0.01745,0.30417,0.19713,0.00044,0.62638,0.46821,0.1028,-0.00308,-0.00919,-0.01242,-0.03056,-0.00096,-0.01635,0.0
173,830400,846.1,981,0.11032,0.41508,0.5,0.26866,-0.01489,0.04079,0.01397,0.0136,0.01221,0.30979,0.15496,0.00067,0.62463,0.43938,0.11578,-0.00233,-0.00942,-0.01274,-0.0281,-0.00095,-0.01891,0.0
174,835200,848.8,984,0.10707,0.41586,0.5,0.26969,-0.01332,0.03855,0.01473,0.01365,0.01884,0.31358,0.20754,0.0003,0.60357,0.43202,0.11633,-0.00429,-0.00905,-0.01249,-0.03194,-0.0009,-0.01839,0.0
175,840000,851.2,987,0.11139,0.41667,0.5,0.27013,-0.01312,0.04005,0.01415,0.01294,0.01063,0.32284,0.13629,0.00044,0.62784,0.44207,0.11984,-0.00294,-0.0089,-0.01222,-0.03311,-0.00085,-0.01784,0.0
176,844800,853.4,990,0.10087,0.4156,0.5,0.26921,-0.0122,0.03851,0.01326,0.01171,0.01287,0.32156,0.15458,0.00067,0.5209,0.45677,0.12257,-0.00389,-0.00922,-0.01278,-0.03098,-0.00128,-0.0209,0.0
177,849600,856.0,993,0.11076,0.41796,0.55,0.26938,-0.0145,0.02641,0.01331,0.01368,0.01477,0.31493,0.18442,0.00044,0.60492,0.45728,0.12413,-0.00297,-0.00931,-0.01295,-0.03198,-0.00113,-0.02036,0.0
178,854400,866.3,986,0.10859,0.41875,0.55,0.26835,-0.01243,0.04337,0.01225,0.01237,0.01171,0.31423,0.15279,0.00067,0.59395,0.45455,0.11825,-0.0022,-0.00912,-0.01263,-0.03621,-0.00107,-0.01958,0.0
179,859200,868.8,989,0.09598,0.41874,0.55,0.26663,-0.01187,0.03277,0.01305,0.01193,0.01638,0.29609,0.18954,0.00067,0.55426,0.39482,0.10018,-0.00375,-0.00899,-0.0124,-0.03475,-0.00136,-0.01985,0.0
180,864000,871.3,992,0.10724,0.41936,0.55,0.26545,-0.01619,0.02957,0.01318,0.01201,0.0168,0.27927,0.19896,0.00044,0.61311,0.43268,0.10909,-0.0029,-0.00876,-0.01202,-0.03676,-0.00092,-0.02111,0.0
181,868800,873.8,994,0.11021,0.42709,0.55,0.26502,-0.01113,0.03236,0.01278,0.01055,0.01195,0.27152,0.15025,0.00067,0.57968,0.47788,0.12761,-0.00245,-0.00928,-0.01263,-0.03421,-0.001,-0.01939,0.0
182,873600,878.3,995,0.11068,0.42803,0.55,0.26483,-0.01586,0.0302,0.01345,0.01095,0.01459,0.26785,0.17792,0.00067,0.61351,0.45656,0.11491,-0.00364,-0.00908,-0.01234,-0.03269,-0.00111,-0.0193,0.0
183,878400,880.9,997,0.11056,0.42809,0.55,0.26544,-0.01258,0.0436,0.01301,0.01037,0.01963,0.26946,0.22267,0.0003,0.61246,0.45389,0.12057,-0.00289,-0.00891,-0.0121,-0.03425,-0.00108,-0.01787,0.0
184,883200,886.5,996,0.11231,0.42645,0.55,0.2651,-0.01175,0.04045,0.01387,0.01075,0.0085,0.27329,0.11088,0.00044,0.61312,0.48111,0.119,-0.00347,-0.00891,-0.01206,-0.0346,-0.00102,-0.01757,0.0
185,888000,888.8,999,0.11874,0.42529,0.55,0.26542,-0.01361,0.04173,0.01312,0.00985,0.01362,0.26964,0.17,0.00067,0.62469,0.5098,0.12513,-0.00292,-0.00928,-0.01226,-0.02554,-0.00103,-0.01703,-0.0
186,892800,891.4,1002,0.11487,0.42482,0.55,0.26671,-0.01451,0.04694,0.01376,0.01034,0.01502,0.28059,0.17308,0.00044,0.60966,0.50888,0.11371,-0.00268,-0.00925,-0.01213,-0.02927,-0.00088,-0.01688,0.0
187,897600,901.3,996,0.11297,0.42482,0.55,0.26584,-0.0142,0.04684,0.01306,0.00867,0.01216,0.28552,0.15396,0.00067,0.59801,0.48652,0.1279,-0.00092,-0.00899,-0.01195,-0.03474,-0.0009,-0.01689,-0.0
188,902400,903.4,999,0.10762,0.4249,0.55,0.26451,-0.01155,0.04721,0.01338,0.00894,0.0134,0.27001,0.17113,0.001,0.58338,0.46655,0.1101,-0.00192,-0.00906,-0.01213,-0.03766,-0.00092,-0.01799,0.0
189,907200,905.8,1002,0.10704,0.42568,0.55,0.26404,-0.01264,0.03645,0.01457,0.00971,0.01422,0.2599,0.1785,0.001,0.58648,0.45372,0.10837,-0.00362,-0.00864,-0.01163,-0.03555,-0.001,-0.01768,-5e-05
190,912000,908.3,1004,0.10345,0.42944,0.55,0.26412,-0.01426,0.04885,0.01545,0.00955,0.01099,0.25715,0.13825,0.001,0.54348,0.46382,0.111,-0.003,-0.00891,-0.01211,-0.03177,-0.00093,-0.0187,0.0
191,916800,911.4,1006,0.11083,0.43315,0.55,0.26413,-0.01483,0.02948,0.01524,0.00911,0.01437,0.25815,0.18071,0.001,0.59874,0.47586,0.11388,-0.00312,-0.009,-0.01219,-0.03507,-0.00148,-0.01929,0.0
192,921600,914.1,1008,0.10258,0.4333,0.55,0.26369,-0.0121,0.03507,0.0155,0.01144,0.01537,0.25558,0.18821,0.00067,0.56083,0.44328,0.10323,-0.00368,-0.00898,-0.01216,-0.03221,-0.001,-0.01936,0.0
193,926400,916.3,1011,0.11002,0.43324,0.5,0.26288,-0.01126,0.03494,0.01604,0.01078,0.01426,0.2487,0.17767,0.001,0.60794,0.48108,0.09616,-0.00423,-0.00896,-0.01209,-0.03156,-0.00131,-0.01849,-0.0
194,931200,919.0,1013,0.11984,0.43524,0.5,0.26192,-0.01563,0.02828,0.01688,0.01005,0.01365,0.23872,0.17846,0.00067,0.63634,0.51639,0.11304,-0.0015,-0.00866,-0.01162,-0.02989,-0.00088,-0.01485,0.0
195,936000,921.2,1016,0.12083,0.43929,0.55,0.26169,-0.01431,0.04251,0.01699,0.01114,0.01541,0.23125,0.19125,0.00044,0.66022,0.48828,0.12523,-0.00316,-0.00926,-0.01243,-0.02431,-0.00087,-0.01543,0.0
196,940800,923.8,1018,0.10753,0.44082,0.55,0.26152,-0.01278,0.05109,0.01851,0.01134,0.00872,0.23027,0.11338,0.00067,0.57822,0.46109,0.1209,-0.00381,-0.00886,-0.01196,-0.03638,-0.0025,-0.01721,0.0
197,945600,926.4,1021,0.10417,0.44522,0.5,0.2605,-0.01334,0.03662,0.02078,0.01084,0.01547,0.22303,0.18638,0.001,0.50752,0.48523,0.13026,-0.00245,-0.00874,-0.01171,-0.0362,-0.00122,-0.01681,0.0
198,950400,929.2,1023,0.11326,0.44655,0.55,0.26001,-0.01278,0.03331,0.02066,0.01159,0.01465,0.21482,0.18471,0.00067,0.62501,0.46497,0.11603,-0.00218,-0.00877,-0.01167,-0.02775,-0.00094,-0.0179,0.0
199,955200,931.9,1025,0.11093,0.44626,0.55,0.26029,-0.01511,0.06382,0.01854,0.01388,0.01493,0.21244,0.18471,0.00044,0.58731,0.48289,0.12126,-0.00431,-0.00907,-0.01186,-0.02977,-0.00117,-0.01768,0.0
200,960000,934.3,1028,0.11117,0.44655,0.55,0.26036,-0.01438,0.03758,0.01706,0.01337,0.01202,0.21565,0.15317,0.00067,0.54612,0.51138,0.13435,-0.00376,-0.00927,-0.01214,-0.03834,-0.00103,-0.01559,0.0
201,964800,936.5,1030,0.10516,0.44851,0.55,0.26086,-0.01386,0.03398,0.01821,0.01426,0.01815,0.21847,0.19729,0.00044,0.53643,0.47216,0.12408,-0.00217,-0.00918,-0.01214,-0.03852,-0.00098,-0.01808,0.0
202,969600,938.7,1033,0.10774,0.4484,0.55,0.26159,-0.01298,0.03407,0.01911,0.01327,0.00979,0.22431,0.12417,0.00067,0.57115,0.47256,0.12653,-0.00291,-0.00932,-0.01232,-0.03401,-0.00136,-0.02041,0.0
203,974400,941.2,1035,0.11993,0.4488,0.55,0.26209,-0.01513,0.03425,0.01814,0.01272,0.01741,0.2332,0.19942,0.0003,0.61589,0.52994,0.13237,-0.00307,-0.00993,-0.01308,-0.03164,-0.00143,-0.0154,-0.00017
204,979200,943.7,1038,0.11542,0.44956,0.55,0.26236,-0.01416,0.04744,0.01747,0.01223,0.01037,0.23657,0.13042,0.00044,0.59267,0.49943,0.13784,-0.00251,-0.00941,-0.0123,-0.02552,-0.00094,-0.01665,-5e-05
205,984000,945.9,1040,0.12251,0.45007,0.55,0.26269,-0.01523,0.02872,0.01735,0.01167,0.01276,0.2404,0.15529,0.00067,0.65597,0.5166,0.13065,-0.00304,-0.00988,-0.01271,-0.02817,-0.00094,-0.01506,-0.0
206,988800,948.3,1043,0.12453,0.45094,0.55,0.26289,-0.01188,0.03002,0.01752,0.01093,0.01622,0.24424,0.18908,0.00067,0.65854,0.5273,0.1277,-0.00159,-0.01028,-0.01322,-0.02517,-0.00083,-0.01302,0.0
207,993600,950.9,1045,0.11505,0.45166,0.55,0.2632,-0.01498,0.03493,0.01765,0.01041,0.01643,0.24682,0.19471,0.00067,0.57487,0.51778,0.13334,-0.00148,-0.00983,-0.01267,-0.03226,-0.00084,-0.01422,-0.0
208,998400,953.2,1047,0.11374,0.45241,0.55,0.26202,-0.01384,0.0295,0.01696,0.01066,0.01517,0.24257,0.19083,0.001,0.59406,0.48762,0.12941,-0.00331,-0.00987,-0.01283,-0.03182,-0.00092,-0.01497,0.0
209,1003200,955.6,1050,0.11132,0.45416,0.55,0.26101,-0.01728,0.03989,0.01738,0.0127,0.02099,0.22805,0.23304,0.0003,0.58197,0.47572,0.12385,-0.00243,-0.00916,-0.0117,-0.02556,-0.00093,-0.01855,0.0
210,1008000,958.3,1052,0.10253,0.4558,0.55,0.26081,-0.01143,0.03925,0.01609,0.01097,0.00859,0.22196,0.11179,0.00044,0.51807,0.47625,0.11908,-0.00487,-0.00884,-0.01147,-0.03555,-0.00103,-0.01806,0.0
211,1012800,960.7,1054,0.11358,0.45517,0.55,0.26038,-0.01314,0.03052,0.01599,0.00965,0.01094,0.21866,0.13658,0.00067,0.60497,0.48772,0.11959,-0.00193,-0.00922,-0.01207,-0.03462,-0.00094,-0.01351,0.0
212,1017600,963.4,1056,0.10647,0.45571,0.55,0.25973,-0.01165,0.04033,0.01602,0.01009,0.01234,0.21081,0.16117,0.001,0.55032,0.46988,0.12663,-0.00336,-0.00955,-0.01231,-0.03255,-0.001,-0.01503,0.0
213,1022400,965.9,1059,0.10859,0.45631,0.55,0.25978,-0.01252,0.03969,0.01574,0.01051,0.01298,0.20725,0.17246,0.001,0.56411,0.48058,0.12196,-0.00343,-0.0091,-0.01177,-0.0333,-0.00087,-0.01812,0.0
214,1027200,968.9,1060,0.11613,0.46051,0.55,0.25839,-0.01536,0.02489,0.01574,0.01082,0.01649,0.20004,0.19787,0.00044,0.60307,0.51695,0.11567,-0.00296,-0.00892,-0.01163,-0.03246,-0.00091,-0.01749,0.0
215,1032000,971.3,1062,0.11923,0.46421,0.55,0.2583,-0.01141,0.02644,0.01775,0.01198,0.01125,0.19066,0.14588,0.00067,0.62063,0.52899,0.1182,-0.00281,-0.00928,-0.01202,-0.0322,-0.00107,-0.01394,0.0
216,1036800,973.8,1065,0.10884,0.46299,0.55,0.25779,-0.01573,0.0477,0.01648,0.01246,0.01491,0.18771,0.18371,0.00044,0.55975,0.4867,0.12329,-0.00303,-0.00955,-0.01209,-0.03251,-0.001,-0.01484,0.0
217,1041600,976.2,1067,0.10865,0.46376,0.55,0.25714,-0.01545,0.03474,0.01558,0.01438,0.01158,0.18169,0.14413,0.00067,0.56388,0.48139,0.13034,-0.00307,-0.00906,-0.01149,-0.03939,-0.00185,-0.01596,-0.0
218,1046400,978.8,1069,0.10692,0.46244,0.55,0.25654,-0.01382,0.04739,0.01683,0.01443,0.01699,0.1732,0.20142,0.00044,0.56396,0.46568,0.12349,-0.00338,-0.00905,-0.01162,-0.0339,-0.00105,-0.01662,0.0
219,1051200,981.3,1071,0.11233,0.46015,0.55,0.25682,-0.01349,0.03828,0.01508,0.01387,0.01332,0.17123,0.16546,0.00067,0.62388,0.48182,0.10798,-0.00472,-0.00884,-0.01148,-0.03601,-0.00098,-0.01587,0.0
220,1056000,983.7,1074,0.10684,0.46006,0.55,0.25715,-0.01376,0.04867,0.01295,0.01589,0.01551,0.1759,0.18496,0.00044,0.59229,0.45705,0.10515,-0.00617,-0.00882,-0.01158,-0.0359,-0.00098,-0.01842,-2e-05
221,1060800,986.0,1076,0.10816,0.4613,0.55,0.25683,-0.01283,0.03183,0.01502,0.01286,0.01212,0.17423,0.15229,0.00067,0.61309,0.43978,0.10514,-0.00323,-0.00893,-0.01158,-0.03577,-0.00117,-0.01578,0.0
222,1065600,988.7,1078,0.10745,0.46203,0.6,0.25693,-0.01392,0.04372,0.01538,0.01301,0.01618,0.17132,0.198,0.00044,0.59208,0.45264,0.10579,-0.00462,-0.00868,-0.0112,-0.02992,-0.00086,-0.01661,0.0
223,1070400,991.4,1080,0.11043,0.46099,0.6,0.25678,-0.01393,0.038,0.01457,0.01227,0.01269,0.17151,0.16196,0.00067,0.56405,0.50477,0.11522,-0.00316,-0.00872,-0.01127,-0.02942,-0.00107,-0.01775,0.0
224,1075200,993.7,1082,0.11451,0.46184,0.6,0.25659,-0.01143,0.02231,0.01471,0.01132,0.01349,0.16942,0.17083,0.00067,0.58321,0.51362,0.11938,-0.00057,-0.0088,-0.01136,-0.03535,-0.00085,-0.0142,0.0
225,1080000,996.2,1084,0.1138,0.46372,0.6,0.2572,-0.01529,0.03165,0.01659,0.01071,0.01381,0.17079,0.17037,0.00044,0.60624,0.48026,0.12285,-0.00204,-0.00924,-0.01201,-0.02784,-0.00086,-0.01523,0.0
226,1084800,998.9,1086,0.11262,0.4631,0.6,0.25683,-0.01408,0.03444,0.01613,0.01152,0.0129,0.17419,0.16129,0.00067,0.58334,0.50304,0.12208,-0.00429,-0.00908,-0.0115,-0.03173,-0.00099,-0.01636,-1e-05
227,1089600,1001.5,1088,0.11459,0.46462,0.6,0.25607,-0.01122,0.03621,0.01626,0.01084,0.01552,0.16767,0.188,0.00067,0.58826,0.51738,0.12869,-0.00324,-0.00869,-0.01108,-0.03685,-0.00095,-0.01513,-1e-05
228,1094400,1003.8,1090,0.11036,0.46282,0.6,0.25605,-0.01277,0.03853,0.01548,0.01264,0.01417,0.16302,0.17742,0.00067,0.58331,0.48171,0.12732,-0.00347,-0.00888,-0.01133,-0.0341,-0.00113,-0.0173,-0.0
229,1099200,1006.5,1092,0.11021,0.46104,0.6,0.25636,-0.01502,0.03121,0.01656,0.01465,0.01519,0.16368,0.18837,0.00067,0.55444,0.49162,0.13152,-0.00271,-0.00863,-0.01101,-0.03185,-0.00098,-0.01616,0.0
230,1104000,1009.0,1094,0.11838,0.46275,0.6,0.25662,-0.01521,0.03316,0.01627,0.01348,0.01928,0.16749,0.21425,0.0002,0.64911,0.49592,0.11511,-0.00269,-0.00922,-0.01141,-0.02688,-0.00115,-0.01664,0.0
231,1108800,1011.4,1096,0.11436,0.46414,0.6,0.25668,-0.01129,0.04291,0.01562,0.01166,0.00839,0.16981,0.11262,0.0003,0.61124,0.49362,0.10759,-0.00154,-0.00924,-0.01163,-0.02803,-0.00088,-0.01749,0.0
232,1113600,1013.8,1098,0.11556,0.46519,0.6,0.25638,-0.01436,0.034,0.01533,0.01161,0.01205,0.16948,0.15354,0.00044,0.60095,0.5223,0.10685,-0.00183,-0.00888,-0.01135,-0.03077,-0.00093,-0.0166,0.0
233,1118400,1016.7,1100,0.11668,0.46574,0.6,0.25567,-0.01499,0.03058,0.01346,0.01156,0.01298,0.16201,0.16421,0.00067,0.63055,0.50662,0.10706,-0.00173,-0.00925,-0.01153,-0.02561,-0.00086,-0.01592,0.0
234,1123200,1019.3,1102,0.12236,0.46667,0.6,0.25588,-0.01524,0.03158,0.01431,0.01216,0.01614,0.15879,0.19362,0.00044,0.64644,0.53946,0.10791,-0.0033,-0.00955,-0.01179,-0.02765,-0.00097,-0.0169,0.0
235,1128000,1021.5,1104,0.11114,0.46667,0.6,0.25575,-0.01341,0.04708,0.01413,0.01191,0.01215,0.15984,0.15779,0.00067,0.5951,0.48387,0.10579,-0.00145,-0.00897,-0.01114,-0.03276,-0.00117,-0.01792,0.0
236,1132800,1024.0,1106,0.11477,0.46631,0.6,0.25582,-0.01269,0.03833,0.01548,0.01062,0.01556,0.15884,0.18808,0.00044,0.62883,0.47402,0.11532,-0.00258,-0.00856,-0.01085,-0.02835,-0.00086,-0.01513,0.0
237,1137600,1026.5,1108,0.11321,0.47136,0.6,0.25631,-0.01518,0.03691,0.01532,0.0104,0.01362,0.162,0.17287,0.00067,0.58997,0.48248,0.13042,-0.00091,-0.00868,-0.0108,-0.03225,-0.00127,-0.01682,-0.0
238,1142400,1028.7,1111,0.12072,0.4743,0.6,0.25639,-0.01347,0.03533,0.01658,0.01068,0.01892,0.16535,0.21308,0.0003,0.65845,0.48791,0.12593,-0.00107,-0.00858,-0.01088,-0.02796,-0.00097,-0.01562,0.0
239,1147200,1030.9,1113,0.11202,0.47541,0.6,0.25588,-0.01143,0.03689,0.01764,0.01094,0.01194,0.16325,0.15333,0.00044,0.56545,0.50892,0.12445,-0.00142,-0.00826,-0.01049,-0.03583,-0.00147,-0.01703,-1e-05
240,1152000,1033.1,1115,0.10807,0.47658,0.6,0.25603,-0.01493,0.04156,0.01735,0.00961,0.01288,0.15832,0.16392,0.00067,0.55898,0.48478,0.12626,-0.0027,-0.00795,-0.01022,-0.04239,-0.00099,-0.01673,0.0
241,1156800,1035.5,1117,0.10184,0.47486,0.6,0.2566,-0.01367,0.04818,0.0178,0.01075,0.01544,0.1636,0.183,0.00044,0.54104,0.46523,0.1145,-0.00526,-0.00814,-0.01063,-0.03816,-0.00132,-0.01799,-3e-05
242,1161600,1038.0,1119,0.11098,0.4719,0.6,0.25627,-0.01385,0.04432,0.01843,0.00974,0.01162,0.16493,0.15029,0.00067,0.60481,0.48258,0.10862,-0.00256,-0.00808,-0.01033,-0.0372,-0.00118,-0.01857,-1e-05
243,1166400,1040.6,1121,0.11758,0.47148,0.55,0.25641,-0.01403,0.03173,0.01647,0.01102,0.01702,0.16254,0.19467,0.00044,0.62245,0.51167,0.11581,-0.00111,-0.00802,-0.01032,-0.02971,-0.00116,-0.01962,0.0
244,1171200,1043.2,1123,0.10651,0.47374,0.6,0.25651,-0.01089,0.04992,0.01823,0.00892,0.01002,0.16594,0.13471,0.00044,0.52225,0.50263,0.11928,-0.00274,-0.00798,-0.01028,-0.03386,-0.00117,-0.01891,0.0
245,1176000,1045.5,1125,0.11094,0.47292,0.6,0.25638,-0.01319,0.02909,0.01791,0.01022,0.01248,0.16471,0.16046,0.00067,0.56606,0.50669,0.11321,-0.00112,-0.00832,-0.01078,-0.03835,-0.00096,-0.01706,0.0
246,1180800,1048.0,1127,0.11023,0.47379,0.6,0.25584,-0.01349,0.03451,0.01658,0.01017,0.01331,0.16109,0.1765,0.00067,0.56262,0.49141,0.12868,-0.00244,-0.00814,-0.01045,-0.03255,-0.00113,-0.02148,0.0
247,1185600,1050.4,1129,0.11018,0.47625,0.6,0.25553,-0.01168,0.03834,0.0165,0.01091,0.01659,0.15347,0.20262,0.00044,0.56707,0.48663,0.13039,-0.00268,-0.00804,-0.01,-0.03477,-0.00112,-0.02152,0.0
248,1190400,1053.2,1130,0.10104,0.47773,0.6,0.2564,-0.01442,0.05009,0.01708,0.01168,0.0154,0.15617,0.18537,0.0003,0.53151,0.45907,0.11392,-0.00672,-0.00755,-0.00958,-0.0395,-0.00302,-0.02353,0.0
249,1195200,1055.5,1132,0.10521,0.47898,0.6,0.25621,-0.0118,0.03771,0.01569,0.011,0.01045,0.16239,0.13808,0.00044,0.54084,0.48635,0.11292,-0.00407,-0.00773,-0.0099,-0.03726,-0.00118,-0.02369,0.0
250,1200000,1058.0,1134,0.1074,0.4781,0.6,0.2557,-0.01252,0.04364,0.0153,0.01199,0.01058,0.15656,0.13329,0.00067,0.54359,0.48892,0.13056,-0.00243,-0.00769,-0.00987,-0.03724,-0.00142,-0.02205,0.0
251,1204800,1060.6,1136,0.12772,0.47665,0.6,0.25564,-0.01392,0.02439,0.01413,0.01119,0.01155,0.1527,0.15646,0.00067,0.66258,0.54347,0.14436,-0.00074,-0.00816,-0.01035,-0.03107,-0.00158,-0.01718,0.0
252,1209600,1063.3,1138,0.11394,0.47968,0.6,0.25546,-0.01418,0.03557,0.01461,0.01191,0.01502,0.15287,0.18808,0.00044,0.59452,0.49558,0.12425,-0.00147,-0.00821,-0.01022,-0.03345,-0.0011,-0.02047,0.0
253,1214400,1066.0,1139,0.11878,0.48167,0.6,0.25544,-0.00927,0.03861,0.0145,0.01213,0.01334,0.15081,0.15908,0.00044,0.64982,0.50238,0.11884,-0.00303,-0.00778,-0.01007,-0.03655,-0.0018,-0.01985,0.0
254,1219200,1068.4,1141,0.1159,0.48385,0.6,0.25533,-0.01262,0.04153,0.01466,0.01199,0.01345,0.15109,0.17054,0.00067,0.61777,0.4918,0.12155,-0.00205,-0.00765,-0.00967,-0.02732,-0.00141,-0.01983,0.0
255,1224000,1070.9,1143,0.1129,0.48237,0.6,0.25511,-0.01258,0.03235,0.01453,0.012,0.0171,0.14827,0.20329,0.0003,0.60301,0.48258,0.12356,-0.00207,-0.00811,-0.01021,-0.02753,-0.00122,-0.02264,0.0
256,1228800,1073.6,1145,0.11956,0.48303,0.6,0.25494,-0.01076,0.04346,0.01474,0.01109,0.00986,0.14656,0.12487,0.00044,0.62732,0.51717,0.12419,-0.00176,-0.00821,-0.01019,-0.032,-0.00104,-0.01985,0.0
257,1233600,1076.1,1146,0.11327,0.48606,0.6,0.25475,-0.01409,0.04681,0.0155,0.01109,0.01301,0.14459,0.16558,0.00067,0.57613,0.50915,0.12551,-0.00079,-0.00771,-0.00973,-0.03625,-0.00101,-0.01841,0.0
258,1238400,1078.8,1148,0.11139,0.48876,0.6,0.25524,-0.01303,0.0348,0.01471,0.01098,0.01464,0.14665,0.18404,0.00067,0.57098,0.50174,0.11899,-0.00154,-0.00768,-0.00975,-0.03948,-0.00101,-0.01837,0.0
259,1243200,1081.5,1149,0.10831,0.49011,0.6,0.25592,-0.01321,0.03335,0.0149,0.01191,0.01538,0.15367,0.19463,0.00044,0.58257,0.46487,0.11673,-0.00197,-0.00724,-0.0091,-0.03664,-0.00137,-0.02056,0.0
260,1248000,1083.9,1151,0.11604,0.4905,0.6,0.25566,-0.01464,0.03389,0.01523,0.01106,0.01141,0.15698,0.14783,0.00067,0.61169,0.49423,0.12994,-0.00099,-0.00722,-0.0091,-0.03325,-0.00102,-0.01971,0.0
261,1252800,1086.4,1153,0.11777,0.49339,0.65,0.2555,-0.01453,0.03712,0.01558,0.01134,0.01267,0.15323,0.16737,0.00067,0.62291,0.50813,0.12595,-0.00193,-0.00748,-0.00926,-0.03478,-0.00122,-0.02048,0.0
262,1257600,1088.8,1155,0.11879,0.49536,0.65,0.25556,-0.01524,0.03094,0.01576,0.01154,0.01566,0.15177,0.19354,0.00067,0.60783,0.51604,0.13876,-0.00614,-0.00741,-0.00913,-0.03045,-0.00111,-0.0205,0.0
263,1262400,1091.4,1157,0.11568,0.49581,0.65,0.2562,-0.01207,0.05469,0.0154,0.01093,0.01314,0.15608,0.16004,0.00067,0.60972,0.50058,0.13535,-0.00403,-0.00772,-0.0096,-0.03417,-0.00112,-0.02391,0.0
264,1267200,1094.0,1158,0.11594,0.49733,0.65,0.25544,-0.01524,0.0394,0.01494,0.01281,0.01763,0.15834,0.21417,0.00044,0.59149,0.50537,0.14292,-0.00298,-0.0075,-0.00922,-0.03917,-0.00123,-0.0203,0.0
265,1272000,1096.5,1160,0.11374,0.49574,0.65,0.25544,-0.01337,0.0625,0.01564,0.014,0.01347,0.15027,0.15825,0.00044,0.58622,0.50413,0.14946,-0.00308,-0.00744,-0.00909,-0.03922,-0.00107,-0.02165,0.0
266,1276800,1098.7,1162,0.10586,0.49263,0.6,0.25534,-0.01132,0.06227,0.01597,0.01386,0.01157,0.15102,0.15033,0.00067,0.55143,0.48023,0.12936,-0.00603,-0.00783,-0.00951,-0.04293,-0.00146,-0.02629,0.0
267,1281600,1101.5,1163,0.10196,0.49135,0.6,0.25521,-0.01386,0.04073,0.01635,0.01423,0.01503,0.14927,0.18367,0.00044,0.54556,0.43932,0.1355,-0.0038,-0.00759,-0.00939,-0.03782,-0.00215,-0.02339,0.0
268,1286400,1103.9,1165,0.12044,0.49039,0.6,0.25453,-0.01247,0.02524,0.017,0.01296,0.01058,0.14615,0.14233,0.00067,0.64397,0.51176,0.12736,-0.00187,-0.00771,-0.00938,-0.0327,-0.00119,-0.02163,0.0
269,1291200,1106.2,1167,0.11531,0.49141,0.6,0.25391,-0.01498,0.04013,0.01573,0.01281,0.01594,0.13637,0.19883,0.00067,0.58756,0.51735,0.12567,-0.00145,-0.00756,-0.00926,-0.03372,-0.00121,-0.02011,0.0
270,1296000,1109.0,1169,0.10741,0.49386,0.6,0.25366,-0.01159,0.03327,0.01527,0.01503,0.01579,0.13215,0.20183,0.00044,0.5334,0.50232,0.1186,-0.00286,-0.0077,-0.00939,-0.03628,-0.00117,-0.02287,0.0
271,1300800,1111.4,1170,0.11084,0.49409,0.6,0.25353,-0.01393,0.02437,0.01592,0.01488,0.01184,0.12998,0.15492,0.00067,0.58737,0.48182,0.11843,-0.00456,-0.00735,-0.00904,-0.03412,-0.00107,-0.01887,0.0
272,1305600,1113.5,1173,0.11137,0.4935,0.6,0.25392,-0.01451,0.04114,0.01446,0.01424,0.01662,0.13043,0.19638,0.00044,0.59603,0.48007,0.12037,-0.00257,-0.00733,-0.00903,-0.03703,-0.0018,-0.02084,0.0
273,1310400,1115.7,1175,0.10784,0.49123,0.6,0.25371,-0.01194,0.04048,0.01613,0.01357,0.01276,0.13272,0.1615,0.00044,0.60582,0.45627,0.10602,-0.00261,-0.00719,-0.00888,-0.03376,-0.00155,-0.0232,0.0
274,1315200,1117.8,1177,0.10089,0.49224,0.6,0.25366,-0.0134,0.0334,0.0165,0.01334,0.01091,0.13146,0.1385,0.00067,0.55404,0.45591,0.10142,-0.00413,-0.00728,-0.00902,-0.04495,-0.00209,-0.02664,0.0
275,1320000,1120.1,1179,0.10883,0.49251,0.6,0.25327,-0.01031,0.03374,0.01712,0.01289,0.01441,0.12996,0.18583,0.00067,0.60507,0.46959,0.09628,-0.00224,-0.00729,-0.009,-0.0373,-0.00165,-0.02512,0.0
276,1324800,1122.2,1180,0.10598,0.49457,0.6,0.25284,-0.00829,0.04709,0.01857,0.01209,0.01601,0.12474,0.20304,0.00067,0.55701,0.48275,0.10204,-0.00286,-0.00701,-0.00856,-0.03983,-0.00166,-0.0221,0.0
277,1329600,1124.5,1182,0.09862,0.49515,0.6,0.25281,-0.01376,0.03743,0.01867,0.01073,0.01335,0.12254,0.17779,0.00067,0.50401,0.47509,0.10462,-0.00289,-0.00692,-0.0085,-0.04266,-0.0015,-0.02255,0.0
278,1334400,1126.8,1184,0.11372,0.4945,0.6,0.25298,-0.01307,0.03022,0.01816,0.01191,0.01251,0.12296,0.16692,0.00067,0.6607,0.45507,0.10486,-0.00581,-0.00702,-0.00868,-0.03499,-0.00136,-0.02139,0.0
279,1339200,1129.3,1186,0.1122,0.49479,0.6,0.25283,-0.01413,0.03637,0.0176,0.01091,0.01707,0.12397,0.19596,0.0003,0.62306,0.47207,0.11483,-0.00559,-0.00676,-0.00827,-0.03771,-0.00171,-0.02374,0.0
280,1344000,1131.6,1188,0.09879,0.49462,0.6,0.25286,-0.01039,0.05021,0.01744,0.01062,0.00979,0.12193,0.12042,0.00044,0.51231,0.46594,0.11677,-0.00621,-0.00656,-0.00805,-0.04422,-0.00218,-0.02744,0.0
281,1348800,1133.8,1190,0.10767,0.49342,0.6,0.25297,-0.01544,0.02925,0.01781,0.01093,0.01346,0.12317,0.1655,0.0003,0.55854,0.49319,0.11039,-0.00288,-0.00672,-0.00831,-0.03765,-0.00132,-0.02437,0.0
282,1353600,1136.0,1192,0.10806,0.49273,0.6,0.2531,-0.01275,0.0394,0.01708,0.01136,0.00975,0.12466,0.12575,0.00044,0.59223,0.4589,0.11524,-0.00338,-0.00678,-0.00831,-0.03547,-0.00115,-0.02649,0.0
283,1358400,1138.8,1193,0.10898,0.49432,0.6,0.25343,-0.01401,0.03827,0.01661,0.01046,0.01146,0.12661,0.14475,0.00067,0.59345,0.45719,0.11604,-0.00391,-0.00664,-0.00813,-0.03448,-0.00166,-0.02209,0.0
284,1363200,1141.0,1195,0.11646,0.49601,0.6,0.25344,-0.01421,0.0307,0.01565,0.00984,0.01474,0.12909,0.19208,0.00067,0.62814,0.49604,0.11497,-0.00339,-0.00679,-0.0083,-0.03062,-0.00112,-0.02019,0.0
285,1368000,1143.2,1197,0.12536,0.49625,0.6,0.2528,-0.00974,0.02833,0.01423,0.00995,0.01522,0.12486,0.18825,0.00067,0.67348,0.51466,0.13172,-0.00066,-0.00683,-0.00837,-0.03021,-0.00094,-0.01927,0.0
286,1372800,1145.5,1198,0.12418,0.49561,0.6,0.25323,-0.0148,0.03164,0.01432,0.01093,0.01683,0.12115,0.19812,0.00044,0.67101,0.5218,0.13254,-0.00315,-0.00708,-0.00847,-0.03282,-0.00105,-0.01852,0.0
287,1377600,1148.2,1200,0.12839,0.49342,0.6,0.25359,-0.01352,0.03584,0.01415,0.01042,0.01188,0.1269,0.14754,0.00067,0.69564,0.51567,0.15041,-0.00192,-0.00719,-0.00848,-0.02824,-0.00102,-0.0185,0.0
288,1382400,1150.5,1202,0.11737,0.49489,0.6,0.2538,-0.012,0.04043,0.01453,0.01057,0.01452,0.13071,0.18004,0.00067,0.59095,0.51345,0.14712,-0.002,-0.0075,-0.00895,-0.03453,-0.00105,-0.01966,0.0
289,1387200,1153.0,1203,0.11586,0.4967,0.6,0.25482,-0.01597,0.03421,0.01453,0.01049,0.01824,0.13585,0.21308,0.00044,0.59613,0.49556,0.14,-0.00195,-0.00731,-0.00866,-0.0353,-0.00103,-0.01886,0.0
290,1392000,1155.3,1205,0.11539,0.50054,0.6,0.2547,-0.01045,0.03959,0.0163,0.00945,0.01127,0.14182,0.14817,0.00067,0.55898,0.51747,0.1491,-0.00197,-0.00798,-0.00961,-0.03001,-0.00106,-0.01683,0.0
291,1396800,1157.7,1207,0.11234,0.50225,0.6,0.25437,-0.01189,0.03396,0.0164,0.01052,0.01372,0.13743,0.17412,0.001,0.53554,0.51316,0.15106,-0.00197,-0.00791,-0.00935,-0.03541,-0.00156,-0.02015,0.0
292,1401600,1159.9,1208,0.11253,0.50415,0.6,0.25444,-0.0148,0.04069,0.01916,0.01107,0.01501,0.13655,0.18754,0.001,0.54757,0.51649,0.13632,-0.00159,-0.00795,-0.00933,-0.0381,-0.00116,-0.01691,0.0
293,1406400,1162.2,1210,0.10804,0.50352,0.65,0.25417,-0.01423,0.03871,0.01956,0.01177,0.01734,0.13661,0.22183,0.00044,0.52804,0.49591,0.13726,-0.00125,-0.00772,-0.00908,-0.03839,-0.00115,-0.01485,0.0
294,1411200,1164.4,1212,0.10918,0.50302,0.65,0.25424,-0.01435,0.0298,0.01891,0.01167,0.0139,0.13505,0.17475,0.00044,0.52255,0.51676,0.13917,-0.00145,-0.00764,-0.00902,-0.04125,-0.00152,-0.0175,0.0
295,1416000,1166.6,1214,0.10962,0.50543,0.65,0.25352,-0.01248,0.05649,0.01966,0.01189,0.01184,0.13296,0.15592,0.00067,0.5678,0.47289,0.13824,-0.00322,-0.00778,-0.0092,-0.03531,-0.00107,-0.01777,0.0
296,1420800,1168.9,1215,0.09861,0.50629,0.65,0.25319,-0.01353,0.03508,0.01941,0.01283,0.01457,0.12463,0.18596,0.00067,0.54469,0.41178,0.1158,-0.00552,-0.00724,-0.00889,-0.045,-0.00126,-0.01827,0.0
297,1425600,1171.1,1217,0.1053,0.51056,0.65,0.25392,-0.01223,0.02762,0.0195,0.01192,0.01638,0.12763,0.19596,0.0003,0.56863,0.44704,0.12253,-0.00191,-0.00744,-0.00892,-0.04206,-0.0017,-0.01902,0.0
298,1430400,1173.1,1219,0.10477,0.51219,0.6,0.25404,-0.01353,0.03869,0.02168,0.01348,0.01278,0.13259,0.15325,0.00044,0.58569,0.4448,0.1059,-0.00492,-0.00759,-0.00912,-0.03858,-0.00116,-0.01899,0.0
299,1435200,1175.5,1221,0.10328,0.51308,0.6,0.2547,-0.01372,0.0536,0.02073,0.01228,0.0128,0.13701,0.16233,0.00067,0.54344,0.47976,0.1091,-0.00435,-0.00803,-0.00971,-0.04006,-0.00157,-0.02326,0.0
300,1440000,1178.0,1222,0.10371,0.51119,0.6,0.25528,-0.01436,0.0368,0.01825,0.01246,0.01512,0.1459,0.1925,0.001,0.53182,0.4966,0.10342,-0.00219,-0.00789,-0.00952,-0.04448,-0.00238,-0.01991,0.0
301,1444800,1180.5,1224,0.10492,0.51211,0.6,0.25567,-0.01641,0.04289,0.01777,0.01405,0.01946,0.15255,0.22975,0.0003,0.54724,0.48875,0.08723,-0.00265,-0.00793,-0.00964,-0.03506,-0.00128,-0.01746,0.0
302,1449600,1182.9,1225,0.1074,0.5125,0.6,0.25519,-0.01253,0.04004,0.01961,0.01478,0.01314,0.15273,0.16346,0.00044,0.54815,0.50783,0.09748,-0.0033,-0.00785,-0.00961,-0.03739,-0.00158,-0.01972,0.0
303,1454400,1185.1,1227,0.09712,0.51249,0.6,0.25509,-0.01088,0.04476,0.02055,0.01272,0.01152,0.14805,0.15171,0.00067,0.52132,0.44448,0.09278,-0.00457,-0.00815,-0.00993,-0.04095,-0.00125,-0.01832,0.0
304,1459200,1187.4,1229,0.09874,0.51142,0.6,0.25508,-0.01405,0.04947,0.01953,0.01378,0.01603,0.14856,0.18937,0.00044,0.5001,0.48745,0.09473,-0.00363,-0.00849,-0.0102,-0.03803,-0.00131,-0.02077,0.0
305,1464000,1189.7,1231,0.09287,0.51179,0.6,0.25515,-0.01167,0.04146,0.01866,0.01373,0.01351,0.14931,0.17333,0.00067,0.47626,0.43844,0.10089,-0.00354,-0.00847,-0.01005,-0.04437,-0.0014,-0.01904,0.0
306,1468800,1192.0,1232,0.10021,0.51092,0.6,0.25493,-0.01402,0.03941,0.01866,0.01416,0.01756,0.14694,0.20275,0.0003,0.52402,0.47053,0.10819,-0.00541,-0.0076,-0.00914,-0.04285,-0.0018,-0.02137,0.0
307,1473600,1194.3,1234,0.11154,0.51335,0.6,0.2556,-0.01043,0.02981,0.0197,0.01105,0.0094,0.14952,0.11925,0.00044,0.54664,0.52502,0.12415,-0.00342,-0.0075,-0.00901,-0.04269,-0.0012,-0.01657,0.0
308,1478400,1196.5,1236,0.10706,0.5128,0.6,0.25529,-0.01175,0.04766,0.01982,0.01224,0.0132,0.15375,0.17488,0.00067,0.5922,0.45925,0.11034,-0.00507,-0.00784,-0.00922,-0.03565,-0.00131,-0.01958,0.0
309,1483200,1198.9,1237,0.10263,0.51124,0.6,0.25575,-0.00805,0.03869,0.02045,0.01291,0.01567,0.15266,0.18871,0.00044,0.54762,0.46425,0.11841,-0.00564,-0.00786,-0.00951,-0.04157,-0.00225,-0.02045,0.0
310,1488000,1201.0,1239,0.11665,0.51182,0.6,0.25627,-0.01231,0.03773,0.02188,0.01115,0.01289,0.15985,0.16563,0.00067,0.63677,0.48264,0.13093,-0.00294,-0.00747,-0.00898,-0.03487,-0.00216,-0.01914,0.0
311,1492800,1203.1,1241,0.1126,0.5113,0.6,0.25719,-0.01403,0.03453,0.02102,0.01027,0.01471,0.16674,0.18846,0.00067,0.59576,0.47833,0.12845,-0.00192,-0.00762,-0.00904,-0.03364,-0.00112,-0.01899,0.0
312,1497600,1205.1,1243,0.11125,0.50953,0.6,0.25762,-0.0128,0.02978,0.02163,0.01102,0.01315,0.17628,0.17208,0.00067,0.58587,0.47484,0.13857,-0.00295,-0.0079,-0.00944,-0.03409,-0.0023,-0.02179,0.0
313,1502400,1207.3,1244,0.11267,0.50736,0.6,0.25695,-0.01144,0.04627,0.01878,0.01115,0.01335,0.17574,0.15983,0.00067,0.56274,0.50636,0.13364,-0.00187,-0.00782,-0.00949,-0.0347,-0.00123,-0.01681,0.0
314,1507200,1209.6,1246,0.11671,0.50735,0.6,0.25689,-0.01291,0.04512,0.01877,0.01033,0.01633,0.17027,0.19533,0.0003,0.5893,0.51887,0.14161,-0.0018,-0.00732,-0.0089,-0.03666,-0.00141,-0.01825,0.0
315,1512000,1211.8,1248,0.11772,0.50776,0.6,0.25704,-0.01197,0.04474,0.02051,0.01013,0.01105,0.17241,0.14029,0.00044,0.60457,0.50959,0.13928,-0.00208,-0.00745,-0.00911,-0.03135,-0.00127,-0.01667,0.0
316,1516800,1214.1,1249,0.11691,0.50788,0.6,0.25726,-0.0133,0.03144,0.01967,0.01192,0.01176,0.17386,0.15237,0.00067,0.58378,0.52975,0.1321,-0.00276,-0.00766,-0.00933,-0.03423,-0.00163,-0.02091,0.0
317,1521600,1216.9,1250,0.10845,0.5107,0.6,0.25664,-0.01381,0.0472,0.01987,0.01112,0.01454,0.17227,0.17487,0.00044,0.54419,0.49611,0.12486,-0.0016,-0.00766,-0.00928,-0.03697,-0.00123,-0.01978,0.0
318,1526400,1219.1,1252,0.11044,0.51335,0.6,0.25629,-0.01259,0.0345,0.02045,0.01181,0.01354,0.16556,0.16312,0.00067,0.55324,0.52132,0.10867,-0.00251,-0.00738,-0.0091,-0.04072,-0.00122,-0.0179,0.0
319,1531200,1221.6,1253,0.11278,0.51566,0.6,0.25614,-0.01234,0.03159,0.01941,0.0111,0.01207,0.16088,0.15371,0.00067,0.62463,0.47934,0.10249,-0.00407,-0.00715,-0.00889,-0.0383,-0.00111,-0.01916,0.0
320,1536000,1223.7,1255,0.10137,0.51739,0.6,0.25675,-0.01448,0.03369,0.01934,0.01175,0.01899,0.16448,0.2245,0.0003,0.53112,0.45924,0.10488,-0.00198,-0.00751,-0.00925,-0.03688,-0.00117,-0.02061,0.0
321,1540800,1225.9,1257,0.10708,0.51479,0.6,0.25662,-0.01015,0.05253,0.01914,0.01176,0.007,0.16886,0.08867,0.00044,0.58469,0.47365,0.10528,-0.00347,-0.00762,-0.00947,-0.03316,-0.00122,-0.02126,0.0
322,1545600,1228.4,1258,0.10927,0.5118,0.6,0.25703,-0.01248,0.04389,0.0182,0.01243,0.01331,0.16819,0.15925,0.00067,0.5678,0.5018,0.11825,-0.00429,-0.00757,-0.00921,-0.03623,-0.00122,-0.01997,0.0
323,1550400,1230.7,1260,0.11634,0.50945,0.6,0.25669,-0.01232,0.04336,0.01925,0.01067,0.01088,0.17131,0.14275,0.00067,0.60388,0.52095,0.12004,-0.00242,-0.00783,-0.00939,-0.03709,-0.00152,-0.01904,0.0
324,1555200,1233.1,1261,0.11361,0.50878,0.6,0.25681,-0.01173,0.03076,0.01983,0.01154,0.01383,0.16753,0.17504,0.00067,0.58326,0.5204,0.11309,-0.0023,-0.00773,-0.00933,-0.03794,-0.00112,-0.01807,0.0
325,1560000,1235.6,1263,0.11926,0.50901,0.6,0.2577,-0.01344,0.06143,0.01859,0.00995,0.01738,0.17364,0.20508,0.0003,0.64102,0.50775,0.12381,-0.00249,-0.00741,-0.00888,-0.03087,-0.00108,-0.01675,0.0
326,1564800,1237.8,1264,0.11207,0.50822,0.6,0.258,-0.01254,0.04452,0.02112,0.01093,0.01023,0.18094,0.13554,0.00044,0.59656,0.48542,0.11713,-0.00248,-0.00769,-0.00904,-0.03523,-0.00121,-0.01861,0.0
327,1569600,1240.8,1265,0.11149,0.50848,0.6,0.25808,-0.01316,0.0332,0.02192,0.01124,0.01452,0.18245,0.17658,0.00067,0.58808,0.50465,0.11107,-0.00209,-0.00791,-0.00922,-0.03871,-0.00225,-0.02036,0.0
328,1574400,1243.1,1266,0.10781,0.50733,0.6,0.25816,-0.01381,0.03816,0.02001,0.01179,0.01631,0.18168,0.19817,0.00044,0.58322,0.46363,0.11657,-0.00208,-0.00784,-0.00913,-0.03746,-0.00117,-0.01936,0.0
329,1579200,1245.4,1268,0.1021,0.50749,0.6,0.25801,-0.01495,0.03099,0.01942,0.01163,0.0132,0.18202,0.16104,0.00067,0.53902,0.45222,0.11942,-0.00249,-0.00764,-0.00915,-0.042,-0.00136,-0.01872,0.0
330,1584000,1247.6,1270,0.10387,0.5087,0.6,0.25805,-0.01311,0.03843,0.01912,0.01101,0.01657,0.18102,0.19479,0.00044,0.51762,0.48476,0.11647,-0.00168,-0.00776,-0.00908,-0.03805,-0.0013,-0.01815,0.0
331,1588800,1249.9,1271,0.10792,0.51174,0.6,0.25768,-0.01405,0.02917,0.02081,0.01052,0.01221,0.18158,0.16229,0.00067,0.567,0.47396,0.11973,-0.00172,-0.00761,-0.00911,-0.04514,-0.00132,-0.01658,0.0
332,1593600,1252.4,1272,0.114,0.51352,0.6,0.25708,-0.01488,0.0374,0.01903,0.01102,0.01745,0.17351,0.20442,0.0003,0.60882,0.47767,0.12728,-0.00148,-0.00802,-0.0094,-0.03893,-0.00121,-0.01472,0.0
333,1598400,1254.9,1274,0.1011,0.51366,0.6,0.25732,-0.01238,0.05711,0.0197,0.01241,0.00896,0.17164,0.12033,0.00044,0.51883,0.46474,0.12324,-0.003,-0.00799,-0.00919,-0.03881,-0.00157,-0.01857,0.0
334,1603200,1257.6,1275,0.10304,0.50981,0.6,0.25702,-0.0133,0.03373,0.01889,0.01305,0.01455,0.17196,0.18004,0.00067,0.5376,0.46551,0.11751,-0.00539,-0.00798,-0.00912,-0.03686,-0.00152,-0.02098,0.0
335,1608000,1260.1,1276,0.11305,0.50961,0.6,0.25694,-0.01424,0.03408,0.01601,0.01157,0.01824,0.16829,0.21221,0.0003,0.5584,0.53179,0.12032,-0.00174,-0.0084,-0.00916,-0.03908,-0.0012,-0.01627,0.0
336,1612800,1262.5,1277,0.10668,0.50992,0.6,0.25728,-0.0134,0.04158,0.01694,0.01108,0.0109,0.16999,0.14208,0.00044,0.542,0.49697,0.11493,-0.00256,-0.00853,-0.00934,-0.04523,-0.00137,-0.0159,0.0
337,1617600,1265.5,1278,0.0989,0.50881,0.6,0.25671,-0.01567,0.0402,0.01697,0.01097,0.01351,0.16958,0.15908,0.00044,0.47419,0.47125,0.13601,-0.00388,-0.0081,-0.00904,-0.04411,-0.00158,-0.01737,0.0
338,1622400,1268.3,1279,0.10964,0.50953,0.6,0.25641,-0.01324,0.04022,0.01714,0.01196,0.012,0.16337,0.15579,0.00067,0.53212,0.51585,0.12996,-0.00399,-0.0082,-0.0094,-0.03726,-0.00139,-0.01713,0.0
339,1627200,1270.6,1281,0.10917,0.50944,0.6,0.2567,-0.01138,0.03981,0.01746,0.01015,0.01439,0.16261,0.18429,0.00067,0.54656,0.49488,0.13246,-0.00329,-0.00797,-0.00904,-0.04084,-0.00112,-0.0158,0.0
340,1632000,1273.2,1282,0.10963,0.5086,0.6,0.2562,-0.01311,0.03799,0.01807,0.01087,0.01603,0.16453,0.19375,0.00044,0.54372,0.50376,0.13431,-0.00235,-0.00804,-0.00902,-0.03603,-0.00152,-0.02022,0.0
341,1636800,1275.5,1283,0.10615,0.50984,0.6,0.25536,-0.01508,0.03708,0.02048,0.01073,0.01171,0.15556,0.14925,0.00044,0.51776,0.49485,0.13082,-0.00378,-0.00819,-0.00935,-0.03595,-0.00153,-0.01891,0.0
342,1641600,1277.9,1285,0.11811,0.5106,0.6,0.2555,-0.01274,0.03135,0.0187,0.01191,0.01225,0.14997,0.14846,0.00067,0.59381,0.5249,0.13959,-0.0021,-0.00857,-0.00952,-0.03505,-0.00137,-0.01646,0.0
343,1646400,1280.4,1286,0.11928,0.51167,0.6,0.25484,-0.01496,0.03223,0.01915,0.01265,0.01506,0.14819,0.18079,0.00067,0.6314,0.51144,0.12223,-0.00324,-0.00808,-0.0092,-0.03291,-0.00138,-0.01747,0.0
344,1651200,1283.0,1287,0.11045,0.51414,0.6,0.25423,-0.01123,0.03676,0.02132,0.01234,0.01224,0.1407,0.16008,0.00067,0.54665,0.50491,0.1324,-0.00401,-0.00773,-0.00884,-0.03546,-0.00116,-0.01809,0.0
345,1656000,1285.6,1288,0.11527,0.51411,0.6,0.2545,-0.01174,0.03811,0.0203,0.0116,0.01653,0.13614,0.20158,0.00067,0.58982,0.51748,0.12725,-0.00524,-0.00752,-0.00872,-0.03761,-0.00111,-0.01751,0.0
346,1660800,1288.3,1289,0.10019,0.51384,0.6,0.25515,-0.01106,0.04632,0.0199,0.01241,0.01386,0.14412,0.177,0.00067,0.50147,0.44972,0.13744,-0.00269,-0.00752,-0.00883,-0.04101,-0.00126,-0.01709,0.0
347,1665600,1291.0,1290,0.10989,0.51693,0.6,0.25552,-0.01245,0.05032,0.01826,0.01244,0.01614,0.14975,0.2045,0.00067,0.59293,0.46979,0.12625,-0.00432,-0.00778,-0.00884,-0.03901,-0.00129,-0.02046,0.0
348,1670400,1293.5,1291,0.1045,0.51831,0.605,0.25684,-0.01165,0.03937,0.01802,0.01366,0.01587,0.15808,0.19004,0.00044,0.53235,0.48015,0.12356,-0.00265,-0.00823,-0.00926,-0.04215,-0.00136,-0.01904,0.0
349,1675200,1296.3,1292,0.11205,0.517,0.6,0.25812,-0.01338,0.03349,0.01876,0.01334,0.01349,0.17428,0.15858,0.00067,0.57034,0.5081,0.12535,-0.00287,-0.00846,-0.00953,-0.03254,-0.00118,-0.01625,0.0
350,1680000,1298.7,1294,0.11806,0.51617,0.6,0.25817,-0.01327,0.04054,0.01766,0.01415,0.01411,0.18338,0.18533,0.00067,0.59531,0.53728,0.13089,-0.00199,-0.00887,-0.00993,-0.03297,-0.00115,-0.0196,0.0
351,1684800,1301.2,1295,0.11503,0.51562,0.6,0.258,-0.01222,0.03351,0.01489,0.01256,0.01539,0.18283,0.19308,0.00067,0.59165,0.50271,0.12584,-0.00066,-0.00814,-0.00929,-0.03466,-0.0012,-0.01596,0.0
352,1689600,1303.4,1296,0.10908,0.51472,0.6,0.2592,-0.01284,0.0308,0.01474,0.01109,0.016,0.1863,0.19958,0.00067,0.56186,0.49511,0.11532,-0.00195,-0.0074,-0.00869,-0.03591,-0.00181,-0.01737,0.0
353,1694400,1305.7,1298,0.11515,0.51601,0.6,0.25994,-0.01493,0.03299,0.0163,0.01089,0.01685,0.20036,0.20071,0.00044,0.5726,0.52131,0.12243,-0.00106,-0.00747,-0.00858,-0.03001,-0.00103,-0.01671,0.0
354,1699200,1308.1,1299,0.11008,0.51845,0.6,0.26073,-0.01227,0.04384,0.01568,0.0107,0.01073,0.20773,0.14008,0.00067,0.56024,0.49918,0.12876,-0.00354,-0.00725,-0.00833,-0.03952,-0.00121,-0.01915,0.0
355,1704000,1310.4,1300,0.10523,0.5188,0.65,0.26045,-0.01094,0.03277,0.01517,0.01055,0.01626,0.21308,0.19312,0.00044,0.52994,0.48563,0.11951,-0.00243,-0.00725,-0.00843,-0.03763,-0.00231,-0.02058,0.0
356,1708800,1312.6,1302,0.10926,0.52008,0.65,0.25954,-0.01181,0.03312,0.01627,0.01087,0.01203,0.20581,0.15708,0.00067,0.58365,0.48271,0.10236,-0.00706,-0.00778,-0.00901,-0.03058,-0.00136,-0.02034,-0.0
357,1713600,1315.1,1303,0.11949,0.52018,0.65,0.25908,-0.0133,0.04435,0.01781,0.01091,0.01733,0.19599,0.20325,0.00044,0.67246,0.50106,0.112,-0.00762,-0.008,-0.00903,-0.0296,-0.00114,-0.01859,0.0
358,1718400,1317.6,1304,0.11815,0.52005,0.65,0.25937,-0.01495,0.0303,0.01831,0.01076,0.01276,0.1953,0.16254,0.00067,0.59948,0.52916,0.13269,-0.0023,-0.00877,-0.00959,-0.03353,-0.00138,-0.02013,0.0
359,1723200,1319.9,1306,0.11262,0.52085,0.65,0.26115,-0.01468,0.04719,0.01894,0.0094,0.01516,0.20724,0.18512,0.00067,0.56808,0.50505,0.13137,-0.00141,-0.00914,-0.00997,-0.03493,-0.00156,-0.01709,0.0
360,1728000,1322.2,1307,0.10956,0.52128,0.65,0.26168,-0.01607,0.03371,0.01981,0.01019,0.0164,0.22188,0.18779,0.00044,0.5787,0.49081,0.10908,-0.00169,-0.00862,-0.00947,-0.04008,-0.00134,-0.0176,0.0
361,1732800,1324.4,1308,0.10147,0.52182,0.65,0.26217,-0.01385,0.03681,0.02004,0.01038,0.01206,0.22609,0.153,0.00067,0.53699,0.45413,0.11041,-0.00358,-0.00859,-0.00972,-0.04088,-0.00145,-0.0184,0.0
362,1737600,1326.8,1310,0.10509,0.52203,0.65,0.26288,-0.01423,0.03934,0.02004,0.01262,0.01637,0.23432,0.19958,0.00044,0.60884,0.44273,0.09812,-0.00409,-0.00833,-0.00945,-0.04692,-0.00275,-0.02311,0.0
363,1742400,1329.3,1311,0.10283,0.52236,0.65,0.26274,-0.00887,0.03881,0.0204,0.01198,0.01311,0.23694,0.17437,0.00067,0.57228,0.4403,0.10222,-0.00444,-0.00815,-0.00936,-0.04004,-0.00143,-0.0189,0.0
364,1747200,1331.6,1312,0.10101,0.52266,0.65,0.26199,-0.01212,0.02954,0.01796,0.01055,0.01495,0.23292,0.18533,0.00044,0.56878,0.43405,0.09782,-0.00343,-0.00782,-0.00894,-0.04323,-0.00192,-0.021,0.0
365,1752000,1333.9,1313,0.09075,0.52529,0.6,0.26214,-0.01409,0.03882,0.01848,0.01159,0.00978,0.22768,0.126,0.00067,0.49073,0.41866,0.10248,-0.00705,-0.00721,-0.00846,-0.05157,-0.00176,-0.01999,0.0
366,1756800,1336.4,1315,0.09225,0.5256,0.6,0.26244,-0.00952,0.03876,0.01918,0.01067,0.0117,0.23133,0.15217,0.00067,0.50834,0.40235,0.09872,-0.00293,-0.00742,-0.00874,-0.04642,-0.00178,-0.01965,-1e-05
367,1761600,1338.8,1316,0.10294,0.5275,0.6,0.26161,-0.01052,0.0394,0.01828,0.01093,0.01592,0.23006,0.18858,0.00044,0.53926,0.46291,0.12215,-0.00366,-0.00772,-0.0089,-0.04538,-0.00162,-0.01933,0.0
368,1766400,1341.4,1317,0.10655,0.52686,0.6,0.26143,-0.01161,0.03841,0.01826,0.01104,0.01248,0.22268,0.16013,0.00067,0.53132,0.49973,0.12597,-0.00318,-0.00764,-0.00854,-0.04265,-0.00252,-0.01868,0.0
369,1771200,1343.9,1318,0.10507,0.52709,0.6,0.26265,-0.01253,0.03802,0.01732,0.01112,0.01675,0.22821,0.19417,0.00044,0.48856,0.52367,0.1187,-0.00243,-0.00775,-0.00856,-0.03865,-0.00136,-0.01736,0.0
370,1776000,1346.1,1319,0.10175,0.52702,0.6,0.2636,-0.01488,0.03391,0.01806,0.01075,0.01339,0.24164,0.15754,0.00067,0.5215,0.47219,0.11941,-0.00393,-0.00767,-0.00865,-0.04585,-0.00158,-0.01961,0.0
371,1780800,1348.6,1320,0.0994,0.52837,0.65,0.26486,-0.01364,0.03189,0.01897,0.01241,0.01655,0.25495,0.19292,0.00044,0.54041,0.43049,0.11495,-0.00673,-0.00757,-0.00863,-0.04107,-0.00155,-0.0221,0.0
372,1785600,1351.0,1322,0.10275,0.52914,0.65,0.26358,-0.01378,0.02823,0.02006,0.01137,0.01286,0.25766,0.16396,0.00067,0.52127,0.47932,0.11355,-0.00207,-0.00764,-0.00835,-0.03936,-0.00147,-0.02359,0.0
373,1790400,1353.3,1323,0.10326,0.52976,0.65,0.26239,-0.01191,0.04154,0.02162,0.01157,0.01479,0.2412,0.17854,0.00067,0.53312,0.47878,0.1215,-0.00396,-0.00758,-0.00854,-0.04002,-0.00142,-0.01843,0.0
374,1795200,1355.7,1324,0.10648,0.52665,0.65,0.26168,-0.0136,0.03536,0.02172,0.01111,0.01588,0.23087,0.19304,0.00044,0.50866,0.51209,0.13713,-0.00176,-0.00721,-0.00825,-0.04773,-0.00236,-0.02162,0.0
375,1800000,1358.2,1325,0.10636,0.52617,0.6,0.26219,-0.01266,0.02773,0.02156,0.01088,0.01045,0.22881,0.1355,0.00067,0.5309,0.48709,0.13289,-0.00237,-0.00719,-0.00803,-0.04435,-0.00129,-0.01568,0.0
376,1804800,1360.9,1326,0.10717,0.52443,0.6,0.26216,-0.01563,0.04503,0.02227,0.01111,0.01568,0.23458,0.18983,0.00044,0.55074,0.47403,0.13276,-0.0016,-0.00745,-0.00839,-0.03863,-0.00133,-0.0159,0.0
377,1809600,1363.3,1327,0.10379,0.52347,0.6,0.2623,-0.00954,0.04377,0.02227,0.0121,0.01323,0.23421,0.16813,0.00067,0.5376,0.46792,0.11438,-0.00187,-0.00737,-0.00844,-0.04605,-0.00187,-0.01642,0.0
378,1814400,1365.6,1329,0.09557,0.5236,0.6,0.26161,-0.01502,0.03802,0.02094,0.01391,0.01768,0.23279,0.20992,0.00044,0.56278,0.39838,0.08809,-0.00434,-0.0073,-0.00842,-0.0415,-0.00189,-0.02179,0.0
379,1819200,1367.9,1330,0.10213,0.5227,0.6,0.26076,-0.01505,0.04069,0.01957,0.01175,0.01089,0.22408,0.13908,0.00067,0.56026,0.46372,0.08921,-0.00568,-0.00746,-0.00853,-0.03795,-0.00143,-0.02246,0.0
380,1824000,1370.2,1331,0.10439,0.52007,0.6,0.26135,-0.01193,0.04156,0.019,0.01275,0.01326,0.21939,0.17117,0.00067,0.57604,0.46319,0.09575,-0.00233,-0.00776,-0.0088,-0.04077,-0.00152,-0.01743,0.0
381,1828800,1372.5,1332,0.10449,0.51882,0.6,0.26257,-0.01318,0.04945,0.01823,0.0124,0.01722,0.23282,0.20429,0.00044,0.56769,0.47696,0.09605,-0.0021,-0.00777,-0.00879,-0.04259,-0.00264,-0.01939,0.0
382,1833600,1375.0,1334,0.10246,0.51597,0.6,0.26288,-0.01353,0.0377,0.01718,0.01181,0.01196,0.24069,0.14862,0.00067,0.5653,0.44676,0.09173,-0.00171,-0.00758,-0.00854,-0.03422,-0.00127,-0.01756,0.0
383,1838400,1377.5,1335,0.10844,0.5162,0.6,0.26284,-0.00953,0.04104,0.01526,0.01108,0.01317,0.24273,0.17271,0.00067,0.59443,0.47026,0.09574,-0.00254,-0.00699,-0.00824,-0.03321,-0.00123,-0.01551,0.0
384,1843200,1380.3,1335,0.11211,0.51589,0.6,0.26316,-0.01271,0.02606,0.01449,0.01036,0.01235,0.2437,0.16217,0.00067,0.59762,0.49539,0.09933,-0.00103,-0.00718,-0.00838,-0.03553,-0.00116,-0.0138,0.0
385,1848000,1382.8,1336,0.10884,0.51564,0.6,0.26366,-0.01425,0.04488,0.01462,0.01128,0.01519,0.24878,0.187,0.00044,0.58635,0.49462,0.08872,-0.00187,-0.0074,-0.00842,-0.03552,-0.00122,-0.01854,0.0
386,1852800,1385.2,1338,0.10658,0.5131,0.6,0.26489,-0.01373,0.0493,0.01397,0.013,0.01132,0.25724,0.1375,0.00067,0.55535,0.50141,0.09668,-0.00245,-0.00735,-0.00848,-0.03404,-0.00117,-0.0175,0.0
387,1857600,1387.7,1339,0.11121,0.51066,0.6,0.26605,-0.0116,0.02542,0.0146,0.01211,0.01444,0.27216,0.17492,0.00067,0.56792,0.50446,0.1178,-0.00179,-0.00709,-0.00827,-0.04077,-0.00111,-0.01485,0.0
388,1862400,1390.4,1339,0.11014,0.50996,0.6,0.26615,-0.01187,0.03382,0.0143,0.01128,0.01504,0.27874,0.18938,0.00044,0.56892,0.48559,0.1207,-0.00165,-0.00704,-0.00827,-0.03718,-0.00124,-0.01426,-3e-05
389,1867200,1392.9,1341,0.11012,0.50961,0.6,0.26683,-0.01318,0.04299,0.01483,0.01387,0.01421,0.28217,0.18008,0.00067,0.56735,0.50153,0.11908,-0.00368,-0.00697,-0.00811,-0.03992,-0.00113,-0.01861,0.0
390,1872000,1395.4,1342,0.1042,0.50841,0.6,0.26648,-0.01272,0.05664,0.01644,0.01233,0.01684,0.28619,0.20196,0.00044,0.51861,0.51089,0.10786,-0.00637,-0.007,-0.00836,-0.03793,-0.00115,-0.01785,0.0
391,1876800,1397.7,1343,0.10516,0.50831,0.6,0.26589,-0.01239,0.04126,0.01831,0.01114,0.01261,0.27908,0.16338,0.00067,0.55517,0.46521,0.11256,-0.00338,-0.00692,-0.00815,-0.03802,-0.0012,-0.01943,-7e-05
392,1881600,1400.3,1344,0.10789,0.50959,0.6,0.2654,-0.01484,0.0503,0.01922,0.01107,0.01498,0.27261,0.18796,0.00044,0.57606,0.47581,0.1105,-0.00357,-0.0069,-0.00812,-0.03762,-0.00128,-0.01769,0.0
393,1886400,1402.9,1345,0.11158,0.50942,0.6,0.26348,-0.0152,0.03082,0.01843,0.00973,0.01294,0.26227,0.16308,0.00067,0.61094,0.46938,0.11101,-0.00354,-0.00721,-0.00847,-0.03728,-0.00116,-0.01785,0.0
394,1891200,1405.6,1346,0.10852,0.51007,0.6,0.26233,-0.00962,0.03379,0.01786,0.01155,0.01842,0.23921,0.19983,0.0003,0.59329,0.45773,0.11831,-0.00361,-0.00707,-0.00836,-0.03646,-0.00137,-0.01884,-0.00012
395,1896000,1408.6,1346,0.11425,0.50918,0.6,0.26268,-0.01267,0.04459,0.02048,0.01152,0.00897,0.23751,0.11712,0.00044,0.62433,0.479,0.11914,-0.00352,-0.0072,-0.00838,-0.03304,-0.00134,-0.01817,-2e-05
396,1900800,1411.1,1347,0.10978,0.50871,0.6,0.26233,-0.01375,0.03958,0.02095,0.01061,0.01255,0.23845,0.16371,0.00067,0.55984,0.50706,0.11802,-0.00374,-0.00701,-0.00832,-0.0365,-0.00116,-0.01791,0.0
397,1905600,1413.4,1348,0.11041,0.51018,0.65,0.26262,-0.01308,0.03506,0.01924,0.01152,0.01628,0.23661,0.202,0.00044,0.56204,0.50088,0.1113,-0.00184,-0.00693,-0.00835,-0.03593,-0.00108,-0.01598,0.0
398,1910400,1416.2,1349,0.09784,0.51075,0.65,0.26236,-0.01324,0.03176,0.0207,0.01133,0.01179,0.23798,0.15417,0.00067,0.46112,0.49915,0.11387,-0.00371,-0.0071,-0.00856,-0.0479,-0.00177,-0.01821,-0.00017
399,1915200,1418.6,1350,0.10546,0.50956,0.65,0.26203,-0.01637,0.03543,0.02026,0.01017,0.01631,0.23287,0.19629,0.00044,0.55202,0.48447,0.10636,-0.00486,-0.00677,-0.00814,-0.04286,-0.00113,-0.016,-0.00015
400,1920000,1421.0,1351,0.09505,0.50925,0.65,0.26151,-0.01441,0.05386,0.01864,0.01041,0.0102,0.22926,0.13342,0.00067,0.46403,0.46263,0.11342,-0.00324,-0.00682,-0.00806,-0.03996,-0.00117,-0.01776,-2e-05
401,1924800,1423.4,1352,0.10375,0.50702,0.65,0.26196,-0.01393,0.04453,0.01824,0.01161,0.0152,0.2265,0.18579,0.00067,0.54164,0.48204,0.11019,-0.00467,-0.00707,-0.00828,-0.04085,-0.00152,-0.02147,0.0
402,1929600,1425.8,1353,0.114,0.50607,0.65,0.26221,-0.01138,0.04479,0.01941,0.01256,0.01663,0.23152,0.19171,0.00044,0.60646,0.507,0.10924,-0.00747,-0.00734,-0.00839,-0.0347,-0.00159,-0.01893,-9e-05
403,1934400,1428.0,1355,0.10759,0.5043,0.6,0.26321,-0.01595,0.04433,0.01807,0.0127,0.01273,0.23699,0.16267,0.00067,0.53535,0.50454,0.12177,-0.0045,-0.00725,-0.00847,-0.03596,-0.00136,-0.01993,0.0
404,1939200,1430.1,1356,0.11132,0.5037,0.6,0.2635,-0.01596,0.0291,0.01643,0.01061,0.02031,0.24676,0.21925,0.0003,0.57348,0.50045,0.11968,-0.002,-0.00724,-0.00865,-0.03934,-0.00121,-0.01785,0.0
405,1944000,1432.4,1357,0.11349,0.50292,0.6,0.26334,-0.01187,0.04024,0.01673,0.01074,0.00792,0.2462,0.10058,0.00044,0.58794,0.49981,0.11878,-0.00128,-0.0069,-0.00821,-0.0329,-0.0013,-0.0169,0.0
406,1948800,1435.0,1358,0.10837,0.50193,0.6,0.26319,-0.01409,0.04191,0.01612,0.01156,0.01292,0.24346,0.16958,0.00067,0.54782,0.49965,0.11185,-0.0018,-0.00706,-0.00827,-0.03519,-0.00128,-0.01774,-0.00012
407,1953600,1437.6,1359,0.10498,0.50121,0.6,0.26403,-0.01372,0.03403,0.01687,0.01231,0.01674,0.24774,0.19975,0.0003,0.51514,0.49626,0.12464,-0.00494,-0.00702,-0.00825,-0.04034,-0.00123,-0.02026,-2e-05
408,1958400,1440.4,1360,0.10441,0.50006,0.6,0.264,-0.0128,0.04705,0.01619,0.01237,0.00993,0.25227,0.12696,0.00044,0.55322,0.45891,0.12069,-0.00414,-0.00688,-0.0084,-0.03837,-0.00186,-0.02072,-1e-05
409,1963200,1443.0,1361,0.10303,0.50143,0.6,0.26378,-0.01423,0.0461,0.01621,0.01378,0.0116,0.25043,0.15138,0.00044,0.54122,0.45426,0.1165,-0.00387,-0.00702,-0.00857,-0.03662,-0.00137,-0.02003,-4e-05
410,1968000,1445.3,1362,0.10267,0.50386,0.6,0.26463,-0.01592,0.03995,0.01657,0.01268,0.01294,0.2529,0.16162,0.00067,0.51827,0.46772,0.11866,-0.00217,-0.00726,-0.00868,-0.03557,-0.0012,-0.02297,-6e-05
411,1972800,1447.6,1363,0.10383,0.50641,0.6,0.26482,-0.0138,0.03775,0.01636,0.01174,0.01791,0.26216,0.21029,0.00044,0.53432,0.45836,0.12416,-0.00154,-0.00696,-0.00826,-0.03772,-0.00149,-0.02259,0.0
412,1977600,1449.8,1364,0.1178,0.50945,0.6,0.2648,-0.01504,0.02903,0.01637,0.01176,0.01511,0.26108,0.18317,0.00067,0.63591,0.49427,0.12188,-0.00231,-0.00719,-0.00855,-0.03377,-0.00192,-0.02029,-0.0
413,1982400,1452.2,1365,0.11644,0.51341,0.65,0.26453,-0.01393,0.03602,0.01554,0.01273,0.01553,0.2603,0.18396,0.00044,0.59857,0.52054,0.12198,-0.00284,-0.0074,-0.00883,-0.03032,-0.00172,-0.02139,-8e-05
414,1987200,1454.3,1366,0.10752,0.51288,0.65,0.26476,-0.01204,0.05127,0.01592,0.01073,0.01326,0.25767,0.16558,0.00044,0.57513,0.47475,0.11865,-0.00413,-0.00726,-0.0087,-0.04083,-0.00285,-0.02119,0.0
415,1992000,1456.4,1368,0.10884,0.51174,0.6,0.26439,-0.01382,0.02493,0.01611,0.01061,0.0129,0.25863,0.16071,0.00067,0.54128,0.51259,0.11793,-0.00311,-0.00719,-0.00866,-0.03846,-0.00208,-0.01973,0.0
416,1996800,1458.6,1369,0.1162,0.51171,0.6,0.26453,-0.01761,0.0274,0.01652,0.00941,0.01629,0.25419,0.20104,0.00044,0.59102,0.5241,0.12558,-0.00215,-0.00705,-0.00853,-0.03431,-0.00196,-0.02052,0.0
417,2001600,1461.4,1370,0.10833,0.51023,0.6,0.26445,-0.01244,0.05569,0.0163,0.01018,0.0113,0.25627,0.13696,0.00044,0.54192,0.51799,0.12117,-0.0046,-0.00737,-0.00869,-0.03421,-0.0012,-0.02091,0.0
418,2006400,1463.6,1371,0.10808,0.50994,0.6,0.26413,-0.01374,0.04478,0.01718,0.00857,0.01035,0.25335,0.13704,0.00067,0.52797,0.51819,0.11964,-0.00154,-0.00728,-0.00874,-0.04507,-0.00205,-0.02037,0.0
419,2011200,1466.2,1372,0.10786,0.511,0.6,0.26331,-0.01388,0.03351,0.01816,0.00891,0.01487,0.24638,0.17983,0.00067,0.51637,0.52351,0.12395,-0.00199,-0.00735,-0.00886,-0.03735,-0.00148,-0.01991,-0.0
420,2016000,1469.0,1372,0.10105,0.51426,0.6,0.26309,-0.01331,0.03556,0.01886,0.0098,0.01685,0.23872,0.20608,0.00044,0.49904,0.47994,0.12256,-0.00259,-0.0071,-0.00845,-0.03916,-0.00244,-0.02296,0.0
421,2020800,1471.3,1374,0.11843,0.51693,0.6,0.26321,-0.01223,0.02603,0.01898,0.00908,0.01249,0.23842,0.16013,0.00067,0.58503,0.54003,0.1336,-0.00093,-0.00727,-0.0086,-0.03935,-0.00119,-0.01697,0.0
422,2025600,1473.5,1375,0.11192,0.51901,0.65,0.26349,-0.01245,0.03033,0.01836,0.00862,0.01172,0.24111,0.15354,0.00067,0.53408,0.52295,0.13304,-0.00225,-0.00724,-0.00855,-0.03454,-0.00128,-0.01702,0.0
423,2030400,1475.9,1376,0.11133,0.52092,0.65,0.2628,-0.01473,0.03906,0.01868,0.01013,0.01553,0.24049,0.19242,0.00067,0.54484,0.50594,0.14148,-0.00372,-0.00704,-0.00833,-0.02807,-0.00119,-0.02219,-8e-05
424,2035200,1478.2,1377,0.11716,0.52116,0.65,0.26289,-0.01577,0.05918,0.02061,0.01125,0.01768,0.2351,0.19717,0.00044,0.60977,0.50482,0.13816,-0.0085,-0.00704,-0.00844,-0.02893,-0.00139,-0.02241,-0.00028
425,2040000,1480.5,1378,0.10848,0.52215,0.65,0.26296,-0.01169,0.04124,0.02091,0.01064,0.01341,0.23604,0.16883,0.00067,0.55239,0.47962,0.14083,-0.00289,-0.00687,-0.00818,-0.03815,-0.00117,-0.02237,-0.00011
426,2044800,1482.7,1379,0.10611,0.52369,0.65,0.26236,-0.01492,0.03392,0.02077,0.01148,0.01529,0.23411,0.17696,0.00044,0.53277,0.47756,0.13872,-0.00326,-0.00678,-0.00806,-0.04057,-0.00234,-0.0226,-0.00017
427,2049600,1485.0,1380,0.11726,0.52268,0.65,0.26228,-0.01002,0.03947,0.02047,0.01029,0.01019,0.22843,0.13062,0.00067,0.59955,0.49525,0.15604,-0.00382,-0.0068,-0.00804,-0.03136,-0.0011,-0.0187,-3e-05
428,2054400,1487.9,1381,0.11366,0.52232,0.65,0.26186,-0.01429,0.04083,0.01896,0.01151,0.01732,0.22659,0.19796,0.0003,0.55565,0.51122,0.15461,-0.00236,-0.00688,-0.00808,-0.03296,-0.00136,-0.02493,0.0
429,2059200,1490.5,1382,0.1135,0.52211,0.65,0.26188,-0.01098,0.04483,0.01923,0.00942,0.01107,0.22311,0.1355,0.00044,0.52568,0.53168,0.15867,-0.00146,-0.00686,-0.00814,-0.03704,-0.00146,-0.02186,-1e-05
430,2064000,1492.9,1383,0.10817,0.52308,0.65,0.26291,-0.01181,0.0363,0.02095,0.00977,0.01013,0.2286,0.13046,0.00067,0.52075,0.49696,0.1492,-0.00328,-0.00634,-0.00776,-0.03951,-0.00227,-0.02157,-0.00027
431,2068800,1495.6,1383,0.10118,0.52328,0.65,0.26326,-0.01398,0.04299,0.01983,0.00952,0.01659,0.23788,0.19154,0.00044,0.46438,0.50775,0.13643,-0.00306,-0.00664,-0.00803,-0.03899,-0.0013,-0.02167,-0.00043
432,2073600,1498.3,1384,0.11206,0.52136,0.65,0.26364,-0.01283,0.03379,0.01945,0.00992,0.01087,0.23868,0.14088,0.00067,0.56965,0.50479,0.1236,-0.00288,-0.00675,-0.00795,-0.03267,-0.00148,-0.0215,-0.0
433,2078400,1500.7,1385,0.1097,0.52303,0.65,0.26425,-0.01343,0.0401,0.0188,0.01136,0.01563,0.24425,0.19379,0.00044,0.54306,0.51106,0.12733,-0.00222,-0.00697,-0.00813,-0.03828,-0.00158,-0.02307,0.0
434,2083200,1503.2,1386,0.1049,0.52359,0.65,0.26509,-0.01442,0.0283,0.01858,0.01161,0.01365,0.25324,0.17504,0.00067,0.53781,0.48165,0.11974,-0.00265,-0.0066,-0.00796,-0.04092,-0.00113,-0.02238,-0.00021
435,2088000,1505.8,1387,0.11111,0.52358,0.65,0.26567,-0.01375,0.03952,0.0187,0.01338,0.01627,0.26166,0.19571,0.00044,0.57077,0.48829,0.1383,-0.00352,-0.00701,-0.00835,-0.03515,-0.00141,-0.02233,-0.00015
436,2092800,1508.2,1388,0.11983,0.52421,0.65,0.26557,-0.01527,0.03986,0.01685,0.01222,0.0137,0.2641,0.16954,0.00067,0.59813,0.51982,0.16221,-0.0039,-0.00713,-0.00846,-0.03245,-0.00135,-0.02029,0.0
437,2097600,1510.8,1388,0.111,0.52561,0.65,0.26766,-0.01185,0.0291,0.01853,0.00993,0.01544,0.27243,0.18921,0.00044,0.54812,0.48784,0.15739,-0.00139,-0.00667,-0.00804,-0.03612,-0.00147,-0.02552,0.0
438,2102400,1513.4,1389,0.11522,0.52722,0.65,0.26835,-0.01262,0.0364,0.01839,0.01093,0.01273,0.29112,0.15871,0.00067,0.58818,0.50037,0.14139,-0.0017,-0.00662,-0.00809,-0.03711,-0.00219,-0.02203,0.0
439,2107200,1516.1,1390,0.11329,0.52751,0.65,0.26857,-0.01152,0.03153,0.01797,0.01166,0.01469,0.29323,0.18275,0.00044,0.5677,0.50499,0.1423,-0.00404,-0.00652,-0.00798,-0.03415,-0.00113,-0.01999,-0.0
440,2112000,1518.9,1390,0.11658,0.52717,0.65,0.26842,-0.01444,0.03812,0.01934,0.01064,0.01126,0.29421,0.14154,0.00067,0.56717,0.52705,0.16135,-0.00363,-0.0067,-0.00794,-0.03451,-0.0012,-0.01879,-0.00033
441,2116800,1521.9,1391,0.11292,0.52811,0.65,0.26909,-0.01551,0.03765,0.01736,0.01177,0.01823,0.29649,0.21808,0.0003,0.52441,0.51975,0.16114,-0.00151,-0.00697,-0.00827,-0.03779,-0.00156,-0.01996,-3e-05
442,2121600,1524.7,1392,0.11018,0.52795,0.65,0.26891,-0.01125,0.04673,0.01835,0.01171,0.00955,0.29847,0.12833,0.00044,0.56344,0.49387,0.13194,-0.00376,-0.007,-0.00832,-0.03822,-0.00141,-0.02034,-4e-05
443,2126400,1527.3,1392,0.11134,0.525,0.65,0.26843,-0.01113,0.03909,0.02061,0.01156,0.01344,0.29417,0.16133,0.00067,0.56889,0.50021,0.13862,-0.00543,-0.00683,-0.00824,-0.0332,-0.00153,-0.01812,-0.00016
444,2131200,1529.9,1393,0.11795,0.52375,0.65,0.26746,-0.01396,0.04113,0.02211,0.01026,0.01597,0.28481,0.19358,0.00044,0.6111,0.50082,0.14393,-0.00347,-0.00682,-0.00817,-0.03205,-0.0017,-0.01992,0.0
445,2136000,1532.5,1394,0.11339,0.52593,0.65,0.26696,-0.01331,0.0414,0.02434,0.01149,0.01202,0.27577,0.15271,0.00067,0.55188,0.51743,0.14198,-0.00437,-0.00719,-0.0085,-0.02941,-0.00125,-0.02248,0.0
446,2140800,1534.8,1395,0.11782,0.52775,0.65,0.26677,-0.01443,0.025,0.02168,0.01138,0.01803,0.27066,0.214,0.00044,0.60643,0.50036,0.14346,-0.00262,-0.00692,-0.00822,-0.0324,-0.00245,-0.01944,0.0
447,2145600,1537.4,1396,0.12393,0.5299,0.65,0.26657,-0.01343,0.04031,0.01958,0.01205,0.01326,0.2685,0.16558,0.00044,0.65281,0.5374,0.12452,-0.0044,-0.00699,-0.00831,-0.03547,-0.00225,-0.01795,-4e-05
448,2150400,1539.6,1397,0.10481,0.52987,0.65,0.26641,-0.01064,0.06265,0.02188,0.01127,0.01104,0.26756,0.13708,0.00067,0.52729,0.48236,0.12367,-0.00378,-0.00723,-0.00867,-0.03573,-0.00148,-0.02411,0.0
449,2155200,1542.1,1398,0.10251,0.52975,0.65,0.26579,-0.01216,0.04587,0.02144,0.01276,0.01313,0.26342,0.15979,0.00067,0.53952,0.47396,0.11175,-0.00743,-0.00673,-0.00792,-0.03626,-0.00161,-0.02768,-3e-05
450,2160000,1544.7,1398,0.11175,0.53003,0.65,0.26531,-0.01348,0.03717,0.02087,0.01255,0.01689,0.2583,0.19454,0.00067,0.5655,0.51186,0.12011,-0.00251,-0.00721,-0.00836,-0.03738,-0.00283,-0.02165,-5e-05
451,2164800,1547.1,1399,0.103,0.53392,0.65,0.26545,-0.01238,0.06466,0.02085,0.01086,0.01311,0.25533,0.166,0.00067,0.51873,0.49273,0.11343,-0.00318,-0.00736,-0.00859,-0.04222,-0.00147,-0.02374,0.0
452,2169600,1549.8,1400,0.09929,0.53348,0.65,0.26592,-0.01364,0.04894,0.01845,0.01269,0.01306,0.26116,0.16208,0.00067,0.4885,0.49124,0.11366,-0.00401,-0.0071,-0.00838,-0.04575,-0.00147,-0.02129,0.0
453,2174400,1552.5,1401,0.10158,0.53469,0.65,0.26737,-0.01243,0.03265,0.01797,0.01189,0.01619,0.26952,0.1995,0.00044,0.50993,0.47603,0.11438,-0.00131,-0.00711,-0.00834,-0.04388,-0.00229,-0.02161,0.0
454,2179200,1555.2,1401,0.10751,0.53531,0.65,0.26735,-0.011,0.03743,0.01707,0.01069,0.01439,0.28053,0.18387,0.00067,0.57323,0.4853,0.10607,-0.00253,-0.00744,-0.00877,-0.03637,-0.00397,-0.02204,-0.0
455,2184000,1558.0,1402,0.11765,0.53566,0.65,0.26842,-0.01401,0.04626,0.0161,0.00961,0.01459,0.28381,0.18442,0.00067,0.63724,0.49752,0.12058,-0.0049,-0.00728,-0.00852,-0.02528,-0.00148,-0.02299,-5e-05
456,2188800,1561.0,1402,0.11321,0.53725,0.65,0.26925,-0.01258,0.04797,0.01665,0.00886,0.01387,0.29573,0.17488,0.00067,0.54556,0.52761,0.12955,-0.00229,-0.00743,-0.00871,-0.02898,-0.00121,-0.022,0.0
457,2193600,1563.5,1403,0.11371,0.53728,0.65,0.27022,-0.01223,0.0374,0.01662,0.0094,0.01514,0.30505,0.19371,0.00067,0.55805,0.53009,0.12665,-0.0015,-0.00734,-0.00867,-0.03627,-0.00176,-0.01799,0.0
458,2198400,1565.9,1404,0.11954,0.53906,0.65,0.26977,-0.01328,0.03302,0.01686,0.00994,0.01423,0.30829,0.18258,0.00067,0.61102,0.53548,0.12431,-0.00126,-0.00754,-0.00893,-0.03196,-0.00113,-0.02036,-9e-05
459,2203200,1568.7,1404,0.11462,0.53968,0.65,0.27048,-0.01515,0.03351,0.01839,0.01017,0.01493,0.30726,0.18592,0.00067,0.5845,0.52154,0.12588,-0.0046,-0.00719,-0.00854,-0.03035,-0.00242,-0.02401,-0.00026
460,2208000,1571.3,1405,0.10852,0.53989,0.65,0.2713,-0.01533,0.03343,0.01747,0.01105,0.01704,0.31634,0.19363,0.00044,0.5217,0.52001,0.12465,-0.00187,-0.00692,-0.00839,-0.03752,-0.00181,-0.02051,0.0
461,2212800,1573.7,1406,0.11308,0.5396,0.65,0.27113,-0.01057,0.04335,0.01568,0.01121,0.01242,0.31831,0.15742,0.00067,0.58383,0.50027,0.12355,-0.00085,-0.00716,-0.00851,-0.03532,-0.00112,-0.0197,0.0
462,2217600,1575.9,1407,0.10485,0.5381,0.65,0.27193,-0.01849,0.04028,0.0158,0.01146,0.0136,0.32109,0.17246,0.001,0.53585,0.47098,0.13204,-0.00269,-0.00716,-0.00864,-0.03329,-0.00115,-0.02078,0.0
463,2222400,1578.2,1408,0.1145,0.5375,0.65,0.27201,-0.01306,0.02717,0.01786,0.01206,0.01545,0.32602,0.19587,0.00067,0.6126,0.48339,0.12147,-0.00407,-0.00719,-0.00847,-0.0316,-0.00161,-0.01954,0.0
464,2227200,1580.3,1409,0.11073,0.53687,0.65,0.27284,-0.01271,0.0273,0.01814,0.01361,0.01111,0.32801,0.142,0.00067,0.56919,0.51089,0.10849,-0.00246,-0.00741,-0.0087,-0.03475,-0.00153,-0.02228,0.0
465,2232000,1582.6,1410,0.11336,0.53592,0.65,0.27365,-0.01362,0.04377,0.0177,0.01302,0.01662,0.33854,0.20825,0.00044,0.56131,0.51509,0.13941,-0.00268,-0.0075,-0.00891,-0.03036,-0.00109,-0.01921,0.0
466,2236800,1584.6,1412,0.10662,0.53801,0.65,0.27408,-0.01355,0.04165,0.01979,0.01306,0.01184,0.34561,0.14983,0.00067,0.51594,0.4985,0.1363,-0.00217,-0.00734,-0.00858,-0.03848,-0.00165,-0.02217,-1e-05
467,2241600,1587.1,1412,0.09925,0.53649,0.65,0.27449,-0.01554,0.04413,0.02129,0.01545,0.01582,0.35085,0.195,0.00067,0.511,0.44196,0.12616,-0.00198,-0.00744,-0.00882,-0.03936,-0.0014,-0.01931,-2e-05
468,2246400,1589.8,1413,0.10446,0.53455,0.65,0.27486,-0.01235,0.04122,0.02129,0.01602,0.01604,0.35431,0.19558,0.00044,0.54442,0.46143,0.12318,-0.00183,-0.0078,-0.00919,-0.0356,-0.00121,-0.02043,-7e-05
469,2251200,1592.2,1414,0.10739,0.53503,0.65,0.27539,-0.01447,0.03055,0.01865,0.01425,0.01202,0.36012,0.15125,0.00067,0.57771,0.44558,0.1344,-0.00165,-0.00789,-0.00916,-0.03377,-0.00184,-0.02527,-0.0001
470,2256000,1595.0,1414,0.11485,0.53438,0.65,0.27597,-0.01243,0.03885,0.01649,0.01418,0.01424,0.36559,0.1775,0.00067,0.59663,0.49102,0.14922,-0.00161,-0.00791,-0.00933,-0.03269,-0.00183,-0.02245,0.0
471,2260800,1597.3,1415,0.12133,0.53399,0.65,0.27685,-0.01692,0.03845,0.01746,0.01287,0.01656,0.37281,0.20083,0.0003,0.63095,0.51468,0.14213,-0.00146,-0.00789,-0.00918,-0.03191,-0.00145,-0.01844,0.0
472,2265600,1599.6,1416,0.11373,0.5336,0.65,0.27712,-0.01165,0.04143,0.01887,0.01318,0.00923,0.37887,0.11875,0.00044,0.61234,0.46633,0.13993,-0.00239,-0.00805,-0.00932,-0.0318,-0.00125,-0.02003,-0.0001
473,2270400,1602.3,1417,0.11238,0.53431,0.65,0.27701,-0.01514,0.04653,0.01853,0.01281,0.01489,0.38105,0.18675,0.0003,0.60851,0.46222,0.13217,-0.004,-0.00838,-0.00964,-0.03473,-0.00186,-0.0205,-2e-05
474,2275200,1604.5,1418,0.10559,0.53316,0.65,0.27676,-0.01149,0.04205,0.0189,0.01104,0.009,0.38042,0.10858,0.00044,0.56136,0.453,0.13061,-0.00363,-0.00797,-0.00934,-0.03591,-0.00182,-0.02196,-0.00011
475,2280000,1607.1,1419,0.10803,0.53508,0.65,0.27705,-0.01084,0.04078,0.01813,0.01118,0.01368,0.37891,0.17796,0.00067,0.58063,0.45824,0.1221,-0.00278,-0.00809,-0.00949,-0.03658,-0.00128,-0.01829,0.0
476,2284800,1609.5,1420,0.10969,0.5375,0.65,0.27636,-0.01207,0.02288,0.01786,0.01176,0.01259,0.37907,0.15812,0.00067,0.61386,0.45022,0.10713,-0.00183,-0.00823,-0.00976,-0.03544,-0.00122,-0.01761,-0.00023
477,2289600,1611.8,1421,0.10082,0.53593,0.65,0.27627,-0.01101,0.04449,0.01765,0.01279,0.01209,0.37167,0.15717,0.00067,0.52938,0.46147,0.10481,-0.00269,-0.00802,-0.00948,-0.03604,-0.00146,-0.02132,-9e-05
478,2294400,1614.1,1421,0.10407,0.53734,0.65,0.27699,-0.01531,0.03778,0.02124,0.01303,0.01536,0.37693,0.19387,0.00067,0.58638,0.44029,0.09429,-0.00264,-0.00793,-0.00951,-0.03456,-0.00114,-0.02038,0.0
479,2299200,1616.8,1422,0.10081,0.53595,0.65,0.27702,-0.01537,0.0408,0.02108,0.01395,0.01596,0.38001,0.18325,0.00044,0.5153,0.49,0.10443,-0.00581,-0.00834,-0.00979,-0.03864,-0.00203,-0.02041,0.0
480,2304000,1619.3,1423,0.10631,0.53357,0.65,0.27677,-0.01451,0.03134,0.01755,0.01134,0.01236,0.38038,0.15862,0.00067,0.53215,0.4957,0.11493,-0.001,-0.00822,-0.00959,-0.03648,-0.00112,-0.01908,-0.0
481,2308800,1621.6,1424,0.09854,0.53407,0.65,0.2767,-0.01714,0.04837,0.02075,0.01274,0.01699,0.3799,0.21179,0.00044,0.4786,0.47923,0.12142,-0.00357,-0.00843,-0.00997,-0.03919,-0.00183,-0.02244,-4e-05
482,2313600,1623.8,1425,0.10135,0.53483,0.65,0.27664,-0.01293,0.03746,0.02138,0.01199,0.0109,0.38076,0.14329,0.00067,0.51419,0.46923,0.1148,-0.00137,-0.00851,-0.01014,-0.0395,-0.00129,-0.01975,-1e-05
483,2318400,1626.5,1425,0.10357,0.53503,0.65,0.27722,-0.01363,0.03793,0.01953,0.0117,0.0159,0.38191,0.19333,0.00044,0.53946,0.47467,0.10781,-0.00276,-0.00861,-0.01057,-0.03568,-0.0012,-0.01895,-0.00011
484,2323200,1628.9,1426,0.10692,0.5327,0.65,0.27714,-0.01304,0.02548,0.01921,0.01135,0.01323,0.38597,0.16608,0.00067,0.53844,0.49179,0.12424,-0.00211,-0.00813,-0.00963,-0.03909,-0.0012,-0.01674,-8e-05
485,2328000,1631.6,1427,0.09912,0.53434,0.7,0.27675,-0.01585,0.0439,0.01884,0.01134,0.01318,0.38273,0.16854,0.001,0.49038,0.47552,0.1263,-0.00308,-0.00846,-0.01009,-0.04132,-0.00147,-0.01988,-7e-05
486,2332800,1633.7,1428,0.10651,0.53297,0.7,0.27767,-0.0174,0.02391,0.01712,0.01027,0.01682,0.38557,0.20308,0.0003,0.5335,0.49411,0.12063,-0.00204,-0.00858,-0.01034,-0.03955,-0.00121,-0.0173,0.0
487,2337600,1636.3,1429,0.11201,0.53143,0.65,0.27751,-0.01195,0.03309,0.0183,0.01152,0.00763,0.39043,0.09921,0.00044,0.61828,0.4711,0.12008,-0.00259,-0.00873,-0.01055,-0.03286,-0.00163,-0.02029,-0.00022
488,2342400,1638.8,1429,0.11898,0.5296,0.65,0.27751,-0.01349,0.03589,0.01674,0.01105,0.01312,0.38862,0.16862,0.00067,0.6072,0.5301,0.12651,-0.00259,-0.00859,-0.01034,-0.02572,-0.00108,-0.01719,-0.00018
489,2347200,1641.2,1430,0.12034,0.53097,0.65,0.27712,-0.01399,0.03195,0.01821,0.01008,0.01607,0.38888,0.19958,0.00044,0.62004,0.53268,0.1238,-0.00195,-0.00887,-0.01049,-0.02962,-0.00104,-0.01699,-0.0
490,2352000,1643.5,1431,0.11529,0.5318,0.65,0.27691,-0.01523,0.03519,0.01704,0.01008,0.01065,0.3864,0.14137,0.00067,0.59065,0.52022,0.11942,-0.00269,-0.00913,-0.01097,-0.03538,-0.00125,-0.01796,-2e-05
491,2356800,1646.1,1432,0.10625,0.53117,0.65,0.27794,-0.01379,0.04552,0.01737,0.01021,0.01688,0.39121,0.19942,0.00044,0.52674,0.48984,0.13667,-0.00514,-0.00889,-0.01087,-0.03529,-0.00134,-0.01673,0.0
492,2361600,1648.4,1433,0.10789,0.53023,0.65,0.27846,-0.01381,0.04094,0.01619,0.01072,0.01241,0.40002,0.15962,0.00067,0.55965,0.48055,0.12042,-0.00311,-0.00862,-0.01061,-0.04098,-0.00174,-0.01643,-0.00026
493,2366400,1650.9,1433,0.10264,0.53082,0.65,0.27848,-0.0154,0.02933,0.01617,0.01157,0.01647,0.40379,0.20467,0.0003,0.52022,0.471,0.11995,-0.00412,-0.00838,-0.01014,-0.03793,-0.00115,-0.0186,-0.00027
494,2371200,1653.6,1434,0.11087,0.53142,0.65,0.27903,-0.01115,0.0454,0.01702,0.01055,0.00961,0.40532,0.12587,0.00044,0.61418,0.47464,0.11273,-0.00481,-0.00869,-0.0105,-0.03579,-0.00124,-0.01923,-0.0001
495,2376000,1656.8,1434,0.10313,0.53247,0.65,0.27967,-0.01289,0.0379,0.01765,0.01119,0.01341,0.41372,0.16508,0.00067,0.55349,0.45174,0.10819,-0.00579,-0.00849,-0.01031,-0.03903,-0.00144,-0.01704,0.0
496,2380800,1659.3,1435,0.11073,0.53316,0.65,0.27983,-0.01317,0.03448,0.01821,0.01113,0.01165,0.41893,0.15125,0.00067,0.62883,0.45677,0.10746,-0.00334,-0.00845,-0.01032,-0.03441,-0.00114,-0.01961,-0.00012
497,2385600,1661.7,1436,0.10069,0.53352,0.65,0.28058,-0.01279,0.05216,0.01777,0.01254,0.01595,0.4228,0.19596,0.00067,0.5566,0.43761,0.09928,-0.00364,-0.00824,-0.01002,-0.03735,-0.0017,-0.0215,0.0
498,2390400,1664.0,1437,0.10646,0.53402,0.65,0.28052,-0.01199,0.04525,0.01719,0.01136,0.01327,0.42695,0.16737,0.00067,0.59106,0.46357,0.10742,-0.00429,-0.00854,-0.01036,-0.03793,-0.0013,-0.01822,-0.00013
499,2395200,1666.2,1438,0.11399,0.53193,0.65,0.27922,-0.01357,0.04684,0.01628,0.01051,0.01245,0.41806,0.16737,0.00067,0.6306,0.4707,0.10836,-0.0013,-0.00829,-0.00997,-0.03268,-0.00108,-0.01643,-7e-05
500,2400000,1668.7,1438,0.10303,0.53059,0.65,0.27857,-0.01364,0.03322,0.01704,0.00991,0.01405,0.40647,0.18529,0.00067,0.55291,0.45365,0.10401,-0.00287,-0.00791,-0.00964,-0.03187,-0.00117,-0.01812,-0.00038
501,2404800,1671.2,1439,0.10329,0.53298,0.65,0.28013,-0.01875,0.049,0.01711,0.00995,0.01721,0.40977,0.204,0.0003,0.55146,0.46263,0.10364,-0.00548,-0.00773,-0.00931,-0.03745,-0.00128,-0.01939,-3e-05
502,2409600,1673.4,1440,0.10037,0.53198,0.65,0.28008,-0.01321,0.03482,0.01769,0.00956,0.00725,0.41988,0.09692,0.00044,0.5133,0.47435,0.10734,-0.00439,-0.00762,-0.00924,-0.03634,-0.00219,-0.02303,-0.00019
503,2414400,1675.6,1441,0.1113,0.53097,0.65,0.27928,-0.01186,0.03335,0.01646,0.01018,0.01125,0.41528,0.14783,0.00067,0.58706,0.49602,0.10768,-0.0019,-0.00819,-0.00973,-0.03209,-0.00141,-0.02028,-0.0
504,2419200,1678.0,1442,0.11376,0.53486,0.65,0.27904,-0.01656,0.02995,0.01704,0.01169,0.01545,0.40987,0.18846,0.00044,0.60673,0.47604,0.12419,-0.00144,-0.00802,-0.00956,-0.02572,-0.0011,-0.01921,-0.00014
505,2424000,1681.0,1442,0.10817,0.5366,0.65,0.27942,-0.01376,0.02565,0.01861,0.0128,0.01088,0.41192,0.13608,0.00067,0.59777,0.43871,0.12417,-0.0031,-0.00818,-0.00979,-0.03665,-0.0013,-0.01981,-0.00013
506,2428800,1683.2,1443,0.10201,0.5385,0.65,0.27942,-0.01353,0.0364,0.01875,0.01181,0.01642,0.415,0.198,0.00067,0.52643,0.44703,0.12151,-0.00191,-0.00787,-0.00954,-0.03668,-0.00123,-0.01711,-0.0005
507,2433600,1685.5,1444,0.10808,0.53781,0.65,0.27987,-0.01314,0.03855,0.01785,0.01131,0.01648,0.41608,0.20225,0.00044,0.56957,0.46344,0.12811,-0.00156,-0.008,-0.00973,-0.03545,-0.0013,-0.01989,-0.00022
508,2438400,1687.8,1445,0.10681,0.53999,0.65,0.27997,-0.01297,0.02985,0.01896,0.0121,0.01348,0.42028,0.16112,0.00067,0.58828,0.45345,0.1184,-0.00402,-0.00806,-0.00959,-0.03732,-0.00212,-0.01838,-5e-05
509,2443200,1690.1,1446,0.10668,0.53979,0.65,0.27921,-0.013,0.04233,0.01919,0.01237,0.01511,0.41702,0.18737,0.00067,0.59165,0.44976,0.10618,-0.00143,-0.00863,-0.01027,-0.03597,-0.00158,-0.01871,0.0
510,2448000,1692.6,1446,0.11028,0.53961,0.65,0.2785,-0.01381,0.02541,0.01955,0.0115,0.01362,0.40865,0.16837,0.001,0.56705,0.51058,0.10528,-0.00274,-0.00809,-0.00971,-0.03543,-0.00115,-0.01886,0.0
511,2452800,1695.6,1447,0.10593,0.54212,0.65,0.27776,-0.01418,0.02837,0.02028,0.01086,0.01358,0.40233,0.17417,0.001,0.54942,0.48467,0.10113,-0.00146,-0.00789,-0.0095,-0.03233,-0.00195,-0.01859,-5e-05
512,2457600,1698.0,1447,0.10813,0.54298,0.65,0.27671,-0.01751,0.02931,0.02395,0.01125,0.01808,0.39039,0.21842,0.0003,0.59312,0.46425,0.10374,-0.00551,-0.00778,-0.00935,-0.02891,-0.00139,-0.01843,-0.0001
513,2462400,1700.4,1448,0.10886,0.54305,0.65,0.27625,-0.01178,0.03741,0.02364,0.01167,0.00839,0.38257,0.1105,0.00044,0.59257,0.48393,0.10081,-0.00409,-0.00758,-0.00912,-0.03414,-0.00167,-0.02363,-9e-05
514,2467200,1702.9,1449,0.10279,0.54355,0.65,0.27664,-0.01529,0.04299,0.02364,0.01122,0.01231,0.38211,0.15883,0.00067,0.54373,0.45394,0.1182,-0.00419,-0.00753,-0.00905,-0.03636,-0.00161,-0.02049,-0.00036
515,2472000,1705.5,1449,0.10785,0.54342,0.65,0.27777,-0.01492,0.03271,0.0198,0.01171,0.01559,0.39105,0.19204,0.00044,0.5541,0.48989,0.1167,-0.00271,-0.00756,-0.00904,-0.03915,-0.00134,-0.01784,-0.00038
516,2476800,1708.0,1450,0.10225,0.54429,0.65,0.27749,-0.01067,0.0434,0.02084,0.01117,0.01167,0.39594,0.15321,0.00067,0.52865,0.47271,0.10784,-0.00422,-0.00784,-0.0093,-0.03556,-0.00126,-0.01958,-0.00058
517,2481600,1710.5,1451,0.10762,0.54225,0.65,0.2782,-0.01723,0.03664,0.01939,0.01177,0.01694,0.39706,0.20375,0.0003,0.57839,0.47258,0.10939,-0.00261,-0.00791,-0.00929,-0.03508,-0.00122,-0.01962,-0.0001
518,2486400,1713.3,1451,0.11296,0.54409,0.65,0.27926,-0.01676,0.04606,0.01994,0.01242,0.01077,0.40679,0.13667,0.00044,0.58598,0.50785,0.1126,-0.00301,-0.00795,-0.00947,-0.0329,-0.00121,-0.01802,-9e-05
519,2491200,1716.0,1452,0.11004,0.54707,0.65,0.27864,-0.01426,0.02934,0.01938,0.0132,0.01112,0.41316,0.14692,0.00067,0.56542,0.50905,0.11047,-0.00455,-0.00804,-0.00954,-0.04119,-0.00123,-0.01999,0.0
520,2496000,1718.4,1452,0.10991,0.546,0.65,0.27829,-0.01622,0.04635,0.01948,0.01274,0.01553,0.40362,0.19125,0.00067,0.60811,0.48166,0.10062,-0.00383,-0.00789,-0.00927,-0.03602,-0.00122,-0.02054,-1e-05
521,2500800,1721.3,1453,0.10276,0.54477,0.65,0.27873,-0.01203,0.04164,0.01941,0.01383,0.01547,0.40659,0.19454,0.00067,0.55585,0.46847,0.10184,-0.00456,-0.00794,-0.00952,-0.03512,-0.00163,-0.02282,-0.00029
522,2505600,1723.6,1454,0.11671,0.54365,0.65,0.2791,-0.01684,0.05803,0.01748,0.01151,0.0161,0.40977,0.19654,0.00044,0.63363,0.49508,0.11185,-0.00163,-0.00789,-0.00945,-0.026,-0.00119,-0.01891,-7e-05
523,2510400,1726.0,1454,0.11248,0.54379,0.65,0.27955,-0.01637,0.05065,0.01927,0.01364,0.01462,0.41489,0.18325,0.0003,0.57778,0.50083,0.12679,-0.0021,-0.0079,-0.00948,-0.04,-0.00178,-0.01911,-0.00022
524,2515200,1728.4,1455,0.10117,0.54602,0.65,0.27998,-0.01439,0.06435,0.01917,0.01146,0.00891,0.41822,0.1165,0.00044,0.51211,0.47104,0.11749,-0.00383,-0.00771,-0.00935,-0.03763,-0.00129,-0.02038,-0.00038
525,2520000,1731.2,1456,0.09819,0.54707,0.65,0.28042,-0.01479,0.0474,0.01845,0.01217,0.01347,0.42385,0.16671,0.00044,0.49625,0.46096,0.11624,-0.00471,-0.00779,-0.00925,-0.03803,-0.00143,-0.02189,-0.00015
526,2524800,1733.6,1456,0.10833,0.54767,0.65,0.28141,-0.01526,0.04078,0.01888,0.01288,0.01435,0.42905,0.18554,0.00067,0.56683,0.49202,0.11107,-0.00381,-0.00799,-0.00968,-0.03658,-0.00124,-0.023,-0.00013
527,2529600,1736.0,1457,0.10318,0.54658,0.65,0.28219,-0.01504,0.03436,0.01878,0.01304,0.01482,0.44127,0.18654,0.00067,0.50084,0.49726,0.11222,-0.00338,-0.00777,-0.00932,-0.03363,-0.00131,-0.01895,0.0
528,2534400,1738.6,1458,0.10974,0.54775,0.65,0.28274,-0.01693,0.02586,0.01837,0.01252,0.01634,0.44752,0.20104,0.00044,0.60258,0.46235,0.10825,-0.00125,-0.00769,-0.00926,-0.03666,-0.00139,-0.01951,-6e-05
529,2539200,1741.2,1458,0.11149,0.54873,0.65,0.28191,-0.01365,0.03396,0.02118,0.01215,0.01356,0.4485,0.17292,0.00044,0.60824,0.47645,0.10756,-0.00216,-0.00782,-0.00955,-0.03294,-0.00138,-0.01921,-0.00015
530,2544000,1743.7,1459,0.10605,0.54998,0.65,0.2806,-0.01279,0.03503,0.02126,0.01419,0.01444,0.4349,0.18171,0.00044,0.55574,0.47805,0.10592,-0.00287,-0.00774,-0.0094,-0.0379,-0.00136,-0.01976,-0.00019
531,2548800,1746.5,1459,0.10495,0.55306,0.65,0.28061,-0.0135,0.04038,0.02183,0.01132,0.01036,0.42598,0.13575,0.00067,0.55831,0.46457,0.11606,-0.0029,-0.00733,-0.00889,-0.04071,-0.00134,-0.0195,-0.00042
532,2553600,1749.2,1460,0.10796,0.55419,0.7,0.28162,-0.0155,0.04249,0.02015,0.01154,0.0145,0.43166,0.186,0.00067,0.54596,0.50921,0.11773,-0.00242,-0.00765,-0.00918,-0.04008,-0.00201,-0.01896,-0.00052
533,2558400,1751.8,1460,0.1061,0.55197,0.7,0.28148,-0.0144,0.03764,0.0236,0.0114,0.01502,0.43745,0.18475,0.00067,0.53072,0.51252,0.11231,-0.00208,-0.00792,-0.00944,-0.04814,-0.00205,-0.02055,-0.0002
534,2563200,1754.3,1461,0.10015,0.5516,0.7,0.28077,-0.01748,0.03574,0.02258,0.01275,0.01525,0.43103,0.18258,0.0003,0.50655,0.45891,0.12534,-0.00433,-0.0077,-0.00937,-0.03922,-0.00178,-0.0225,-0.00025
535,2568000,1756.8,1462,0.10816,0.55228,0.7,0.28133,-0.01445,0.04407,0.02234,0.01213,0.00957,0.42952,0.123,0.00044,0.52077,0.51243,0.13043,-0.00311,-0.00753,-0.00904,-0.03705,-0.00124,-0.01978,-0.00011
536,2572800,1759.2,1462,0.11355,0.55439,0.7,0.28155,-0.01263,0.03432,0.02309,0.01047,0.01016,0.43592,0.12817,0.00067,0.54428,0.54326,0.12357,-0.00207,-0.00742,-0.00897,-0.03317,-0.00131,-0.02272,0.0
537,2577600,1762.0,1463,0.11006,0.55476,0.7,0.28115,-0.01154,0.03639,0.02344,0.0118,0.01781,0.43363,0.21237,0.00044,0.56759,0.48566,0.12928,-0.00363,-0.00767,-0.00931,-0.03097,-0.00138,-0.02062,0.0
538,2582400,1764.4,1464,0.11001,0.55318,0.7,0.28148,-0.01564,0.04401,0.02263,0.01159,0.01162,0.43309,0.14575,0.00067,0.57324,0.46122,0.14631,-0.00171,-0.00733,-0.00887,-0.03847,-0.00141,-0.01871,-4e-05
539,2587200,1767.0,1464,0.10555,0.55312,0.7,0.28259,-0.01553,0.02722,0.02263,0.01222,0.01455,0.43928,0.18362,0.00067,0.53305,0.46306,0.13986,-0.00132,-0.00738,-0.00902,-0.0401,-0.00202,-0.02062,0.0
540,2592000,1769.7,1465,0.11121,0.55183,0.65,0.2826,-0.01496,0.03624,0.02026,0.01124,0.01305,0.44649,0.16546,0.001,0.59461,0.46821,0.12442,-0.00123,-0.00743,-0.00905,-0.02868,-0.00161,-0.0187,-8e-05
541,2596800,1772.9,1465,0.10622,0.55414,0.65,0.28227,-0.01504,0.05223,0.02061,0.01076,0.01505,0.44282,0.19208,0.00067,0.55568,0.46433,0.12708,-0.00403,-0.00734,-0.00889,-0.03811,-0.00136,-0.02514,-0.0
542,2601600,1775.7,1465,0.12157,0.55508,0.65,0.28326,-0.01671,0.05274,0.01925,0.0107,0.01652,0.44651,0.18467,0.00044,0.64571,0.5166,0.14356,-0.00309,-0.00777,-0.00944,-0.03845,-0.0013,-0.01762,-0.0
543,2606400,1778.3,1466,0.1021,0.55655,0.65,0.28312,-0.0183,0.03116,0.02052,0.01023,0.01326,0.45268,0.16375,0.00044,0.53242,0.44905,0.12391,-0.00295,-0.00771,-0.00926,-0.03785,-0.00162,-0.02087,0.0
544,2611200,1781.0,1466,0.10298,0.55672,0.65,0.28332,-0.01338,0.06996,0.01883,0.01089,0.00989,0.45219,0.12183,0.00067,0.53186,0.47823,0.11594,-0.00573,-0.00739,-0.00896,-0.02958,-0.00175,-0.02183,-0.00013
545,2616000,1783.3,1467,0.10575,0.55575,0.65,0.28431,-0.01585,0.04107,0.01976,0.01264,0.01762,0.45887,0.19883,0.00044,0.52518,0.49435,0.12927,-0.00279,-0.00762,-0.00927,-0.0413,-0.00137,-0.02062,-1e-05
546,2620800,1785.9,1467,0.10527,0.55677,0.7,0.28414,-0.01518,0.03538,0.0207,0.01424,0.01223,0.46239,0.1555,0.00067,0.53607,0.47967,0.11756,-0.00224,-0.0077,-0.00929,-0.03619,-0.00121,-0.01964,-0.00014
547,2625600,1788.5,1468,0.104,0.55611,0.7,0.28513,-0.01312,0.05051,0.02265,0.0145,0.01453,0.46345,0.17971,0.00067,0.53981,0.4705,0.11501,-0.0033,-0.00767,-0.00931,-0.03319,-0.00129,-0.02223,-2e-05
548,2630400,1790.9,1469,0.10291,0.55579,0.65,0.28583,-0.01577,0.03737,0.02325,0.0139,0.01588,0.47522,0.19392,0.00067,0.51261,0.48304,0.12188,-0.00252,-0.00753,-0.00914,-0.04245,-0.00166,-0.02095,-1e-05
549,2635200,1793.3,1469,0.09587,0.55533,0.65,0.2858,-0.01537,0.0512,0.02297,0.01287,0.01626,0.47678,0.19879,0.00044,0.50749,0.43034,0.11027,-0.00293,-0.00754,-0.00923,-0.04151,-0.00153,-0.0224,-6e-05
550,2640000,1795.5,1470,0.10458,0.55322,0.65,0.2854,-0.01536,0.03413,0.02458,0.01357,0.01239,0.47797,0.15225,0.00067,0.55927,0.48367,0.10147,-0.00474,-0.00772,-0.00961,-0.03397,-0.00131,-0.02429,-0.00029
551,2644800,1798.0,1471,0.10325,0.55281,0.65,0.28613,-0.0112,0.05566,0.0246,0.01425,0.01555,0.47675,0.18025,0.00067,0.56171,0.46982,0.09367,-0.00349,-0.00721,-0.00882,-0.03312,-0.00159,-0.0259,-0.00011
552,2649600,1800.4,1472,0.10535,0.55054,0.65,0.28786,-0.0138,0.03151,0.02339,0.01379,0.01453,0.4897,0.17179,0.00044,0.54891,0.48207,0.11011,-0.00297,-0.00766,-0.00935,-0.03729,-0.00174,-0.02437,0.0
553,2654400,1802.8,1472,0.10733,0.55053,0.65,0.28887,-0.015,0.03528,0.02244,0.01206,0.01135,0.50389,0.14617,0.00067,0.54824,0.47741,0.12288,-0.00149,-0.00768,-0.00945,-0.03483,-0.00131,-0.02032,-0.00019
554,2659200,1805.6,1473,0.09851,0.55248,0.7,0.28955,-0.01449,0.03744,0.02343,0.01196,0.01386,0.51309,0.16804,0.00067,0.49292,0.46437,0.12321,-0.00294,-0.00779,-0.00948,-0.04029,-0.00135,-0.02104,-3e-05
555,2664000,1808.4,1473,0.11666,0.55107,0.65,0.2902,-0.01071,0.04368,0.02399,0.01207,0.01343,0.5205,0.16775,0.001,0.64477,0.49708,0.11455,-0.00276,-0.00763,-0.00922,-0.04101,-0.0015,-0.01935,-0.0
556,2668800,1810.7,1474,0.10637,0.5504,0.65,0.29089,-0.01532,0.04653,0.0247,0.01192,0.01715,0.52545,0.21346,0.00044,0.5677,0.4728,0.11021,-0.0024,-0.00753,-0.00924,-0.03932,-0.00111,-0.01903,-6e-05
557,2673600,1813.3,1474,0.10639,0.54982,0.65,0.2908,-0.01581,0.0289,0.02494,0.01179,0.01327,0.52931,0.17121,0.00067,0.57963,0.46741,0.1055,-0.00394,-0.00771,-0.00958,-0.0379,-0.00119,-0.01991,-3e-05
558,2678400,1816.1,1475,0.09884,0.54811,0.65,0.29109,-0.01718,0.05209,0.02622,0.01246,0.01592,0.52803,0.189,0.00044,0.5199,0.46532,0.10865,-0.00442,-0.00776,-0.0097,-0.04079,-0.00194,-0.01994,-8e-05
559,2683200,1818.9,1475,0.10648,0.54517,0.65,0.29063,-0.01404,0.04168,0.02473,0.01264,0.01194,0.5281,0.15333,0.00067,0.5614,0.47441,0.11544,-0.00467,-0.00771,-0.00941,-0.0316,-0.00169,-0.02263,-0.00043
560,2688000,1821.7,1476,0.11498,0.54023,0.65,0.29124,-0.01355,0.04881,0.0204,0.01298,0.01261,0.52579,0.16462,0.00067,0.6183,0.49358,0.12829,-0.00192,-0.0079,-0.00956,-0.03173,-0.00184,-0.0207,-8e-05
561,2692800,1824.5,1476,0.11038,0.54055,0.65,0.29028,-0.01397,0.03288,0.01918,0.01228,0.01526,0.52738,0.18917,0.00067,0.57149,0.47815,0.12445,-0.00145,-0.00781,-0.00952,-0.03291,-0.0011,-0.01749,0.0
562,2697600,1827.1,1476,0.11413,0.54329,0.65,0.29009,-0.01763,0.03808,0.01799,0.01213,0.01782,0.52112,0.1985,0.00044,0.58557,0.51205,0.12089,-0.00122,-0.00776,-0.00944,-0.03586,-0.00115,-0.01762,0.0
563,2702400,1829.9,1477,0.12281,0.54371,0.65,0.28991,-0.01584,0.02838,0.01717,0.01204,0.01222,0.51987,0.15729,0.00067,0.64342,0.52892,0.12554,-0.00121,-0.00822,-0.01001,-0.0322,-0.00101,-0.0171,-2e-05
564,2707200,1832.4,1477,0.11419,0.54456,0.65,0.29148,-0.01676,0.03288,0.01677,0.01215,0.01446,0.52521,0.17842,0.00067,0.60519,0.47799,0.12776,-0.00174,-0.00778,-0.00943,-0.0277,-0.00108,-0.01702,-7e-05
565,2712000,1834.9,1478,0.11205,0.54425,0.65,0.2923,-0.01826,0.04412,0.01635,0.01406,0.01997,0.53955,0.22113,0.0002,0.58718,0.47526,0.14016,-0.00313,-0.00841,-0.01046,-0.03189,-0.00117,-0.01865,-3e-05
566,2716800,1837.2,1479,0.10923,0.54524,0.65,0.29222,-0.01294,0.04896,0.01749,0.0129,0.00697,0.54278,0.08888,0.0003,0.55254,0.48269,0.1415,-0.00147,-0.00828,-0.01026,-0.04096,-0.0012,-0.01803,-4e-05
567,2721600,1839.6,1479,0.11924,0.54655,0.65,0.29269,-0.01232,0.03759,0.01913,0.0118,0.00949,0.54386,0.12083,0.00044,0.62383,0.5088,0.13172,-0.00183,-0.00807,-0.00999,-0.03461,-0.0011,-0.01616,-0.00015
568,2726400,1842.3,1480,0.11203,0.54641,0.65,0.29332,-0.01424,0.04609,0.01793,0.01175,0.01034,0.54881,0.13579,0.00067,0.56989,0.50257,0.13486,-0.00241,-0.00801,-0.00984,-0.03102,-0.00129,-0.01769,-0.00012
569,2731200,1844.9,1480,0.11851,0.5489,0.65,0.29374,-0.01098,0.04985,0.01804,0.01188,0.01417,0.55485,0.16925,0.00067,0.63359,0.50653,0.13093,-0.00232,-0.00804,-0.01,-0.03529,-0.00117,-0.01667,0.0
570,2736000,1847.5,1481,0.11135,0.54896,0.65,0.29385,-0.01707,0.03704,0.01722,0.01235,0.01578,0.55659,0.18458,0.00044,0.56884,0.48909,0.14393,-0.00202,-0.00808,-0.01009,-0.03999,-0.00123,-0.01857,-0.0
571,2740800,1849.8,1482,0.11394,0.54807,0.65,0.29338,-0.01449,0.03035,0.01842,0.01121,0.01198,0.55494,0.15542,0.00067,0.59052,0.49961,0.13162,-0.00136,-0.00795,-0.00984,-0.04365,-0.00181,-0.01771,-2e-05
572,2745600,1852.3,1482,0.10138,0.55053,0.65,0.293,-0.01298,0.03504,0.0192,0.01234,0.01489,0.54911,0.18358,0.00044,0.55196,0.43378,0.11612,-0.00439,-0.00764,-0.00953,-0.04027,-0.00189,-0.02017,-0.0
573,2750400,1854.9,1483,0.10313,0.54898,0.65,0.29196,-0.01425,0.04141,0.01972,0.01244,0.01308,0.54577,0.16321,0.00067,0.56102,0.46023,0.1072,-0.00476,-0.00797,-0.00987,-0.03683,-0.00272,-0.02254,0.0
574,2755200,1858.1,1483,0.10231,0.5498,0.65,0.29088,-0.01767,0.05246,0.01932,0.01312,0.01788,0.53311,0.19312,0.0003,0.57932,0.42736,0.11248,-0.00532,-0.00748,-0.00937,-0.04337,-0.00203,-0.02009,-3e-05
575,2760000,1860.7,1483,0.11541,0.55021,0.65,0.29099,-0.01477,0.04097,0.01897,0.01188,0.00964,0.52985,0.12321,0.00044,0.60648,0.49331,0.13539,-0.00183,-0.00806,-0.01,-0.03538,-0.00148,-0.02017,-1e-05
576,2764800,1863.2,1484,0.11271,0.55066,0.65,0.29124,-0.01553,0.0434,0.01936,0.01113,0.01169,0.53299,0.14283,0.00067,0.58766,0.47937,0.14046,-0.00312,-0.00791,-0.00981,-0.03122,-0.00121,-0.0187,-6e-05
577,2769600,1865.8,1484,0.11518,0.5502,0.65,0.2919,-0.01157,0.03443,0.02,0.01208,0.01554,0.53658,0.18992,0.00067,0.56633,0.51157,0.15162,-0.00177,-0.00766,-0.00953,-0.03416,-0.00211,-0.01816,-0.00016
578,2774400,1868.2,1485,0.10648,0.55179,0.65,0.29255,-0.01425,0.04469,0.01987,0.01162,0.01423,0.54275,0.1815,0.00067,0.55345,0.44982,0.14027,-0.00301,-0.00761,-0.00964,-0.03781,-0.00208,-0.01813,-0.00044
579,2779200,1870.8,1486,0.1002,0.55434,0.65,0.29208,-0.01526,0.04239,0.0204,0.01171,0.01438,0.5458,0.18033,0.00067,0.48866,0.4594,0.1364,-0.00331,-0.00776,-0.00965,-0.03826,-0.00213,-0.01711,-7e-05
580,2784000,1873.4,1486,0.10762,0.55734,0.65,0.29126,-0.01591,0.03984,0.0212,0.01117,0.01796,0.53917,0.21487,0.0003,0.51283,0.50433,0.14154,-0.00188,-0.00761,-0.00957,-0.04037,-0.0013,-0.01752,-8e-05
581,2788800,1876.3,1486,0.10601,0.55667,0.65,0.29168,-0.01234,0.04072,0.02106,0.01197,0.01029,0.53632,0.13733,0.00044,0.5029,0.51233,0.13693,-0.00203,-0.00772,-0.00972,-0.04089,-0.00112,-0.01788,-0.00017
582,2793600,1879.1,1487,0.10581,0.55736,0.65,0.29192,-0.01333,0.03689,0.01944,0.01131,0.01181,0.54057,0.14742,0.00067,0.52143,0.47923,0.13764,-0.00464,-0.00799,-0.01003,-0.03014,-0.00119,-0.0178,-7e-05
583,2798400,1882.0,1487,0.11255,0.55671,0.65,0.29256,-0.0126,0.0478,0.02011,0.01231,0.01378,0.54454,0.16779,0.00067,0.56669,0.50369,0.1354,-0.00186,-0.00784,-0.00983,-0.03651,-0.00182,-0.01826,-0.0
584,2803200,1884.9,1487,0.108,0.55762,0.65,0.29306,-0.01166,0.0427,0.02142,0.01355,0.01448,0.55045,0.16875,0.001,0.5727,0.46891,0.13245,-0.00221,-0.00776,-0.00991,-0.04336,-0.00338,-0.01897,-0.00013
585,2808000,1888.0,1487,0.10889,0.55701,0.7,0.29307,-0.01306,0.03082,0.02188,0.01279,0.01282,0.5539,0.16575,0.001,0.55553,0.49761,0.13489,-0.00381,-0.00767,-0.0097,-0.04232,-0.00297,-0.01987,-0.00025
586,2812800,1890.9,1488,0.10571,0.55554,0.7,0.29247,-0.01343,0.04783,0.01935,0.0116,0.0141,0.55167,0.17912,0.00067,0.56032,0.44849,0.13008,-0.00413,-0.00737,-0.00938,-0.03485,-0.0016,-0.02021,-5e-05
587,2817600,1893.4,1488,0.10937,0.55608,0.7,0.2922,-0.01637,0.03876,0.02052,0.01167,0.01619,0.54532,0.18983,0.00044,0.56056,0.50411,0.11825,-0.00295,-0.00743,-0.00946,-0.03647,-0.00123,-0.01918,-1e-05
588,2822400,1896.0,1489,0.1086,0.55583,0.7,0.29278,-0.01368,0.02855,0.02305,0.01034,0.01199,0.54723,0.15317,0.00067,0.56072,0.46971,0.12283,-0.00141,-0.00745,-0.00947,-0.02886,-0.00118,-0.01873,-0.00019
589,2827200,1898.7,1489,0.12362,0.5566,0.65,0.29134,-0.01071,0.03671,0.02106,0.00996,0.01123,0.54498,0.14567,0.00067,0.68318,0.49828,0.12265,-0.00147,-0.00782,-0.00991,-0.02455,-0.0012,-0.01857,-0.0002
590,2832000,1901.4,1489,0.11792,0.5577,0.65,0.29142,-0.01612,0.04437,0.02153,0.01059,0.01402,0.53503,0.17046,0.00067,0.59964,0.53631,0.11641,-0.003,-0.00746,-0.00948,-0.03075,-0.00119,-0.01713,0.0
591,2836800,1904.1,1490,0.11045,0.55643,0.65,0.29345,-0.01448,0.04817,0.02179,0.01077,0.01272,0.54649,0.15717,0.001,0.58232,0.48556,0.12989,-0.00314,-0.00751,-0.00957,-0.03683,-0.0023,-0.02144,0.0
592,2841600,1906.6,1490,0.10041,0.55785,0.7,0.29456,-0.01271,0.03123,0.02196,0.01055,0.01178,0.56535,0.15258,0.001,0.48961,0.4545,0.13326,-0.00166,-0.00749,-0.0095,-0.03435,-0.00164,-0.01863,-6e-05
593,2846400,1909.3,1491,0.10293,0.55927,0.7,0.2956,-0.01598,0.03135,0.02166,0.01287,0.01595,0.57265,0.20425,0.00067,0.52376,0.45718,0.13481,-0.00217,-0.00747,-0.00946,-0.03681,-0.00159,-0.02061,0.0
594,2851200,1912.2,1491,0.10887,0.55964,0.7,0.29593,-0.01486,0.03093,0.02159,0.01121,0.01589,0.57956,0.191,0.00044,0.55768,0.47409,0.1303,-0.00146,-0.00748,-0.00941,-0.03463,-0.00124,-0.01915,-0.0
595,2856000,1915.2,1491,0.10124,0.55999,0.7,0.29582,-0.01271,0.06093,0.02097,0.01107,0.01154,0.58038,0.14829,0.00067,0.48031,0.49886,0.12437,-0.00205,-0.00786,-0.01006,-0.04275,-0.00164,-0.0185,0.0
596,2860800,1917.7,1492,0.09878,0.55936,0.7,0.29545,-0.01074,0.05123,0.02087,0.0106,0.01209,0.57647,0.15321,0.001,0.50309,0.4757,0.1146,-0.00539,-0.00763,-0.00962,-0.04449,-0.00165,-0.02408,-0.00022
597,2865600,1920.6,1492,0.09831,0.55871,0.7,0.29631,-0.01481,0.04444,0.02022,0.00988,0.01243,0.57693,0.15254,0.001,0.49394,0.46119,0.12117,-0.00283,-0.00765,-0.00966,-0.03955,-0.00163,-0.01935,-2e-05
598,2870400,1923.4,1492,0.09813,0.55772,0.7,0.29654,-0.0117,0.04788,0.02094,0.0112,0.01428,0.58246,0.17483,0.00067,0.49171,0.46912,0.10967,-0.00225,-0.00762,-0.00968,-0.04561,-0.00186,-0.01796,-9e-05
599,2875200,1926.0,1493,0.09802,0.55597,0.7,0.2969,-0.01372,0.02804,0.02054,0.01272,0.0142,0.58408,0.17025,0.00067,0.51978,0.44006,0.11036,-0.00371,-0.00766,-0.00971,-0.03674,-0.00166,-0.02217,-1e-05
600,2880000,1928.5,1493,0.10326,0.55452,0.7,0.29632,-0.01331,0.05079,0.02048,0.0138,0.01615,0.58366,0.1925,0.00044,0.55648,0.45102,0.11303,-0.00409,-0.00782,-0.01001,-0.03851,-0.00137,-0.02197,0.0
601,2884800,1931.2,1494,0.10484,0.55395,0.65,0.29662,-0.01327,0.04155,0.01968,0.01299,0.01176,0.58116,0.15412,0.00067,0.57137,0.45006,0.11336,-0.00292,-0.00747,-0.00944,-0.04039,-0.00141,-0.02042,-0.00013
602,2889600,1933.5,1494,0.09821,0.55447,0.65,0.29755,-0.01683,0.03716,0.01964,0.0126,0.01651,0.58859,0.19958,0.00044,0.51627,0.44029,0.11145,-0.00304,-0.00778,-0.00994,-0.04354,-0.00177,-0.01977,-7e-05
603,2894400,1936.5,1495,0.10196,0.55394,0.65,0.29806,-0.01222,0.04186,0.02016,0.0116,0.01136,0.59718,0.14121,0.00067,0.55209,0.45495,0.11752,-0.00409,-0.00783,-0.01009,-0.04184,-0.00171,-0.0223,-0.00045
604,2899200,1939.3,1495,0.09661,0.5513,0.65,0.29856,-0.01557,0.03405,0.01962,0.01184,0.01501,0.60302,0.19087,0.00067,0.51111,0.44218,0.09936,-0.0018,-0.00799,-0.01006,-0.04196,-0.00144,-0.01909,-2e-05
605,2904000,1942.0,1495,0.10465,0.55211,0.65,0.29871,-0.01552,0.03864,0.02024,0.01173,0.01364,0.60726,0.17579,0.00067,0.54117,0.48546,0.10526,-0.00173,-0.0078,-0.00996,-0.0365,-0.00116,-0.01943,-0.00045
606,2908800,1944.6,1496,0.09816,0.55041,0.65,0.29746,-0.01296,0.04247,0.0198,0.01379,0.01487,0.6019,0.18204,0.00067,0.49736,0.45872,0.11526,-0.00259,-0.00789,-0.00999,-0.03635,-0.0012,-0.01897,-0.00024
607,2913600,1947.1,1496,0.10337,0.55126,0.65,0.2991,-0.01325,0.05331,0.02259,0.01225,0.01563,0.60211,0.19404,0.00067,0.50816,0.48693,0.12821,-0.0021,-0.00782,-0.0098,-0.03869,-0.0013,-0.02148,-0.00011
608,2918400,1949.7,1497,0.09827,0.55044,0.65,0.30019,-0.01166,0.04429,0.02283,0.0115,0.01367,0.61721,0.17175,0.00067,0.50103,0.46353,0.11423,-0.00239,-0.00758,-0.00959,-0.04536,-0.0014,-0.02088,-0.00055
609,2923200,1952.6,1497,0.10084,0.54857,0.65,0.29943,-0.01412,0.03347,0.02131,0.01212,0.01728,0.61801,0.2035,0.0003,0.5318,0.44647,0.11405,-0.00385,-0.00768,-0.00963,-0.03358,-0.00138,-0.02355,-0.00015
610,2928000,1955.8,1497,0.10794,0.54707,0.65,0.29885,-0.01123,0.04609,0.01893,0.01064,0.00787,0.61184,0.10292,0.00044,0.58339,0.47202,0.11744,-0.00343,-0.00774,-0.00961,-0.03358,-0.00137,-0.02024,-0.00085
611,2932800,1958.4,1498,0.11114,0.54377,0.65,0.29929,-0.01461,0.03663,0.01889,0.01017,0.01112,0.60915,0.1395,0.00067,0.56618,0.52243,0.11324,-0.00324,-0.00763,-0.00961,-0.03561,-0.00159,-0.02005,-0.00022
612,2937600,1960.9,1498,0.11024,0.54193,0.65,0.29978,-0.01621,0.03938,0.01727,0.01098,0.01483,0.61456,0.18396,0.00067,0.56191,0.48614,0.13482,-0.0018,-0.00784,-0.00978,-0.03489,-0.00214,-0.01978,-0.00012
613,2942400,1963.2,1499,0.11723,0.543,0.65,0.29885,-0.01613,0.03066,0.01718,0.01221,0.01206,0.61138,0.15896,0.001,0.62585,0.49209,0.12684,-0.00227,-0.00783,-0.00977,-0.03121,-0.00211,-0.01831,-0.00097
614,2947200,1966.0,1499,0.11221,0.54491,0.65,0.29819,-0.01758,0.03004,0.01804,0.01295,0.01696,0.60142,0.20529,0.00067,0.59544,0.49306,0.1083,-0.00291,-0.00778,-0.00978,-0.03375,-0.00112,-0.01913,-0.00026
615,2952000,1968.3,1500,0.11664,0.54641,0.65,0.2992,-0.0159,0.02902,0.01851,0.01276,0.01433,0.60329,0.17613,0.00067,0.64035,0.49377,0.11192,-0.00289,-0.0077,-0.0096,-0.03149,-0.00159,-0.02133,-0.00088
616,2956800,1970.8,1500,0.11182,0.54725,0.65,0.2982,-0.01616,0.02547,0.01832,0.01385,0.01817,0.60512,0.2075,0.0003,0.59365,0.49444,0.11342,-0.00127,-0.0078,-0.00975,-0.04078,-0.00136,-0.01757,-0.00061
617,2961600,1973.4,1501,0.10723,0.55053,0.65,0.29763,-0.01385,0.04358,0.01869,0.01322,0.01177,0.59752,0.15171,0.00044,0.53279,0.50525,0.11188,-0.00085,-0.00808,-0.01019,-0.03768,-0.00119,-0.01926,-0.00036
618,2966400,1976.1,1501,0.10816,0.55178,0.65,0.29769,-0.01372,0.03368,0.0195,0.01292,0.01385,0.59462,0.17183,0.00067,0.57916,0.4748,0.10814,-0.00215,-0.008,-0.01013,-0.04008,-0.00141,-0.01809,-0.00067
619,2971200,1978.8,1501,0.10648,0.55419,0.65,0.29971,-0.01509,0.02836,0.01641,0.01176,0.01362,0.6044,0.16942,0.00067,0.56511,0.4906,0.0956,-0.0034,-0.00774,-0.00986,-0.03878,-0.00116,-0.01958,-0.00185
620,2976000,1981.7,1502,0.10345,0.55511,0.65,0.30103,-0.01776,0.02258,0.01685,0.01274,0.01451,0.62118,0.18004,0.00067,0.51727,0.49245,0.10448,-0.00127,-0.00758,-0.00965,-0.0403,-0.00139,-0.01728,-0.00222
621,2980800,1984.2,1502,0.09021,0.55663,0.65,0.30231,-0.01569,0.04502,0.0175,0.01377,0.01446,0.63045,0.17846,0.00067,0.46247,0.43525,0.10367,-0.00268,-0.00795,-0.01005,-0.04146,-0.00144,-0.02247,-0.00078
622,2985600,1986.8,1503,0.09908,0.55828,0.65,0.30176,-0.01631,0.03482,0.01794,0.01324,0.01657,0.63503,0.17854,0.00044,0.51088,0.46996,0.09459,-0.00357,-0.00772,-0.00974,-0.03375,-0.00113,-0.01982,-0.00055
623,2990400,1989.4,1503,0.09894,0.55881,0.65,0.29937,-0.01611,0.03599,0.01951,0.01368,0.01203,0.62227,0.14925,0.00044,0.47136,0.50279,0.09766,-0.00264,-0.00796,-0.00994,-0.03896,-0.00114,-0.02121,-0.00062
624,2995200,1991.7,1504,0.09521,0.55984,0.65,0.29897,-0.01688,0.03029,0.01935,0.01315,0.01421,0.60485,0.166,0.0003,0.47305,0.46578,0.10452,-0.00475,-0.0082,-0.01036,-0.04152,-0.00153,-0.0206,-9e-05
625,3000000,1994.2,1504,0.10378,0.56072,0.65,0.29916,-0.01216,0.03806,0.02026,0.01313,0.01143,0.60417,0.12283,0.00067,0.51842,0.48773,0.11814,-0.00352,-0.00787,-0.01,-0.03111,-0.00138,-0.01986,-0.00021
626,3004800,1996.7,1505,0.117,0.56003,0.65,0.29774,-0.01437,0.03073,0.02187,0.01331,0.01551,0.59998,0.19521,0.00044,0.61024,0.50599,0.12639,-0.00158,-0.00796,-0.01003,-0.03286,-0.00147,-0.01796,-0.00076
627,3009600,1999.2,1505,0.10998,0.55789,0.65,0.29681,-0.01429,0.04201,0.02164,0.01396,0.01217,0.58729,0.15371,0.00044,0.59542,0.46952,0.12404,-0.00372,-0.00786,-0.00973,-0.0316,-0.00177,-0.02144,-0.00059
628,3014400,2001.6,1506,0.10724,0.55605,0.65,0.29574,-0.01726,0.04957,0.02146,0.01464,0.0136,0.57793,0.16338,0.00067,0.55774,0.48508,0.12264,-0.00432,-0.00749,-0.00925,-0.03822,-0.00236,-0.02252,-0.00051
629,3019200,2003.9,1507,0.10225,0.55554,0.65,0.29531,-0.01859,0.03896,0.02171,0.01574,0.01656,0.56971,0.19533,0.00044,0.55722,0.45953,0.10725,-0.00294,-0.00754,-0.00921,-0.04794,-0.00253,-0.02124,-0.00176
630,3024000,2006.3,1507,0.09453,0.55399,0.65,0.29505,-0.014,0.05641,0.02265,0.01453,0.01299,0.5686,0.16404,0.00067,0.50201,0.44457,0.10477,-0.00515,-0.00789,-0.00993,-0.04516,-0.00231,-0.0256,-0.00167
631,3028800,2009.1,1508,0.09773,0.55197,0.65,0.29512,-0.01541,0.04807,0.0207,0.01457,0.01579,0.56827,0.19042,0.00044,0.49592,0.46281,0.12302,-0.00482,-0.00787,-0.01,-0.03553,-0.00143,-0.0276,-0.0005
632,3033600,2011.4,1508,0.11519,0.55033,0.65,0.29387,-0.01811,0.029,0.01843,0.0152,0.01212,0.56438,0.15858,0.00067,0.61151,0.50052,0.12539,-0.00499,-0.00842,-0.0107,-0.03901,-0.00136,-0.02089,-0.00016
633,3038400,2013.7,1509,0.11584,0.55136,0.65,0.29457,-0.01557,0.043,0.02058,0.01403,0.01416,0.55966,0.17908,0.00067,0.62578,0.48916,0.13137,-0.00361,-0.00812,-0.01015,-0.03347,-0.0015,-0.02224,-0.0005
634,3043200,2015.9,1510,0.12207,0.54994,0.65,0.29567,-0.01436,0.06023,0.02047,0.01269,0.01227,0.57167,0.15417,0.001,0.64827,0.51391,0.13957,-0.00459,-0.00769,-0.00957,-0.02885,-0.00115,-0.01993,-0.00097
635,3048000,2018.4,1510,0.09852,0.55009,0.65,0.29637,-0.01158,0.06573,0.01904,0.01419,0.01363,0.57814,0.16792,0.001,0.48079,0.46477,0.13696,-0.00312,-0.00779,-0.00973,-0.03919,-0.00172,-0.02275,-0.00057
636,3052800,2021.0,1511,0.10395,0.55083,0.65,0.29645,-0.0179,0.05003,0.01862,0.01385,0.01562,0.58265,0.18758,0.00044,0.51505,0.49614,0.1318,-0.00334,-0.00789,-0.00992,-0.04743,-0.00185,-0.02412,-0.00064
637,3057600,2023.3,1511,0.11482,0.5514,0.65,0.29606,-0.01405,0.04785,0.02026,0.01258,0.01056,0.58039,0.13317,0.00067,0.61339,0.49729,0.12671,-0.00371,-0.00836,-0.0105,-0.03765,-0.00117,-0.019,-0.00044
638,3062400,2025.7,1512,0.10939,0.55,0.65,0.2952,-0.01793,0.05834,0.02024,0.01263,0.01999,0.57337,0.22546,0.0003,0.5776,0.49021,0.11033,-0.00332,-0.00823,-0.01032,-0.03789,-0.00159,-0.02252,-0.00042
639,3067200,2028.2,1512,0.10971,0.54679,0.65,0.2952,-0.01303,0.04277,0.01987,0.01282,0.00901,0.5693,0.11458,0.00044,0.5648,0.51207,0.12447,-0.00432,-0.00822,-0.01033,-0.03634,-0.00138,-0.02227,-0.00053
640,3072000,2030.5,1513,0.11434,0.54699,0.7,0.29608,-0.01608,0.05092,0.0205,0.01331,0.01326,0.57245,0.167,0.00067,0.57558,0.52338,0.12347,-0.00477,-0.00828,-0.01031,-0.03296,-0.00111,-0.02113,-0.0005
641,3076800,2032.9,1514,0.10672,0.54765,0.7,0.29567,-0.01608,0.04912,0.02038,0.01439,0.01652,0.57601,0.20113,0.00067,0.55321,0.47557,0.12807,-0.00291,-0.0086,-0.01101,-0.03601,-0.00123,-0.02112,-0.00047
642,3081600,2035.1,1514,0.1086,0.54643,0.65,0.2951,-0.01261,0.05315,0.01919,0.01492,0.01491,0.56865,0.18246,0.00067,0.57816,0.47579,0.12862,-0.00448,-0.00816,-0.01014,-0.03832,-0.00166,-0.02099,-0.0003
643,3086400,2037.8,1515,0.10816,0.54811,0.65,0.29531,-0.01772,0.03234,0.01935,0.01479,0.01645,0.56733,0.19517,0.00044,0.56957,0.48225,0.11683,-0.00382,-0.00777,-0.00969,-0.03751,-0.00123,-0.02247,-0.00039
644,3091200,2040.3,1515,0.11065,0.5509,0.65,0.29545,-0.016,0.04092,0.0192,0.0144,0.01268,0.56843,0.16458,0.00067,0.55037,0.50975,0.12892,-0.00172,-0.00817,-0.01029,-0.04081,-0.00127,-0.01977,-0.0005
645,3096000,2043.1,1515,0.09898,0.55336,0.65,0.29521,-0.01432,0.04518,0.02,0.01554,0.01582,0.56627,0.19879,0.00044,0.48973,0.47774,0.11869,-0.00248,-0.00811,-0.01022,-0.05192,-0.00142,-0.02197,-0.0003
646,3100800,2045.7,1516,0.09184,0.55371,0.65,0.29524,-0.01585,0.03284,0.02067,0.01598,0.0121,0.56623,0.15317,0.00067,0.43467,0.4742,0.11225,-0.00293,-0.00844,-0.0107,-0.04752,-0.00162,-0.023,-0.00013
647,3105600,2048.2,1516,0.09644,0.55519,0.65,0.2956,-0.01644,0.03825,0.01951,0.01452,0.01612,0.56835,0.20004,0.00044,0.50383,0.45237,0.1074,-0.00175,-0.008,-0.01019,-0.0422,-0.00138,-0.02709,-0.00024
648,3110400,2050.6,1517,0.09569,0.55573,0.65,0.29548,-0.01429,0.05354,0.01911,0.01444,0.01336,0.56956,0.17621,0.00067,0.5221,0.43656,0.11126,-0.00723,-0.00785,-0.01003,-0.04217,-0.00219,-0.02673,-0.0002
649,3115200,2053.5,1517,0.09854,0.55431,0.65,0.29612,-0.01373,0.03593,0.018,0.01333,0.01528,0.57122,0.18342,0.00067,0.51771,0.44811,0.11636,-0.00519,-0.00735,-0.00932,-0.04246,-0.00162,-0.02173,-0.00076
650,3120000,2056.1,1517,0.10681,0.55346,0.65,0.29508,-0.01554,0.04713,0.02037,0.01429,0.01458,0.57319,0.17171,0.00067,0.60237,0.458,0.11067,-0.00442,-0.00785,-0.00998,-0.03927,-0.00168,-0.02274,-0.00032
651,3124800,2058.8,1518,0.11596,0.55079,0.65,0.29457,-0.01688,0.04104,0.01899,0.01249,0.01629,0.56244,0.19837,0.00044,0.6216,0.50491,0.11248,-0.00348,-0.00766,-0.00949,-0.02859,-0.00113,-0.02022,-0.00051
652,3129600,2061.4,1518,0.11623,0.54848,0.65,0.29582,-0.01494,0.04376,0.02055,0.01403,0.01113,0.56542,0.14254,0.00067,0.60266,0.53546,0.10709,-0.00196,-0.00782,-0.00978,-0.02938,-0.0012,-0.02014,-9e-05
653,3134400,2063.9,1519,0.11179,0.54918,0.65,0.29632,-0.01718,0.02428,0.01954,0.01364,0.01548,0.57776,0.19246,0.00067,0.5782,0.50827,0.10542,-0.00119,-0.00778,-0.00964,-0.03272,-0.00131,-0.02131,-6e-05
654,3139200,2066.4,1519,0.11177,0.5506,0.65,0.2957,-0.01612,0.0457,0.02031,0.0136,0.01601,0.57452,0.19233,0.0003,0.61405,0.48831,0.09707,-0.00131,-0.00752,-0.00947,-0.03431,-0.00108,-0.02336,-0.00051
655,3144000,2069.3,1519,0.09071,0.54961,0.65,0.29535,-0.01121,0.05577,0.02101,0.01263,0.00858,0.57011,0.11129,0.00044,0.4587,0.44023,0.10617,-0.0032,-0.00744,-0.00938,-0.0417,-0.00138,-0.02193,-0.00048
656,3148800,2071.7,1520,0.09784,0.54925,0.65,0.29615,-0.01601,0.03946,0.01866,0.0137,0.01538,0.57086,0.18275,0.0003,0.49234,0.4687,0.11133,-0.00648,-0.00774,-0.00977,-0.03977,-0.00139,-0.02348,-0.00114
657,3153600,2074.6,1520,0.10364,0.54942,0.65,0.29702,-0.01372,0.04544,0.01912,0.01331,0.00934,0.58018,0.11821,0.00044,0.52931,0.49151,0.11279,-0.00348,-0.00776,-0.00981,-0.04039,-0.0015,-0.0257,-0.00019
658,3158400,2077.2,1521,0.1065,0.55218,0.65,0.29774,-0.0161,0.03944,0.01877,0.014,0.01367,0.58817,0.15896,0.00044,0.54885,0.49511,0.11807,-0.00416,-0.00787,-0.01013,-0.03731,-0.00175,-0.02734,-0.0002
659,3163200,2080.1,1521,0.10325,0.55172,0.65,0.29639,-0.01453,0.04386,0.01909,0.01411,0.01544,0.58561,0.18192,0.00044,0.5131,0.49504,0.1153,-0.00175,-0.00794,-0.01,-0.03983,-0.00238,-0.02441,-0.00048
660,3168000,2083.0,1521,0.09969,0.55274,0.65,0.29586,-0.01164,0.03751,0.02036,0.01375,0.0105,0.57503,0.13696,0.00067,0.53492,0.45047,0.10386,-0.00474,-0.00772,-0.00974,-0.03957,-0.00119,-0.02078,-0.00031
661,3172800,2085.5,1521,0.09865,0.5508,0.65,0.29556,-0.01135,0.03387,0.02103,0.01534,0.01687,0.56775,0.19717,0.0003,0.53806,0.43213,0.10641,-0.00336,-0.00767,-0.00974,-0.03389,-0.00126,-0.02548,-0.00031
662,3177600,2087.9,1522,0.10494,0.55011,0.65,0.2952,-0.01578,0.0388,0.02088,0.01402,0.01178,0.56354,0.14637,0.00044,0.56569,0.45591,0.11311,-0.00248,-0.00746,-0.00943,-0.03555,-0.00181,-0.02405,-0.00034
663,3182400,2090.6,1522,0.11594,0.55104,0.65,0.29522,-0.01354,0.02833,0.021,0.01292,0.01335,0.55998,0.17192,0.00067,0.62402,0.49238,0.11037,-0.00084,-0.00742,-0.00926,-0.02735,-0.00102,-0.02139,-0.00013
664,3187200,2093.2,1523,0.11048,0.55027,0.65,0.29579,-0.01592,0.05152,0.02244,0.01284,0.01542,0.562,0.19017,0.00044,0.60339,0.48326,0.10274,-0.00198,-0.00735,-0.00926,-0.03267,-0.00115,-0.02302,-0.00079
665,3192000,2095.8,1523,0.10691,0.5496,0.65,0.2954,-0.01659,0.04158,0.0244,0.01409,0.01141,0.56528,0.14717,0.00067,0.56751,0.47151,0.11067,-0.00225,-0.00733,-0.00909,-0.03776,-0.00153,-0.0219,-0.00075
666,3196800,2098.8,1523,0.09306,0.55282,0.65,0.29481,-0.01701,0.0449,0.02446,0.01339,0.01678,0.55696,0.19717,0.0003,0.46923,0.4634,0.10326,-0.00372,-0.00718,-0.00904,-0.04627,-0.00168,-0.02412,-0.00073
667,3201600,2101.6,1523,0.10897,0.5517,0.65,0.29507,-0.01594,0.02239,0.02517,0.01288,0.00983,0.55594,0.12871,0.00044,0.57829,0.4877,0.10455,-0.00227,-0.0074,-0.00919,-0.03596,-0.0014,-0.01959,-0.00092
668,3206400,2104.2,1524,0.10418,0.55168,0.65,0.29571,-0.01506,0.06185,0.02583,0.01272,0.01181,0.56132,0.14212,0.00067,0.56766,0.46171,0.10682,-0.00402,-0.00727,-0.00912,-0.03479,-0.00139,-0.02295,-0.00233
669,3211200,2106.9,1524,0.10207,0.54952,0.65,0.29517,-0.013,0.04458,0.02219,0.01256,0.01491,0.5633,0.18037,0.00067,0.53436,0.4772,0.11174,-0.00384,-0.00724,-0.00906,-0.04305,-0.00129,-0.02412,-0.0015
670,3216000,2109.4,1525,0.09574,0.54706,0.65,0.2951,-0.01227,0.04863,0.02124,0.01255,0.01343,0.56003,0.16975,0.001,0.47909,0.45868,0.11016,-0.00259,-0.00762,-0.00959,-0.03692,-0.00152,-0.02329,-0.00065
671,3220800,2112.2,1525,0.08177,0.54815,0.65,0.29483,-0.01351,0.05701,0.0223,0.01237,0.01343,0.5583,0.17471,0.001,0.4099,0.41981,0.10763,-0.00529,-0.00718,-0.00908,-0.0558,-0.00258,-0.02674,-0.00043
672,3225600,2114.8,1525,0.09749,0.54443,0.65,0.29459,-0.02054,0.03692,0.02113,0.01251,0.017,0.55726,0.19304,0.00044,0.49751,0.48539,0.1068,-0.00536,-0.00739,-0.0094,-0.0443,-0.00173,-0.02551,-0.00033
673,3230400,2117.2,1526,0.09528,0.54256,0.65,0.29408,-0.01752,0.05225,0.01961,0.01231,0.01517,0.55405,0.17671,0.00044,0.482,0.45928,0.11379,-0.00344,-0.0077,-0.00969,-0.03727,-0.00179,-0.02481,-0.00085
674,3235200,2119.6,1526,0.10063,0.53974,0.65,0.29407,-0.01476,0.03721,0.02161,0.01263,0.01032,0.55167,0.13492,0.00067,0.53281,0.44675,0.11702,-0.00219,-0.00753,-0.0094,-0.04131,-0.00153,-0.02383,-0.00028
675,3240000,2122.5,1526,0.10405,0.54051,0.65,0.29435,-0.01583,0.0427,0.01994,0.0122,0.01608,0.55247,0.19671,0.00044,0.54655,0.45989,0.12216,-0.00181,-0.00731,-0.00914,-0.03743,-0.00112,-0.02273,-0.00027
676,3244800,2125.0,1527,0.10836,0.53979,0.65,0.29393,-0.01316,0.03598,0.02052,0.01152,0.0114,0.55381,0.14792,0.00067,0.58889,0.46053,0.11737,-0.00397,-0.00717,-0.00891,-0.03508,-0.00111,-0.01832,-0.00034
677,3249600,2127.6,1527,0.11224,0.53887,0.65,0.29357,-0.01492,0.02578,0.01963,0.01393,0.01606,0.54858,0.19196,0.00044,0.61471,0.46895,0.12095,-0.00462,-0.00736,-0.00919,-0.0339,-0.00125,-0.02128,-0.00049
678,3254400,2130.6,1527,0.10642,0.53907,0.65,0.29428,-0.01978,0.0436,0.02013,0.01419,0.01505,0.55061,0.18108,0.0003,0.55074,0.4867,0.11991,-0.00399,-0.00803,-0.01015,-0.03809,-0.00128,-0.02229,-0.00095
679,3259200,2133.3,1528,0.10338,0.53926,0.65,0.29451,-0.01722,0.04264,0.02037,0.01265,0.01019,0.55545,0.13171,0.00044,0.52868,0.46972,0.11884,-0.00203,-0.00761,-0.00949,-0.03792,-0.00138,-0.02049,-0.00031
680,3264000,2135.7,1528,0.09216,0.54082,0.65,0.29304,-0.01786,0.03457,0.02053,0.01407,0.01338,0.55069,0.16458,0.00044,0.44508,0.46595,0.09739,-0.00367,-0.00752,-0.00949,-0.04214,-0.00125,-0.0224,-0.0003
681,3268800,2138.4,1529,0.08932,0.5405,0.65,0.2927,-0.01474,0.03625,0.02138,0.01251,0.01084,0.54152,0.136,0.00067,0.46547,0.44059,0.09874,-0.00472,-0.00759,-0.00965,-0.04344,-0.00202,-0.02728,-0.00021
682,3273600,2141.2,1529,0.09785,0.54028,0.65,0.29171,-0.0144,0.03082,0.02008,0.01397,0.01526,0.53644,0.1875,0.00044,0.501,0.45908,0.10069,-0.00126,-0.00738,-0.00931,-0.03489,-0.0017,-0.02327,-0.00034
683,3278400,2143.5,1529,0.10426,0.53926,0.65,0.29262,-0.01433,0.03195,0.022,0.01258,0.00965,0.53503,0.12433,0.00067,0.53446,0.47324,0.12304,-0.00294,-0.00718,-0.00907,-0.03181,-0.00136,-0.02275,-0.00051
684,3283200,2145.7,1530,0.10342,0.53926,0.65,0.29285,-0.01483,0.03879,0.02012,0.01416,0.01554,0.54161,0.18675,0.00067,0.5064,0.48611,0.12658,-0.00533,-0.00729,-0.00911,-0.03933,-0.00217,-0.02072,-0.00092
685,3288000,2148.1,1531,0.10764,0.53982,0.65,0.29358,-0.01572,0.04237,0.02019,0.01391,0.01339,0.54476,0.17267,0.00067,0.55288,0.49815,0.12102,-0.00445,-0.00695,-0.00869,-0.04106,-0.00192,-0.02366,-0.00054
686,3292800,2150.5,1531,0.10135,0.53904,0.65,0.29358,-0.0106,0.03462,0.01974,0.01295,0.01473,0.54877,0.18617,0.00067,0.51023,0.46853,0.12126,-0.00127,-0.0072,-0.00906,-0.04401,-0.00134,-0.01921,-0.00025
687,3297600,2152.9,1532,0.09917,0.53775,0.65,0.29264,-0.01273,0.05589,0.01993,0.01316,0.01358,0.54453,0.16308,0.00044,0.55931,0.43399,0.09993,-0.00525,-0.00717,-0.00929,-0.04164,-0.00157,-0.01948,-0.00049
688,3302400,2155.3,1532,0.09789,0.53444,0.65,0.29315,-0.01066,0.04177,0.0205,0.01329,0.01224,0.54132,0.15154,0.00067,0.49912,0.46617,0.1053,-0.00322,-0.00711,-0.0091,-0.03397,-0.0012,-0.02001,-0.00039
689,3307200,2157.8,1533,0.10082,0.53413,0.65,0.29408,-0.01346,0.0511,0.01951,0.01358,0.01854,0.55043,0.20975,0.00044,0.47009,0.50256,0.12575,-0.00184,-0.00729,-0.00918,-0.03936,-0.00115,-0.02214,-0.00095
690,3312000,2160.6,1533,0.09954,0.53264,0.65,0.2947,-0.01385,0.03258,0.02053,0.01306,0.0117,0.55761,0.15133,0.00067,0.51116,0.45772,0.11555,-0.00201,-0.00744,-0.00957,-0.0405,-0.00114,-0.02256,-0.00169
691,3316800,2163.2,1533,0.10077,0.53465,0.65,0.29464,-0.01472,0.03796,0.02023,0.01469,0.01508,0.55971,0.19175,0.00044,0.52035,0.45887,0.1113,-0.00308,-0.00725,-0.00922,-0.0344,-0.00149,-0.02239,-0.00081
692,3321600,2166.1,1533,0.10005,0.53444,0.65,0.29409,-0.01393,0.03884,0.01954,0.01347,0.01046,0.55526,0.129,0.00067,0.49285,0.47678,0.12588,-0.00363,-0.00761,-0.00965,-0.03806,-0.00199,-0.02523,-0.00047
693,3326400,2168.5,1534,0.10369,0.53431,0.65,0.29339,-0.0147,0.0374,0.02062,0.01296,0.01702,0.54649,0.20733,0.00044,0.53008,0.47415,0.1161,-0.00117,-0.00697,-0.00881,-0.04451,-0.00129,-0.02038,-0.00034
694,3331200,2171.0,1534,0.10048,0.53337,0.65,0.29345,-0.01307,0.03542,0.02033,0.01246,0.01163,0.54339,0.13783,0.00067,0.53386,0.44774,0.12251,-0.00324,-0.00753,-0.00968,-0.04343,-0.0013,-0.01989,-0.00177
695,3336000,2174.0,1535,0.10237,0.53239,0.65,0.29358,-0.01367,0.03791,0.02022,0.013,0.01514,0.54634,0.17971,0.00044,0.53961,0.4532,0.12333,-0.00447,-0.00719,-0.00913,-0.03741,-0.00181,-0.02278,-0.00128
696,3340800,2176.4,1535,0.1023,0.53024,0.65,0.29362,-0.01546,0.06039,0.01924,0.01142,0.01406,0.54749,0.15825,0.00044,0.54068,0.45514,0.11926,-0.00391,-0.00732,-0.00937,-0.03524,-0.00169,-0.0301,-0.00027
697,3345600,2178.6,1536,0.09018,0.53015,0.65,0.29358,-0.01383,0.05858,0.01947,0.01166,0.01172,0.54777,0.14738,0.00067,0.46374,0.42202,0.11796,-0.00339,-0.00729,-0.00931,-0.04596,-0.00183,-0.02885,-0.00116
698,3350400,2181.0,1536,0.10219,0.52734,0.65,0.29421,-0.01372,0.04313,0.01973,0.0142,0.01547,0.55018,0.1925,0.00044,0.56535,0.44412,0.11243,-0.00419,-0.00746,-0.00943,-0.03699,-0.00139,-0.0266,-0.00145
699,3355200,2183.7,1536,0.10452,0.52508,0.65,0.29498,-0.01556,0.03398,0.01923,0.01316,0.01211,0.55982,0.15621,0.00067,0.53881,0.46246,0.12947,-0.00504,-0.0071,-0.00902,-0.03361,-0.00131,-0.0244,-0.00092
700,3360000,2186.1,1537,0.1073,0.52335,0.65,0.29502,-0.01554,0.03125,0.01983,0.01371,0.01677,0.56616,0.20337,0.0003,0.52494,0.48763,0.1439,-0.00234,-0.00721,-0.00925,-0.03453,-0.00155,-0.01994,-0.00029
701,3364800,2188.9,1537,0.10364,0.52319,0.65,0.29453,-0.01173,0.05401,0.01924,0.013,0.00845,0.56406,0.10662,0.00044,0.50214,0.47253,0.13796,-0.00284,-0.00709,-0.00901,-0.03356,-0.00189,-0.02093,-0.00088
702,3369600,2191.2,1538,0.09967,0.52356,0.65,0.29508,-0.01308,0.03844,0.02027,0.01294,0.01102,0.56244,0.14083,0.00067,0.54177,0.43638,0.11354,-0.00265,-0.0074,-0.00954,-0.04151,-0.00151,-0.02333,-0.00068
703,3374400,2193.6,1538,0.10739,0.52192,0.6,0.29545,-0.01205,0.03908,0.01822,0.01268,0.01331,0.56852,0.17392,0.00067,0.60514,0.42964,0.12906,-0.00224,-0.00726,-0.00938,-0.03375,-0.00123,-0.0222,-0.00137
704,3379200,2195.9,1539,0.10366,0.52161,0.65,0.29501,-0.0124,0.04806,0.01792,0.01166,0.01232,0.56917,0.16854,0.00067,0.51542,0.47504,0.13295,-0.00152,-0.00741,-0.00961,-0.03717,-0.00109,-0.0247,-0.00114
705,3384000,2198.3,1539,0.09982,0.5228,0.65,0.29572,-0.01452,0.0416,0.01969,0.01126,0.01325,0.57042,0.17067,0.001,0.54007,0.45378,0.10185,-0.00227,-0.00742,-0.00949,-0.04072,-0.00136,-0.02771,-0.00021
706,3388800,2200.5,1540,0.10379,0.52036,0.65,0.29543,-0.01558,0.03677,0.01877,0.01181,0.01415,0.5754,0.17946,0.00067,0.51504,0.49442,0.11415,-0.0021,-0.00796,-0.01026,-0.03689,-0.00115,-0.02277,-0.00046
707,3393600,2203.1,1540,0.10898,0.51999,0.65,0.29513,-0.01301,0.03632,0.01924,0.01188,0.01539,0.57157,0.18996,0.00044,0.55342,0.50585,0.11464,-0.00184,-0.00754,-0.00964,-0.03436,-0.00122,-0.0253,-4e-05
708,3398400,2205.5,1541,0.10446,0.52159,0.65,0.29616,-0.01578,0.04002,0.02158,0.01223,0.01246,0.57357,0.14804,0.00067,0.50874,0.50779,0.11309,-0.00223,-0.00746,-0.00948,-0.03602,-0.00111,-0.02374,-0.0008
709,3403200,2208.0,1541,0.1025,0.52407,0.65,0.29654,-0.01444,0.02728,0.02123,0.01171,0.01534,0.58255,0.19875,0.00067,0.52524,0.45817,0.12666,-0.00243,-0.00728,-0.00928,-0.03404,-0.00108,-0.02671,-0.00012
710,3408000,2211.2,1541,0.10517,0.52315,0.65,0.29568,-0.01345,0.03814,0.02061,0.01244,0.01794,0.579,0.20738,0.0003,0.50941,0.49735,0.12758,-0.00251,-0.00716,-0.00905,-0.03413,-0.00119,-0.02401,-0.00041
711,3412800,2214.0,1541,0.10555,0.52387,0.65,0.29543,-0.01224,0.03766,0.0189,0.01113,0.01032,0.57238,0.13437,0.00044,0.5185,0.49056,0.12672,-0.00133,-0.00709,-0.00884,-0.03516,-0.00123,-0.02604,-0.00058
712,3417600,2216.5,1542,0.10956,0.52414,0.65,0.29583,-0.01146,0.03646,0.02088,0.0103,0.01016,0.57199,0.13338,0.00067,0.55654,0.50272,0.12859,-0.00109,-0.00726,-0.00922,-0.04235,-0.00198,-0.02496,-0.00123
713,3422400,2219.1,1542,0.10042,0.52383,0.65,0.29668,-0.01311,0.03663,0.02071,0.01215,0.01302,0.57816,0.16763,0.00067,0.50852,0.45171,0.13391,-0.00366,-0.00748,-0.00943,-0.03812,-0.0012,-0.02121,-0.00048
714,3427200,2221.7,1543,0.10108,0.52318,0.65,0.29752,-0.01246,0.05982,0.02277,0.01275,0.01437,0.58556,0.17967,0.00067,0.4954,0.46729,0.13958,-0.0027,-0.00701,-0.00874,-0.03573,-0.00195,-0.02624,-0.00081
715,3432000,2224.2,1543,0.10188,0.52333,0.65,0.29771,-0.01544,0.04182,0.02328,0.0124,0.0145,0.59142,0.18788,0.00067,0.52686,0.45444,0.1322,-0.00233,-0.00757,-0.00972,-0.04099,-0.00131,-0.02828,-0.0003
716,3436800,2226.6,1544,0.10031,0.52355,0.6,0.29661,-0.01734,0.0358,0.02381,0.01226,0.01762,0.58623,0.20029,0.0003,0.51459,0.46968,0.12527,-0.00264,-0.00759,-0.00973,-0.04448,-0.00146,-0.0269,-0.00112
717,3441600,2229.1,1544,0.10541,0.52272,0.6,0.29659,-0.01415,0.04167,0.02081,0.01166,0.01148,0.58061,0.14871,0.00044,0.56906,0.46459,0.11319,-0.00244,-0.00772,-0.01013,-0.0422,-0.00133,-0.02306,-0.00166
718,3446400,2231.4,1545,0.10303,0.52247,0.6,0.2967,-0.0126,0.03404,0.02132,0.01284,0.01113,0.58169,0.14617,0.00067,0.56918,0.44143,0.11147,-0.00265,-0.00799,-0.0104,-0.0335,-0.00132,-0.0264,-0.0012
719,3451200,2234.2,1545,0.10739,0.52324,0.6,0.29754,-0.01286,0.03666,0.02031,0.0122,0.01801,0.58608,0.21583,0.0003,0.58649,0.45391,0.12291,-0.0043,-0.00739,-0.00954,-0.03879,-0.00124,-0.02762,-0.00051
720,3456000,2236.6,1545,0.10174,0.5256,0.6,0.29818,-0.01326,0.03752,0.02044,0.01141,0.00852,0.59229,0.11279,0.00044,0.55706,0.4176,0.12355,-0.00186,-0.00757,-0.0098,-0.0348,-0.00129,-0.02468,-0.00078
721,3460800,2239.0,1546,0.10462,0.52639,0.65,0.29792,-0.01392,0.02627,0.01978,0.01105,0.01395,0.59506,0.17462,0.00044,0.53274,0.48357,0.11659,-0.00133,-0.00756,-0.00986,-0.0373,-0.00115,-0.0252,-0.00015
722,3465600,2241.6,1546,0.10993,0.52819,0.65,0.29812,-0.01529,0.04507,0.01982,0.01181,0.0119,0.59193,0.15471,0.00067,0.55599,0.50549,0.11969,-0.00137,-0.00791,-0.01013,-0.03499,-0.00109,-0.02211,-0.00014
723,3470400,2244.2,1546,0.11128,0.52829,0.65,0.29761,-0.01216,0.03079,0.02048,0.01217,0.01251,0.59093,0.15717,0.001,0.58023,0.50163,0.11911,-0.00199,-0.00779,-0.01019,-0.03715,-0.00173,-0.02009,-0.00087
724,3475200,2247.0,1547,0.10449,0.52764,0.65,0.29758,-0.01491,0.04497,0.01943,0.01298,0.01423,0.58815,0.18037,0.00067,0.53485,0.49006,0.11373,-0.00268,-0.00824,-0.01071,-0.03575,-0.00137,-0.02033,-0.00219
725,3480000,2249.9,1547,0.10695,0.52627,0.65,0.29773,-0.01416,0.0409,0.02084,0.0121,0.01534,0.58614,0.18487,0.00044,0.5498,0.51246,0.11113,-0.00438,-0.00768,-0.0101,-0.04351,-0.00203,-0.02686,-0.00095
726,3484800,2252.2,1547,0.09496,0.52682,0.65,0.29744,-0.01318,0.0536,0.02278,0.01226,0.01311,0.58602,0.15654,0.00067,0.47968,0.47344,0.10625,-0.00377,-0.00805,-0.01041,-0.0436,-0.00127,-0.02494,-0.00101
727,3489600,2254.9,1548,0.10653,0.52565,0.65,0.29713,-0.01267,0.04572,0.02157,0.01221,0.01399,0.58211,0.17146,0.00067,0.56179,0.48721,0.11416,-0.00343,-0.00804,-0.01045,-0.03825,-0.0015,-0.02316,-0.00055
728,3494400,2257.2,1548,0.10438,0.52402,0.65,0.29766,-0.01161,0.04561,0.02024,0.01122,0.01465,0.58479,0.17054,0.00044,0.52836,0.49419,0.10787,-0.00287,-0.0077,-0.00984,-0.03306,-0.00123,-0.02301,-0.00058
729,3499200,2259.9,1548,0.09489,0.52399,0.65,0.29685,-0.01539,0.05765,0.02077,0.01197,0.01018,0.58514,0.12842,0.00067,0.49479,0.44994,0.10465,-0.00301,-0.00785,-0.01021,-0.03815,-0.00116,-0.02318,-0.00024
730,3504000,2262.2,1549,0.10716,0.52143,0.65,0.2962,-0.01887,0.04013,0.02032,0.01399,0.01726,0.5763,0.20317,0.0003,0.5838,0.47612,0.11163,-0.00317,-0.0082,-0.01046,-0.04011,-0.00109,-0.02309,-0.00132
731,3508800,2264.6,1549,0.10133,0.51889,0.65,0.29696,-0.0121,0.05227,0.01916,0.01324,0.00844,0.57693,0.11267,0.00044,0.52913,0.46853,0.1085,-0.00218,-0.00806,-0.0103,-0.03471,-0.00108,-0.02352,-0.00047
732,3513600,2267.4,1550,0.10228,0.51582,0.65,0.29685,-0.01516,0.0341,0.01908,0.01255,0.01375,0.58337,0.16317,0.00067,0.53488,0.48041,0.10604,-0.00289,-0.00799,-0.01007,-0.03558,-0.0012,-0.02773,-0.00059
733,3518400,2269.7,1550,0.10542,0.51667,0.65,0.29523,-0.01538,0.04178,0.01893,0.01475,0.01625,0.57374,0.20488,0.00044,0.5296,0.48699,0.11538,-0.00223,-0.00821,-0.01036,-0.03289,-0.00119,-0.02276,-8e-05
734,3523200,2272.1,1551,0.09483,0.51622,0.65,0.2951,-0.01145,0.05555,0.01773,0.01436,0.01204,0.56481,0.15742,0.00067,0.4904,0.46388,0.09879,-0.0035,-0.00793,-0.01005,-0.04691,-0.00138,-0.02601,-0.00064
735,3528000,2274.5,1551,0.0959,0.51616,0.65,0.29544,-0.01562,0.03629,0.01734,0.01512,0.01471,0.56717,0.18558,0.00067,0.53941,0.42972,0.08566,-0.00297,-0.00796,-0.01016,-0.04744,-0.00189,-0.02525,-0.00016
736,3532800,2276.8,1552,0.11038,0.51803,0.65,0.2962,-0.01501,0.03708,0.01601,0.01485,0.01898,0.57186,0.2275,0.0003,0.63888,0.45838,0.09487,-0.00382,-0.00829,-0.01029,-0.03806,-0.00109,-0.02182,-0.00075
737,3537600,2279.4,1552,0.10586,0.5173,0.65,0.29564,-0.01438,0.02989,0.01735,0.01405,0.0114,0.57516,0.13671,0.00044,0.60432,0.44844,0.10066,-0.00396,-0.00773,-0.00964,-0.03694,-0.0012,-0.0263,-0.00073
738,3542400,2282.0,1552,0.09388,0.51926,0.65,0.29448,-0.01565,0.03847,0.01788,0.01341,0.01396,0.56635,0.182,0.00067,0.49422,0.44131,0.09846,-0.00342,-0.00773,-0.0097,-0.04165,-0.00176,-0.03067,-0.00029
739,3547200,2284.6,1553,0.10695,0.52016,0.65,0.29523,-0.01449,0.03852,0.01777,0.01325,0.01678,0.56083,0.20596,0.00044,0.56512,0.49636,0.09995,-0.00256,-0.00766,-0.00922,-0.04013,-0.00179,-0.02609,-0.00028
740,3552000,2287.1,1553,0.11494,0.52083,0.65,0.2957,-0.01548,0.02093,0.02051,0.01423,0.01278,0.56994,0.16104,0.00067,0.62335,0.49319,0.10748,-0.00108,-0.00818,-0.00997,-0.03143,-0.00139,-0.02246,-8e-05
741,3556800,2289.8,1553,0.1148,0.51946,0.65,0.29483,-0.01193,0.03968,0.01851,0.01297,0.0161,0.56751,0.18908,0.0003,0.59755,0.50224,0.13392,-0.00454,-0.00775,-0.00937,-0.03192,-0.00138,-0.02241,0.0
742,3561600,2292.3,1554,0.10996,0.52079,0.65,0.29459,-0.01318,0.03451,0.01757,0.01209,0.00966,0.56165,0.12271,0.00044,0.5757,0.4759,0.13322,-0.00095,-0.00732,-0.0088,-0.03605,-0.00144,-0.02638,-0.00013
743,3566400,2294.8,1554,0.10934,0.5237,0.65,0.29397,-0.01234,0.04472,0.01961,0.01259,0.0108,0.55684,0.14617,0.00067,0.56243,0.49173,0.13072,-0.00406,-0.00757,-0.00915,-0.0346,-0.00138,-0.02617,-0.00017
744,3571200,2297.3,1555,0.11578,0.52215,0.65,0.29423,-0.01668,0.04122,0.01991,0.01253,0.01351,0.55353,0.16775,0.001,0.60465,0.50756,0.13591,-0.00252,-0.00763,-0.00916,-0.03656,-0.00176,-0.02417,-0.00021
745,3576000,2300.0,1555,0.11547,0.52077,0.65,0.29561,-0.01768,0.03212,0.01847,0.01342,0.01821,0.56336,0.21638,0.0003,0.57289,0.53043,0.12845,-0.001,-0.0079,-0.00936,-0.0316,-0.00114,-0.02176,-0.00016
746,3580800,2302.7,1555,0.10426,0.52233,0.65,0.2963,-0.01426,0.03651,0.01809,0.01301,0.01005,0.5745,0.13708,0.00044,0.49147,0.51474,0.12247,-0.00084,-0.00789,-0.00946,-0.03981,-0.00135,-0.02245,-0.0001
747,3585600,2305.2,1555,0.10572,0.52412,0.65,0.29613,-0.01323,0.04043,0.01847,0.0139,0.0135,0.57752,0.16563,0.00067,0.53186,0.50685,0.11126,-0.00192,-0.00822,-0.01005,-0.0409,-0.00202,-0.02541,-0.00012
748,3590400,2307.7,1556,0.09598,0.52353,0.6,0.29573,-0.01336,0.04457,0.01717,0.01357,0.01807,0.57246,0.21108,0.0003,0.46431,0.49977,0.10952,-0.00319,-0.00801,-0.00989,-0.04256,-0.00138,-0.02784,-0.00011
749,3595200,2310.2,1556,0.10468,0.52443,0.6,0.29618,-0.01411,0.04697,0.0193,0.01291,0.00902,0.57452,0.11712,0.00044,0.51778,0.51137,0.10769,-0.00164,-0.00808,-0.01004,-0.04218,-0.00172,-0.02201,-0.00018
750,3600000,2313.0,1556,0.09723,0.52099,0.6,0.29672,-0.01449,0.0598,0.01933,0.0132,0.01332,0.57895,0.16258,0.00044,0.49525,0.49477,0.10099,-0.00556,-0.00812,-0.01033,-0.04201,-0.00178,-0.03006,-0.0
751,3604800,2315.2,1557,0.11066,0.52079,0.6,0.29676,-0.0151,0.03354,0.01948,0.01284,0.01414,0.58197,0.17383,0.00044,0.5495,0.53645,0.11281,-0.00306,-0.00845,-0.01053,-0.03985,-0.0012,-0.02491,0.0
752,3609600,2317.5,1558,0.09751,0.52266,0.6,0.29605,-0.01538,0.03627,0.01981,0.01367,0.01254,0.57832,0.15425,0.00067,0.50096,0.45195,0.11364,-0.0037,-0.00843,-0.01055,-0.03969,-0.00169,-0.0231,-8e-05
753,3614400,2319.9,1558,0.10205,0.5236,0.6,0.29448,-0.01701,0.04032,0.02009,0.01447,0.01533,0.56745,0.17567,0.00044,0.54082,0.47709,0.11289,-0.00719,-0.00788,-0.00991,-0.04365,-0.00152,-0.02327,-0.00024
754,3619200,2322.2,1559,0.09664,0.52337,0.6,0.29417,-0.0149,0.0341,0.01984,0.01308,0.0141,0.55513,0.17271,0.0003,0.50488,0.45722,0.10202,-0.00709,-0.00775,-0.00944,-0.04256,-0.00165,-0.02902,-0.0002
755,3624000,2324.5,1559,0.10814,0.52195,0.6,0.29417,-0.01337,0.04076,0.01936,0.01058,0.00914,0.5554,0.11792,0.00067,0.531,0.52681,0.11048,-0.00158,-0.00822,-0.01033,-0.03487,-0.00128,-0.02225,0.0
756,3628800,2326.8,1560,0.0991,0.52253,0.6,0.29434,-0.01596,0.03618,0.01995,0.01155,0.01637,0.55475,0.19487,0.0003,0.47336,0.50106,0.10834,-0.00162,-0.00804,-0.01012,-0.04014,-0.00133,-0.02611,-0.00021
757,3633600,2329.2,1560,0.11204,0.52087,0.6,0.29494,-0.01291,0.04738,0.01979,0.01174,0.01024,0.55925,0.13163,0.00044,0.63301,0.48455,0.09185,-0.00277,-0.00777,-0.00975,-0.03101,-0.00116,-0.02379,-0.00025
758,3638400,2331.5,1561,0.1148,0.51761,0.6,0.29614,-0.01467,0.04303,0.02222,0.01111,0.01145,0.56906,0.14596,0.00067,0.62065,0.47483,0.13638,-0.00236,-0.00779,-0.00941,-0.03271,-0.00116,-0.02203,-7e-05
759,3643200,2333.7,1561,0.11311,0.51772,0.6,0.29668,-0.01355,0.03431,0.01956,0.01086,0.0148,0.57442,0.1805,0.00067,0.56258,0.49856,0.14697,-0.00108,-0.00779,-0.00949,-0.03457,-0.00121,-0.01872,0.0
760,3648000,2336.2,1562,0.11156,0.51966,0.6,0.29632,-0.0172,0.03664,0.02048,0.01208,0.01749,0.57396,0.20767,0.00044,0.55859,0.5034,0.13578,-0.0024,-0.00782,-0.00951,-0.03899,-0.00179,-0.02167,-1e-05
761,3652800,2338.6,1562,0.1038,0.52268,0.6,0.29522,-0.01635,0.03694,0.01903,0.01362,0.01334,0.56812,0.16871,0.00067,0.50347,0.49269,0.13747,-0.00279,-0.00783,-0.00947,-0.0427,-0.00126,-0.02316,-7e-05
762,3657600,2340.7,1563,0.10682,0.52194,0.6,0.29579,-0.01464,0.02958,0.01785,0.0135,0.017,0.56217,0.20142,0.0003,0.55596,0.47516,0.12849,-0.00299,-0.00796,-0.00978,-0.03856,-0.00179,-0.02178,-0.00018
763,3662400,2342.8,1563,0.11532,0.52306,0.6,0.29546,-0.01301,0.03308,0.01688,0.01255,0.00886,0.56421,0.11704,0.00044,0.58114,0.51219,0.14086,-0.00182,-0.00816,-0.01,-0.03263,-0.00154,-0.02247,-0.00021
764,3667200,2345.1,1564,0.11385,0.52353,0.6,0.29498,-0.01464,0.04917,0.01667,0.01188,0.01149,0.55797,0.14992,0.00067,0.58357,0.49102,0.14837,-0.00222,-0.00781,-0.00953,-0.03529,-0.00124,-0.02409,-0.00011
765,3672000,2347.5,1564,0.11002,0.52269,0.6,0.29562,-0.01409,0.03372,0.01813,0.01175,0.01526,0.56033,0.19233,0.00044,0.56591,0.48436,0.13331,-0.00372,-0.0077,-0.00943,-0.03279,-0.00139,-0.02,-0.0
766,3676800,2349.6,1565,0.11265,0.52187,0.6,0.29576,-0.01441,0.03109,0.0185,0.01171,0.01167,0.56424,0.14871,0.00067,0.57127,0.50294,0.13426,-0.00226,-0.00761,-0.0093,-0.03772,-0.00153,-0.02355,0.0
767,3681600,2351.8,1565,0.11464,0.52294,0.6,0.29677,-0.01229,0.04191,0.01839,0.01289,0.01647,0.57147,0.20308,0.00044,0.58169,0.50384,0.13573,-0.0017,-0.00745,-0.00913,-0.03492,-0.00133,-0.02034,-0.0
768,3686400,2354.1,1566,0.11422,0.52432,0.6,0.29683,-0.01538,0.03053,0.01628,0.01357,0.01194,0.57853,0.15263,0.00067,0.57255,0.52253,0.14462,-0.00278,-0.00761,-0.00914,-0.0394,-0.00114,-0.02072,0.0
769,3691200,2356.3,1567,0.12389,0.52582,0.6,0.29728,-0.01361,0.03526,0.01593,0.01306,0.01561,0.58053,0.19246,0.00067,0.62683,0.53752,0.14759,-0.00166,-0.00774,-0.00935,-0.03168,-0.00112,-0.02142,-5e-05
770,3696000,2358.5,1567,0.12206,0.52728,0.6,0.29667,-0.01313,0.03026,0.01566,0.01278,0.0112,0.58011,0.14867,0.00067,0.63359,0.53072,0.13566,-0.00363,-0.00739,-0.00901,-0.03354,-0.00121,-0.02042,-1e-05
771,3700800,2360.7,1568,0.11219,0.52844,0.6,0.29556,-0.01401,0.04854,0.01883,0.01098,0.01492,0.5717,0.18146,0.00044,0.56051,0.50489,0.15067,-0.00203,-0.00745,-0.00914,-0.04183,-0.00122,-0.01994,-7e-05
772,3705600,2363.0,1568,0.10908,0.52941,0.6,0.29619,-0.01421,0.04792,0.01771,0.01169,0.0102,0.56913,0.135,0.00067,0.5618,0.47761,0.1368,-0.00351,-0.00722,-0.00891,-0.04469,-0.00119,-0.01989,-2e-05
773,3710400,2365.3,1569,0.10418,0.53123,0.6,0.29565,-0.01338,0.04063,0.01958,0.01111,0.01526,0.57176,0.18508,0.00067,0.49342,0.4981,0.13901,-0.00518,-0.00718,-0.00873,-0.03325,-0.00156,-0.02014,-0.00016
774,3715200,2367.6,1569,0.11208,0.53093,0.6,0.29504,-0.01473,0.04437,0.0188,0.01117,0.01412,0.5641,0.16704,0.00067,0.538,0.52708,0.14213,-0.00255,-0.0072,-0.00878,-0.03652,-0.00113,-0.01775,-1e-05
775,3720000,2369.9,1570,0.11184,0.53284,0.6,0.29448,-0.01789,0.04426,0.01742,0.01142,0.01627,0.55913,0.19033,0.00044,0.54902,0.50592,0.13639,-0.0016,-0.00741,-0.00896,-0.0363,-0.00109,-0.01742,-0.0001
776,3724800,2372.1,1570,0.11297,0.53349,0.6,0.29395,-0.01231,0.03019,0.0183,0.01333,0.00948,0.55324,0.12304,0.00067,0.5718,0.5076,0.13018,-0.00204,-0.00736,-0.00902,-0.03664,-0.00168,-0.02305,-4e-05
777,3729600,2374.8,1570,0.11709,0.53399,0.6,0.29415,-0.01696,0.04271,0.02054,0.01215,0.01735,0.55108,0.19146,0.0003,0.60786,0.50556,0.14416,-0.00229,-0.00739,-0.00914,-0.0328,-0.00146,-0.02525,-0.0
778,3734400,2377.1,1571,0.11414,0.53617,0.6,0.29413,-0.01016,0.0379,0.02032,0.01166,0.00823,0.5506,0.10633,0.00044,0.53884,0.5389,0.14654,-0.0016,-0.00732,-0.00886,-0.04313,-0.00162,-0.02033,-2e-05
779,3739200,2379.4,1572,0.10377,0.53782,0.6,0.29375,-0.01345,0.03629,0.02145,0.01251,0.01075,0.54833,0.14033,0.00067,0.50177,0.49272,0.13165,-0.00187,-0.00716,-0.00874,-0.03994,-0.00112,-0.0211,-0.00017
780,3744000,2382.0,1572,0.11227,0.53779,0.6,0.29385,-0.01446,0.0365,0.02234,0.01395,0.01314,0.54586,0.16717,0.001,0.58472,0.49158,0.12759,-0.00124,-0.00741,-0.00908,-0.04161,-0.00123,-0.02015,-0.0005
781,3748800,2384.7,1572,0.11182,0.54165,0.6,0.29425,-0.01351,0.02557,0.01991,0.01605,0.01375,0.54807,0.17863,0.00067,0.56447,0.50372,0.13471,-0.0024,-0.0072,-0.00868,-0.04287,-0.00143,-0.02194,-0.00021
782,3753600,2387.0,1573,0.11307,0.54045,0.6,0.29447,-0.01637,0.04101,0.01779,0.01481,0.01539,0.54952,0.18771,0.00067,0.55323,0.53092,0.13952,-0.0019,-0.00747,-0.00912,-0.03585,-0.00166,-0.02449,0.0
783,3758400,2389.1,1573,0.11557,0.54135,0.6,0.29449,-0.01559,0.03207,0.01645,0.01327,0.01449,0.55471,0.18629,0.00067,0.56917,0.51477,0.14974,-0.0016,-0.0074,-0.00912,-0.03069,-0.00126,-0.0238,0.0
784,3763200,2391.3,1574,0.11494,0.54349,0.65,0.29329,-0.01351,0.03467,0.01567,0.01218,0.01512,0.55059,0.19033,0.00044,0.58385,0.50034,0.1428,-0.0013,-0.00744,-0.0092,-0.03247,-0.0013,-0.02156,-0.00019
785,3768000,2393.6,1574,0.11408,0.54389,0.65,0.29245,-0.01385,0.03216,0.01573,0.01218,0.01102,0.54163,0.14967,0.00067,0.57833,0.506,0.13524,-0.00278,-0.00721,-0.00894,-0.03273,-0.00109,-0.02179,-5e-05
786,3772800,2396.1,1575,0.11734,0.54579,0.65,0.29242,-0.01569,0.04329,0.0164,0.01163,0.01392,0.53624,0.17346,0.00067,0.6231,0.49705,0.12809,-0.00515,-0.00709,-0.00887,-0.02988,-0.00113,-0.02251,-0.00024
787,3777600,2398.6,1575,0.10619,0.54665,0.65,0.29342,-0.01563,0.04666,0.01638,0.01231,0.01446,0.54176,0.17775,0.001,0.57597,0.47345,0.11199,-0.00783,-0.00728,-0.00901,-0.03756,-0.00189,-0.02744,-0.00013
788,3782400,2400.9,1575,0.11289,0.54816,0.65,0.29359,-0.0161,0.02679,0.01665,0.0107,0.01695,0.55141,0.20463,0.00067,0.59355,0.51057,0.10382,-0.0043,-0.0074,-0.00931,-0.03447,-0.0012,-0.02229,-3e-05
789,3787200,2403.2,1576,0.10952,0.54845,0.65,0.29308,-0.01723,0.02889,0.01659,0.01081,0.01454,0.54985,0.17471,0.00067,0.56895,0.50229,0.10055,-0.00218,-0.00749,-0.0096,-0.03099,-0.00117,-0.02086,-0.00016
790,3792000,2405.4,1576,0.11779,0.54818,0.65,0.29317,-0.01353,0.04207,0.0162,0.01227,0.01648,0.54865,0.196,0.0003,0.65105,0.52269,0.09635,-0.00379,-0.0077,-0.00975,-0.03597,-0.00131,-0.02513,-0.0002
791,3796800,2407.9,1577,0.10493,0.54737,0.65,0.29304,-0.00988,0.03714,0.01508,0.01141,0.01003,0.54803,0.1275,0.00044,0.50943,0.51256,0.10875,-0.00123,-0.00732,-0.00911,-0.0397,-0.00149,-0.02253,-0.0
792,3801600,2410.2,1577,0.10136,0.54758,0.65,0.29251,-0.0146,0.04773,0.01905,0.01206,0.0132,0.54462,0.16167,0.00067,0.4919,0.50855,0.10689,-0.00259,-0.00763,-0.00972,-0.04493,-0.00225,-0.01822,-3e-05
793,3806400,2412.5,1578,0.10459,0.54781,0.65,0.29211,-0.01383,0.03957,0.01861,0.01229,0.01696,0.53802,0.20221,0.00044,0.52316,0.50804,0.10605,-0.003,-0.00765,-0.00954,-0.04082,-0.00221,-0.02373,-0.00022
794,3811200,2414.9,1578,0.10836,0.54929,0.65,0.29297,-0.01488,0.04343,0.02137,0.011,0.01282,0.53925,0.16354,0.00067,0.56158,0.50734,0.10799,-0.00213,-0.00733,-0.00919,-0.04208,-0.00136,-0.02244,-0.00044
795,3816000,2417.3,1579,0.10085,0.55071,0.65,0.29324,-0.01425,0.04657,0.02084,0.0104,0.01696,0.54724,0.19829,0.00044,0.53843,0.45153,0.11214,-0.0035,-0.00736,-0.00933,-0.03938,-0.00205,-0.02358,-5e-05
796,3820800,2419.5,1579,0.0914,0.54949,0.65,0.29245,-0.01296,0.03401,0.02058,0.01127,0.01102,0.54429,0.14396,0.00067,0.49522,0.40892,0.10185,-0.00318,-0.00762,-0.00937,-0.04337,-0.00153,-0.02241,-0.00039
797,3825600,2422.1,1579,0.09667,0.54844,0.65,0.29232,-0.01396,0.03578,0.02152,0.01168,0.01689,0.53879,0.19775,0.00044,0.54459,0.423,0.10069,-0.00438,-0.00719,-0.00888,-0.04215,-0.00187,-0.02441,-0.00015
798,3830400,2424.8,1580,0.11041,0.54764,0.65,0.29217,-0.01489,0.03277,0.02205,0.01122,0.01038,0.53897,0.13104,0.00067,0.58637,0.48643,0.11749,-0.00357,-0.00668,-0.0082,-0.03847,-0.00261,-0.02213,-0.00033
799,3835200,2427.2,1580,0.12644,0.55018,0.65,0.29259,-0.01164,0.03238,0.023,0.0115,0.01204,0.53806,0.16112,0.00067,0.66568,0.53565,0.13929,-0.00216,-0.0073,-0.00899,-0.03384,-0.0015,-0.01772,-0.00055
800,3840000,2430.3,1580,0.11524,0.55056,0.65,0.29284,-0.01244,0.05179,0.02404,0.01175,0.01256,0.542,0.15629,0.00067,0.57684,0.51868,0.14083,-0.00261,-0.00715,-0.00883,-0.03424,-0.00121,-0.02026,-0.00133
801,3844800,2433.2,1580,0.11318,0.55059,0.65,0.29378,-0.01188,0.03354,0.02367,0.01062,0.0131,0.54573,0.17279,0.00067,0.55934,0.52566,0.13385,-0.0016,-0.00708,-0.00878,-0.03756,-0.00158,-0.02115,-0.00097
802,3849600,2435.6,1581,0.11629,0.55218,0.7,0.2951,-0.01428,0.03438,0.02251,0.01147,0.01572,0.55703,0.20321,0.00067,0.57038,0.53305,0.13582,-0.00069,-0.00727,-0.00894,-0.03759,-0.00123,-0.01971,-0.00094
803,3854400,2438.2,1581,0.113,0.55459,0.7,0.29444,-0.01338,0.03821,0.02207,0.01127,0.01331,0.56185,0.16912,0.001,0.56908,0.51541,0.12923,-0.00171,-0.00765,-0.00954,-0.04118,-0.00172,-0.02132,-0.00054
804,3859200,2440.6,1581,0.1143,0.55519,0.65,0.29426,-0.0096,0.04731,0.02241,0.01142,0.01246,0.55521,0.161,0.00067,0.59477,0.50752,0.13416,-0.00301,-0.00728,-0.00895,-0.04058,-0.00122,-0.01939,-0.00051
805,3864000,2443.4,1581,0.11223,0.5543,0.65,0.29505,-0.01323,0.06699,0.0214,0.013,0.01464,0.55872,0.18263,0.00067,0.57406,0.50003,0.13733,-0.00356,-0.00753,-0.00917,-0.0333,-0.00153,-0.02107,-0.00049
806,3868800,2445.9,1582,0.10598,0.55331,0.65,0.29406,-0.01435,0.03028,0.02047,0.01266,0.0144,0.56188,0.18004,0.00067,0.55584,0.47777,0.10978,-0.00261,-0.00742,-0.00935,-0.03657,-0.00122,-0.02094,-0.00135
807,3873600,2448.6,1582,0.11029,0.5538,0.65,0.29226,-0.01445,0.03781,0.02136,0.01276,0.0141,0.54581,0.16821,0.00067,0.62685,0.4616,0.10339,-0.00534,-0.00767,-0.00964,-0.03625,-0.00154,-0.02239,-0.00191
808,3878400,2451.1,1582,0.10551,0.55524,0.65,0.29225,-0.01486,0.04386,0.02073,0.01246,0.01465,0.53263,0.1815,0.00067,0.5451,0.48816,0.10433,-0.00235,-0.00718,-0.00888,-0.0356,-0.00133,-0.02579,-0.00132
809,3883200,2453.7,1583,0.1109,0.55657,0.65,0.29357,-0.01524,0.02996,0.02121,0.01151,0.01587,0.53755,0.19575,0.00044,0.63043,0.46756,0.10117,-0.00357,-0.00725,-0.00905,-0.03653,-0.0013,-0.02318,-0.00094
810,3888000,2456.1,1583,0.11168,0.55674,0.65,0.2939,-0.01549,0.04242,0.02066,0.01165,0.01356,0.54682,0.15842,0.0003,0.61603,0.48128,0.1043,-0.00576,-0.0072,-0.00911,-0.0337,-0.00132,-0.02207,-0.00148
811,3892800,2458.9,1583,0.11642,0.55659,0.65,0.29388,-0.01003,0.04897,0.01777,0.00899,0.00758,0.54754,0.09442,0.00044,0.63958,0.49873,0.11926,-0.00393,-0.007,-0.00875,-0.03224,-0.00195,-0.02231,-0.00051
812,3897600,2461.2,1584,0.10888,0.55749,0.65,0.29436,-0.01175,0.06137,0.01793,0.00896,0.00944,0.55021,0.12133,0.00067,0.55909,0.50654,0.1142,-0.00358,-0.00691,-0.00873,-0.03893,-0.00141,-0.02214,-0.00098
813,3902400,2463.6,1584,0.09979,0.55676,0.65,0.29337,-0.01295,0.04105,0.01976,0.00997,0.01523,0.54907,0.18667,0.00067,0.50122,0.48899,0.10317,-0.00209,-0.00693,-0.0087,-0.04922,-0.0016,-0.02123,-0.00154
814,3907200,2466.3,1584,0.09459,0.55761,0.7,0.29204,-0.01336,0.04033,0.02141,0.01043,0.01288,0.53518,0.17342,0.00067,0.49152,0.44974,0.09187,-0.00275,-0.0071,-0.00887,-0.04482,-0.00137,-0.02146,-0.00084
815,3912000,2468.9,1585,0.09151,0.55867,0.7,0.29149,-0.01075,0.04505,0.02277,0.01006,0.01458,0.52467,0.17987,0.00067,0.49058,0.43973,0.08854,-0.00679,-0.00671,-0.00833,-0.04039,-0.00179,-0.02622,-0.00102
816,3916800,2471.3,1585,0.1168,0.55986,0.7,0.29189,-0.01444,0.02805,0.02339,0.01071,0.01256,0.52429,0.16013,0.001,0.659,0.49669,0.10094,-0.00349,-0.00689,-0.0085,-0.03922,-0.00145,-0.02376,-0.00118
817,3921600,2473.9,1585,0.11828,0.56085,0.7,0.29213,-0.01554,0.04017,0.02336,0.01022,0.01501,0.52769,0.18604,0.00067,0.6566,0.49627,0.11067,-0.00262,-0.00698,-0.00854,-0.03522,-0.00163,-0.02083,-0.00074
818,3926400,2476.3,1586,0.1118,0.56184,0.7,0.29109,-0.01305,0.02998,0.02602,0.0103,0.0138,0.52604,0.18229,0.00067,0.59969,0.48384,0.1152,-0.00329,-0.00702,-0.00863,-0.03765,-0.00201,-0.02194,-0.00022
819,3931200,2478.9,1586,0.10586,0.56324,0.7,0.28924,-0.01335,0.04211,0.02423,0.01085,0.01362,0.50893,0.17079,0.00067,0.57513,0.46383,0.10884,-0.0038,-0.007,-0.00873,-0.03902,-0.00248,-0.02337,-0.00063
820,3936000,2481.7,1586,0.11081,0.5625,0.7,0.28865,-0.01218,0.0537,0.02488,0.00974,0.01351,0.49321,0.16604,0.00067,0.55855,0.51869,0.11953,-0.00265,-0.00667,-0.00819,-0.03677,-0.00136,-0.01967,-0.00081
821,3940800,2484.1,1586,0.11776,0.56364,0.7,0.28917,-0.01084,0.04021,0.02374,0.00975,0.01674,0.49203,0.20508,0.0003,0.60042,0.52678,0.14264,-0.00343,-0.00679,-0.00806,-0.04069,-0.00206,-0.02107,-0.00177
822,3945600,2486.4,1587,0.10856,0.56154,0.7,0.28932,-0.00965,0.04591,0.0252,0.00959,0.00966,0.49548,0.1265,0.00044,0.56514,0.49065,0.13028,-0.00278,-0.00646,-0.00783,-0.04669,-0.0022,-0.02415,-0.00204
823,3950400,2488.8,1587,0.11089,0.56116,0.7,0.28805,-0.01239,0.03493,0.02303,0.00923,0.01071,0.49174,0.14329,0.00067,0.56296,0.50441,0.12753,-0.00173,-0.00669,-0.0081,-0.04174,-0.00176,-0.02095,-0.0009
824,3955200,2491.1,1588,0.10345,0.55889,0.65,0.28775,-0.01238,0.05917,0.02663,0.01049,0.01575,0.47924,0.192,0.00044,0.56254,0.45429,0.12075,-0.0063,-0.00644,-0.00787,-0.04172,-0.00188,-0.0251,-0.00129
825,3960000,2493.7,1588,0.10557,0.55721,0.655,0.2882,-0.01329,0.05318,0.02516,0.00988,0.01137,0.48218,0.14133,0.00067,0.55986,0.48253,0.12881,-0.00731,-0.00661,-0.00807,-0.03879,-0.00147,-0.02359,-0.00051
826,3964800,2496.0,1588,0.11672,0.55439,0.7,0.28937,-0.01307,0.05875,0.02239,0.01,0.01682,0.4881,0.19796,0.00044,0.6182,0.50033,0.13711,-0.00375,-0.00665,-0.00811,-0.03775,-0.00149,-0.01817,-2e-05
827,3969600,2498.2,1589,0.11827,0.55205,0.7,0.29012,-0.01088,0.04164,0.02277,0.00982,0.01288,0.49771,0.16108,0.00067,0.58664,0.53307,0.14565,-0.00225,-0.00668,-0.00818,-0.04146,-0.00144,-0.01812,-0.00034
828,3974400,2500.5,1589,0.10971,0.55339,0.7,0.29054,-0.01418,0.03027,0.02107,0.01082,0.01446,0.5047,0.18063,0.001,0.56831,0.48133,0.13712,-0.00332,-0.00685,-0.0083,-0.0411,-0.00126,-0.02376,-0.00093
829,3979200,2502.8,1590,0.10256,0.55509,0.7,0.29064,-0.01461,0.03447,0.02268,0.01164,0.01468,0.50405,0.18842,0.001,0.52194,0.47055,0.12382,-0.00284,-0.00697,-0.00845,-0.04241,-0.00147,-0.02287,-0.00157
830,3984000,2505.1,1590,0.11282,0.55684,0.7,0.29029,-0.01482,0.04159,0.02053,0.01088,0.01707,0.50482,0.2065,0.00044,0.57371,0.50914,0.13635,-0.00297,-0.00709,-0.00864,-0.03839,-0.00224,-0.02145,-0.00191
831,3988800,2507.2,1591,0.11172,0.55772,0.7,0.2907,-0.0129,0.03963,0.02037,0.01116,0.011,0.50273,0.14412,0.00067,0.53163,0.52221,0.1399,-0.00179,-0.00656,-0.00807,-0.03628,-0.00119,-0.02143,-0.00126
832,3993600,2509.5,1591,0.10913,0.55855,0.7,0.29079,-0.01663,0.03019,0.02023,0.0138,0.01496,0.50664,0.18367,0.00067,0.57278,0.47025,0.13124,-0.00239,-0.00677,-0.00831,-0.04027,-0.00135,-0.02252,-0.00136
833,3998400,2511.7,1592,0.10819,0.55831,0.7,0.29146,-0.01224,0.04737,0.02019,0.01418,0.01311,0.50847,0.17537,0.001,0.58507,0.44636,0.13854,-0.00259,-0.00696,-0.00867,-0.03545,-0.00134,-0.02233,-0.00237
834,4003200,2514.1,1592,0.11143,0.5581,0.7,0.29157,-0.00995,0.0413,0.01819,0.01214,0.01585,0.51618,0.1935,0.00067,0.60764,0.45714,0.14266,-0.00463,-0.00652,-0.00833,-0.04243,-0.00125,-0.02238,-0.00341
835,4008000,2516.6,1593,0.10765,0.55953,0.7,0.28962,-0.01501,0.04591,0.0203,0.01136,0.01495,0.50622,0.17796,0.00044,0.54131,0.4833,0.13728,-0.00241,-0.0067,-0.00825,-0.03882,-0.00138,-0.02097,-0.00267
836,4012800,2519.3,1593,0.10614,0.56209,0.7,0.28905,-0.01696,0.04202,0.02131,0.01223,0.0141,0.4911,0.16087,0.00044,0.54539,0.47399,0.13457,-0.00289,-0.00698,-0.00846,-0.04328,-0.00154,-0.02168,-0.00352
837,4017600,2521.8,1593,0.1105,0.56264,0.7,0.28836,-0.01434,0.03598,0.02079,0.01284,0.01249,0.48516,0.14871,0.00067,0.60482,0.46497,0.11714,-0.00314,-0.00677,-0.00829,-0.03278,-0.00177,-0.02359,-0.00145
838,4022400,2524.0,1594,0.1173,0.56334,0.7,0.2889,-0.01277,0.02736,0.02496,0.01205,0.01515,0.48169,0.18483,0.00067,0.61028,0.51889,0.12371,-0.00335,-0.00632,-0.00779,-0.03375,-0.00126,-0.0221,-0.00119
839,4027200,2526.3,1594,0.11819,0.56429,0.7,0.28888,-0.0135,0.0453,0.02417,0.01388,0.01439,0.48532,0.17917,0.00067,0.63583,0.49037,0.13535,-0.00284,-0.0065,-0.00793,-0.03781,-0.00192,-0.02214,-0.00046
840,4032000,2528.8,1594,0.09921,0.56475,0.7,0.2891,-0.01635,0.03361,0.02508,0.015,0.01477,0.48172,0.17758,0.00067,0.47265,0.47424,0.13771,-0.00413,-0.0064,-0.00779,-0.04104,-0.00204,-0.02558,-0.00132
841,4036800,2531.1,1595,0.11953,0.56409,0.7,0.28957,-0.01424,0.04172,0.0245,0.01252,0.01317,0.48591,0.1595,0.00067,0.60945,0.53369,0.1458,-0.00322,-0.00641,-0.008,-0.03932,-0.00142,-0.02123,-0.00159
842,4041600,2533.4,1595,0.11391,0.56286,0.7,0.28984,-0.01231,0.04546,0.02228,0.01338,0.01556,0.48952,0.18096,0.0003,0.59578,0.49167,0.1319,-0.00409,-0.0068,-0.00847,-0.03234,-0.00115,-0.02058,-0.00261
843,4046400,2535.9,1596,0.11354,0.56269,0.7,0.28976,-0.0132,0.03406,0.02193,0.01295,0.00892,0.49081,0.11529,0.00044,0.60085,0.4908,0.12283,-0.00211,-0.00677,-0.00847,-0.0348,-0.00172,-0.01948,-0.00153
844,4051200,2538.1,1596,0.10477,0.5637,0.7,0.28916,-0.01613,0.05072,0.02242,0.01429,0.01102,0.4868,0.14025,0.00067,0.56312,0.45451,0.12003,-0.00202,-0.00649,-0.00808,-0.04278,-0.00192,-0.02629,-0.00239
845,4056000,2540.8,1596,0.1024,0.56442,0.7,0.28953,-0.01533,0.04341,0.02022,0.01354,0.01631,0.48403,0.18812,0.00044,0.49764,0.49545,0.11804,-0.00287,-0.00653,-0.00817,-0.03858,-0.00166,-0.02416,-0.00103
846,4060800,2543.1,1597,0.10754,0.56485,0.7,0.28982,-0.01498,0.03761,0.01978,0.01265,0.01307,0.48736,0.16004,0.00067,0.54021,0.50237,0.11602,-0.00279,-0.00615,-0.00764,-0.04353,-0.00158,-0.01971,-0.00179
847,4065600,2545.9,1597,0.1059,0.56621,0.7,0.29118,-0.01647,0.05622,0.0217,0.01337,0.01506,0.49505,0.17867,0.00044,0.56268,0.47162,0.11814,-0.00291,-0.00615,-0.00766,-0.04129,-0.00162,-0.02324,-0.00223
848,4070400,2548.9,1597,0.10986,0.56674,0.7,0.29178,-0.01091,0.06241,0.02117,0.01205,0.00991,0.5033,0.13304,0.00067,0.56902,0.49339,0.12412,-0.00184,-0.00653,-0.00817,-0.03728,-0.00166,-0.02218,-0.00189
849,4075200,2551.6,1597,0.10645,0.56459,0.65,0.29244,-0.01414,0.06248,0.02167,0.01364,0.01397,0.50937,0.17667,0.00067,0.56644,0.48172,0.12633,-0.00552,-0.0065,-0.00812,-0.04012,-0.00182,-0.0252,-0.0019
850,4080000,2554.2,1597,0.09952,0.56232,0.65,0.29212,-0.01386,0.03891,0.02301,0.01272,0.01595,0.50903,0.19779,0.00067,0.51345,0.45677,0.12306,-0.00386,-0.00637,-0.00794,-0.05049,-0.00145,-0.02144,-0.00234
851,4084800,2556.5,1598,0.09825,0.5646,0.65,0.29269,-0.01872,0.03825,0.02405,0.01411,0.01536,0.50622,0.19296,0.00044,0.50024,0.46251,0.12043,-0.00412,-0.00685,-0.00844,-0.04526,-0.00171,-0.02476,-0.00119
852,4089600,2558.6,1598,0.09161,0.56386,0.65,0.29263,-0.01653,0.05487,0.0224,0.01407,0.01423,0.50816,0.18258,0.00067,0.49214,0.40124,0.11389,-0.00491,-0.0069,-0.0085,-0.03835,-0.00156,-0.02061,-0.00202
853,4094400,2560.8,1599,0.10958,0.56017,0.65,0.29269,-0.01164,0.0374,0.02043,0.01306,0.01628,0.5085,0.187,0.00044,0.5989,0.45971,0.13119,-0.00472,-0.00673,-0.00838,-0.03079,-0.00133,-0.01907,-0.00215
854,4099200,2563.3,1599,0.1105,0.5581,0.65,0.29222,-0.01297,0.03854,0.02011,0.01204,0.01484,0.50752,0.18429,0.00044,0.57522,0.46852,0.13907,-0.00256,-0.00654,-0.00813,-0.03357,-0.00149,-0.0194,-0.00192
855,4104000,2565.8,1599,0.1133,0.5587,0.7,0.2919,-0.01342,0.03818,0.01761,0.0109,0.01136,0.50354,0.14592,0.00067,0.58209,0.47983,0.15367,-0.00129,-0.00706,-0.00869,-0.03998,-0.00177,-0.01862,-0.00098
856,4108800,2568.2,1600,0.10923,0.55945,0.7,0.29248,-0.01535,0.04716,0.0187,0.01323,0.01646,0.50219,0.20192,0.00044,0.56169,0.4768,0.1315,-0.00328,-0.00741,-0.00892,-0.03946,-0.00142,-0.01631,-0.00094
857,4113600,2570.8,1600,0.10157,0.56015,0.65,0.29387,-0.01495,0.04203,0.02152,0.01313,0.0129,0.5106,0.15433,0.00067,0.53627,0.45867,0.12154,-0.00581,-0.00658,-0.0079,-0.04772,-0.00271,-0.01705,-0.00046
